update,size,early_survival,early_G,early_new_survival,early_old_survival,margin_reserve,early_pass,long_pass,strict_T128,long_survival,long_first_exit
100,32,0.8888888888888888,0.0364963503649635,0.4418604651162791,0.9435146443514645,0.9476190476190476,False,False,0.0022304832713754648,0.9587301587301588,0.03333333333333333
100,64,0.8870172555464256,0.010126446635233604,0.8106060606060606,0.8946217752514211,0.9335016835016835,False,False,0.02795102795102795,0.8884680134680135,0.08543771043771044
105,32,0.8146718146718147,0.037945698397121363,0.5060240963855421,0.8548387096774194,0.9163223140495868,False,False,0.0,0.893595041322314,0.06921487603305786
105,64,0.8853046594982079,0.0035503604981428883,0.1875,0.9192033070274332,0.8677685950413223,False,False,0.002772002772002772,0.892168437622983,0.09248327430145611
110,32,0.8363939899833055,0.07219343696027634,0.4380952380952381,0.8837209302325582,0.7427652733118971,False,False,0.017100371747211896,0.7427652733118971,0.22186495176848875
110,64,0.9708472517461282,0.0020219039595619206,0.5882352941176471,0.9886039886039886,0.9203076923076923,False,False,0.038808038808038806,0.9606153846153846,0.029846153846153845
115,32,0.9864763335837716,0.11332367849384505,0.8898305084745762,0.9983193277310924,0.8962782184258694,False,False,0.11226765799256505,0.862111043319097,0.037827943868212324
115,64,0.9958604376108812,0.018853014224429893,0.9313725490196079,1.0,0.9189989235737352,False,False,0.2420882420882421,0.9402583423035522,0.04198062432723358
120,32,0.9865067466266867,0.12033345415005436,0.8666666666666667,1.0,0.918967587034814,False,False,0.12490706319702602,0.9963985594237695,0.003001200480192077
120,64,0.995560816809707,0.026694508719453693,0.9369369369369369,1.0,0.9054790963386133,False,False,0.32085932085932084,0.9903921059465074,0.00804985717995326
125,32,0.9980417754569191,0.19250292854353768,0.9803921568627451,1.0,0.9708641975308642,False,False,0.2408921933085502,0.997037037037037,0.002962962962962963
125,64,0.9965976750779699,0.0507654658243697,0.9441860465116279,1.0,0.9151391717583164,False,False,0.4991914991914992,0.9945689069925322,0.005431093007467753
130,32,0.9369880277252678,0.24581005586592178,0.9253731343283582,0.9430656934306569,0.9542452830188679,False,False,0.387360594795539,0.8811320754716981,0.052830188679245285
130,64,0.9950535861500412,0.06724325562747008,0.9246861924686193,1.0,0.9559526282983586,False,False,0.6823746823746824,0.9987533762725951,0.001246623727404945
135,32,0.9035139964264444,0.20215410107705054,0.850909090909091,0.9146341463414634,0.9454094292803971,False,False,0.4133828996282528,0.8024813895781637,0.11563275434243177
135,64,0.9908015768725361,0.09668652055745099,0.9125364431486881,0.9991291727140784,0.9506849315068493,False,False,0.82998382998383,0.9954337899543378,0.001095890410958904
140,32,0.9896373056994818,0.2597623089983022,0.991869918699187,0.9892037786774629,0.9764252036005143,True,False,0.4052044609665427,0.8611230175739392,0.022288898414059153
140,64,0.9955131800336512,0.07243896874287017,0.9298245614035088,1.0,0.9596523898199876,False,False,0.7082467082467082,0.9884129939995862,0.005793503000206911
145,32,0.9760348583877996,0.25431989366415597,0.9790940766550522,0.9765777488614183,0.9759595107549557,True,False,0.47137546468401487,0.9194432728806411,0.03374103753690426
145,64,0.9950698438783895,0.08167593282512753,0.9323308270676691,1.0,0.9728132387706856,False,False,0.7978747978747979,0.997832939322301,0.001182033096926714
150,32,0.9494142705005325,0.24966139954853273,0.9257950530035336,0.9540591567023285,0.9820589491670226,False,False,0.48029739776951674,0.9047415634344297,0.049551473729175566
150,64,0.9659921304103429,0.0822690992018244,0.8231046931407943,0.9788926277148975,0.9617977528089887,False,False,0.811965811965812,0.9832482124616956,0.015526046986721144
155,32,0.9210093252879868,0.20440528634361232,0.8021201413427562,0.9444807315480078,0.9636871508379888,False,False,0.42602230483271375,0.8901303538175046,0.08705772811918064
155,64,0.9711015736766809,0.11412827358972902,0.8605898123324397,0.984219001610306,0.9608567208271788,False,False,0.8632478632478633,0.9628877400295421,0.022156573116691284
160,32,0.939454094292804,0.268046198267565,0.8907849829351536,0.9491525423728814,0.9698819698819698,False,False,0.5933085501858736,0.9108669108669109,0.0638990638990639
160,64,0.9750199309061919,0.14969714450533603,0.8541666666666666,0.9906542056074766,0.9543792719758385,False,False,0.8914298914298914,0.9742489270386266,0.02575107296137339
165,32,0.940566037735849,0.26406487582361887,0.9568106312292359,0.9381557150745444,0.9856972586412396,False,False,0.6535315985130111,0.9038537941994438,0.058402860548271755
165,64,0.9968207385668868,0.18496090305132576,0.9751908396946565,1.0,0.9676572218382861,False,False,0.9401709401709402,0.9995853489979267,0.000414651002073255
170,32,0.940771349862259,0.27780678851174934,0.9539877300613497,0.9398047722342733,0.9729102167182663,False,False,0.6966542750929368,0.9102167182662538,0.06811145510835913
170,64,0.985654789449329,0.2142346208869814,0.9496062992125984,0.9918166939443536,0.9800482907612149,True,False,0.917070917070917,0.9712797051721946,0.0285932138772398
175,32,0.9291338582677166,0.2750775594622544,0.9203821656050956,0.9309782608695653,0.9767716535433071,False,False,0.7152416356877324,0.9248031496062992,0.0610236220472441
175,64,0.9885433715220949,0.21253195410498782,0.9599383667180277,0.9939176112800664,0.9828490976577499,True,False,0.9244629244629244,0.969793933188276,0.030078075003199794
180,32,0.4907235621521336,0.061691542288557215,0.40707964601769914,0.5010438413361169,0.8657342657342657,False,False,0.10260223048327137,0.35664335664335667,0.5230769230769231
180,64,0.8167636171337916,0.11653961653961654,0.6523702031602708,0.8701705534284719,0.9234514998052201,False,False,0.382998382998383,0.6906895208414492,0.21328398909232568
185,32,0.8894422310756972,0.21678657074340527,0.7630662020905923,0.913681738109219,0.8686196182867288,False,False,0.5903345724907063,0.9116733244562805,0.06524633821571238
185,64,0.9774611398963731,0.2053602506091194,0.9123630672926447,0.990894819466248,0.8119228680065183,True,False,0.9163779163779163,0.9417436175991309,0.0568984247691472
190,32,0.9752501316482359,0.22561531449407474,0.8347107438016529,0.9993861264579497,0.6986186688991209,True,False,0.5747211895910781,0.9439095856006697,0.05609041439933026
190,64,0.9829615861214375,0.16440962506994963,0.8755760368663594,1.0,0.7298086279597794,False,False,0.7683067683067684,0.9443723645799545,0.05465455724943237
195,32,0.9376634699215345,0.33240689271817675,0.9519774011299436,0.9352667011910927,0.911530094271211,False,False,0.8565055762081785,0.9452501812907904,0.05148658448150834
195,64,0.9897674418604652,0.24913680200023813,0.9464068209500609,1.0,0.8564525633470831,True,False,0.9826749826749827,0.9850324101355333,0.01473187978786093
200,32,0.999603489294211,0.37619350732017826,0.9969604863221885,1.0,0.9903629938965628,True,True,0.9754646840148699,0.9996787664632187,0.00032123353678124
200,64,0.996600566572238,0.2627349237486553,0.985837922895358,1.0,0.9794643802265269,True,True,0.9995379995379995,0.9996824388694824,0.00031756113051762465
300,32,1.0,0.4804177545691906,1.0,1.0,0.978465271458902,True,True,0.9977695167286246,0.9996966939642099,0.00030330603579011223
300,64,0.9996341017197219,0.2981064483111566,0.9985454545454545,1.0,0.882678253999605,True,True,1.0,0.999802488643097,0.00019751135690302193
