seed,bank,size,view,t,targets,available,map_mean_relative,available_map_mean_relative,kernel_trace,kernel_rank,kernel_effective_rank,kernel_condition,kernel_label_alignment
2,bank_primary32,32,instant,0,1662,35,0.015100363501495032,0.7098493986043973,0.00561037647721492,3,1.109480910541053,6419.68059483462,0.0015764581658938293
2,bank_primary32,32,instant,8,1662,101,0.033841206765728785,0.5536261261272513,0.012592363406316111,16,3.7857218295387667,6136.797092325193,0.0018244756131094396
2,bank_primary32,32,instant,64,1662,89,0.026862092585969548,0.5381351163487484,0.009801074690841922,16,4.290794647900936,6734.483634669969,0.0016862820677957236
2,bank_primary32,32,K8,8,1662,294,0.019715771782146452,0.10853963640294065,0.010344403264090555,16,5.265913753342367,1252.0309530194274,0.004663202524070406
2,bank_primary32,32,full_history,8,1662,294,0.019715771782146452,0.10853963640294065,0.010344403264090555,16,5.265913753342367,1252.0309530194274,0.004663202524070406
2,bank_primary32,32,K8,16,1662,291,0.01776852599763034,0.098368406149902,0.00985518196389528,16,5.469021105372168,1109.4163793396153,0.005710503083339748
2,bank_primary32,32,full_history,16,1662,305,0.015200841477034972,0.08209588381504188,0.02604671794639803,16,3.3574549625278247,2438.8972075200622,0.005921931009494973
2,bank_primary32,32,K8,24,1662,290,0.01997559909678147,0.11039366630635639,0.010406030542332037,16,5.414467387589956,1190.9350313735058,0.004703014311512391
2,bank_primary32,32,full_history,24,1662,307,0.015637584289993112,0.08424605052150734,0.05717254404626009,16,3.2677510279862423,2785.3755832571037,0.005855643788183862
2,bank_primary32,32,K8,32,1662,275,0.018013401954651502,0.10458656824949272,0.009939710000272939,16,5.51616508952157,1045.900121134789,0.00462771018529731
2,bank_primary32,32,full_history,32,1662,307,0.014662573969439775,0.07961982331759185,0.09557045953226888,16,2.880785518355647,4276.058743627192,0.005833197503922025
2,bank_primary32,32,K8,40,1662,295,0.019148692584472063,0.10580782036805533,0.010083512551272614,16,5.48841135951958,972.3759866443376,0.004456584553277583
2,bank_primary32,32,full_history,40,1662,307,0.014912032016801191,0.08085765705915657,0.14959470869025498,16,2.916373496335194,4005.672004368944,0.005767341047999538
2,bank_primary32,32,K8,48,1662,280,0.0180619435653458,0.10374170848501446,0.009627832868795753,16,5.696984918489328,1054.070427497131,0.006100904742910377
2,bank_primary32,32,full_history,48,1662,307,0.014604495992157535,0.07915596567295434,0.20920427217097975,16,2.7670720360757692,5316.583888226824,0.0060418140104802264
2,bank_primary32,32,K8,56,1662,297,0.019099957889733392,0.10413803121694763,0.010051691849968993,16,5.43725066004132,1283.5985746766682,0.00422622627515694
2,bank_primary32,32,full_history,56,1662,307,0.014761628567035098,0.08006756133795727,0.2873994177837959,16,2.798119723749683,5126.6639506748315,0.005848150125423981
2,bank_primary32,32,K8,64,1662,269,0.017385648478310735,0.10409164805034629,0.009897059697221707,16,5.324155376149267,1316.314735719235,0.005939904951282877
2,bank_primary32,32,full_history,64,1662,307,0.014469548209269233,0.07867519245152993,0.37242282275313504,16,2.738739916619319,6119.26909987408,0.005993317627763973
2,bank_primary64,64,instant,0,2005,22,0.007654419457671976,0.6933360457140648,0.0030682555906689857,3,1.1020051314807526,8069.364485094748,0.0007757782828136878
2,bank_primary64,64,instant,8,2005,99,0.022031424525995054,0.4293411421867919,0.005850581889886668,16,6.109302969851275,4073.5564007845546,0.0012065398147409253
2,bank_primary64,64,instant,64,2005,76,0.016225690689365583,0.4176897653576881,0.004180156663180259,16,5.452746887579983,4841.0145787520105,0.0012539775441012125
2,bank_primary64,64,K8,8,2005,323,0.011800794848885769,0.07175185905277809,0.005679829423455687,16,5.875718766712795,1941.025640217786,0.0020349676485324386
2,bank_primary64,64,full_history,8,2005,323,0.011800794848885769,0.07175185905277809,0.005679829423455687,16,5.875718766712795,1941.025640217786,0.0020349676485324386
2,bank_primary64,64,K8,16,2005,273,0.013845835339383578,0.10105449092442556,0.006447602083470519,16,4.686734798501427,3385.5880596376296,0.0033540702871879585
2,bank_primary64,64,full_history,16,2005,369,0.010365330397769434,0.05580669203294358,0.0132245153217802,16,4.598592185991241,3446.8440669614038,0.003761190526423578
2,bank_primary64,64,K8,24,2005,319,0.012960387888849872,0.08033214400621505,0.006023206342165797,16,5.88691021317111,1802.273210882659,0.0028717269708715566
2,bank_primary64,64,full_history,24,2005,371,0.009106907311437023,0.04881719764131407,0.023353965927282703,16,3.2036542660291363,4149.359182208045,0.004214254500233524
2,bank_primary64,64,K8,32,2005,251,0.009590367725179783,0.07464731351130766,0.005259399082321188,16,5.193708175421853,1833.8609394065006,0.0036242374404616283
2,bank_primary64,64,full_history,32,2005,371,0.007789051221005537,0.04158710616230247,0.036847278936246966,16,2.8118957495859735,7084.62015974705,0.004448719028354236
2,bank_primary64,64,K8,40,2005,320,0.012305452311824684,0.07557636035321703,0.005975370226703401,16,6.025038607391396,1255.3060364873315,0.002704089547949363
2,bank_primary64,64,full_history,40,2005,371,0.008056255418229566,0.04299380244322894,0.059382597490984526,16,2.9838483291399913,5598.588237887741,0.004380162278679953
2,bank_primary64,64,K8,48,2005,283,0.013766722911489775,0.0976320800523278,0.006338047051621436,16,5.082801977670007,2700.438241323381,0.0030085795715595978
2,bank_primary64,64,full_history,48,2005,371,0.008265019068068532,0.04429228051213839,0.08511996481019914,16,2.7905733196834963,8233.363805193914,0.00450569298262911
2,bank_primary64,64,K8,56,2005,297,0.011487997833965185,0.07559466759575192,0.005127707927258612,16,6.197625489248409,1562.6284085608643,0.0028743030078367524
2,bank_primary64,64,full_history,56,2005,371,0.007904498097904649,0.04230457087790879,0.10876764743832706,16,2.5864496489626823,8852.562210560855,0.004559011821089558
2,bank_primary64,64,K8,64,2005,289,0.011165999037637965,0.07589732847087663,0.005633448668857548,16,5.592538463327052,2279.519754657772,0.0022683313394825442
2,bank_primary64,64,full_history,64,2005,371,0.007682553897237555,0.041031160176885906,0.14098415538878148,16,2.591709155577962,10408.625261241477,0.004295635802190297
2,bank_confirmation32,32,instant,0,801,20,0.01875145923067878,0.7592178929802894,0.010856923721888853,4,1.0810524085491897,569997.6839041811,0.0009303258825436129
2,bank_confirmation32,32,instant,8,801,62,0.037532351549857734,0.4891417580647902,0.010279955928487964,16,4.834844219119283,8420.353457175377,0.0022536460521426524
2,bank_confirmation32,32,instant,64,801,60,0.0347594542324173,0.4711269050435376,0.011265729027894349,16,4.818768700662476,6980.368180411284,0.0018912818957603048
2,bank_confirmation32,32,K8,8,801,151,0.023264453471195497,0.12292508998743171,0.016580993271948646,16,4.230208778279843,3043.152805510292,0.005875863599156615
2,bank_confirmation32,32,full_history,8,801,151,0.023264453471195497,0.12292508998743171,0.016580993271948646,16,4.230208778279843,3043.152805510292,0.005875863599156615
2,bank_confirmation32,32,K8,16,801,147,0.019850588052728494,0.10557641985711769,0.014900047671725373,16,4.706126637439016,2212.5416406478244,0.006060205711717069
2,bank_confirmation32,32,full_history,16,801,160,0.018046194811422635,0.08976876846448077,0.045808824290294335,16,2.994481770996481,4948.536360605717,0.006728967443479497
2,bank_confirmation32,32,K8,24,801,148,0.023943253317566617,0.1290130088946608,0.017090371134596105,16,4.313672977248087,2827.146626148085,0.006454883118204653
2,bank_confirmation32,32,full_history,24,801,160,0.01888500244313701,0.09470344982177399,0.10299697480169336,16,2.775960636408878,7682.524918268226,0.00694380851317049
2,bank_confirmation32,32,K8,32,801,140,0.020799814370551437,0.1168666167818748,0.015765386959770682,16,4.623596733834403,1731.6995989094016,0.005499187568558354
2,bank_confirmation32,32,full_history,32,801,160,0.018028668332171066,0.09008519054413779,0.17658350534468578,16,2.625462574251187,10170.454288206052,0.006729291520852705
2,bank_confirmation32,32,K8,40,801,149,0.02225875134392046,0.11932542084078811,0.01584235872958117,16,4.622207070691496,1947.5788157654713,0.006984506531081897
2,bank_confirmation32,32,full_history,40,801,160,0.018104042763389238,0.09096397891404778,0.27414348607431543,16,2.621503675254255,11307.338485646824,0.006989544584142732
2,bank_confirmation32,32,K8,48,801,144,0.0203547346790003,0.11424551764848193,0.015848938073516484,16,4.294720379899939,3351.5191956799786,0.007310865748342206
2,bank_confirmation32,32,full_history,48,801,160,0.017602062560163976,0.08876848994954886,0.392674951922144,16,2.5169969786876925,13141.260218863448,0.007179989425411582
2,bank_confirmation32,32,K8,56,801,152,0.022093454429558047,0.11494261681857201,0.01571428249219844,16,4.813831601551616,2556.9753396274427,0.00558685242165946
2,bank_confirmation32,32,full_history,56,801,160,0.01781738859148263,0.0896719950236749,0.5347118707701527,16,2.5431266314068615,16771.4488339595,0.007007778594706181
2,bank_confirmation32,32,K8,64,801,151,0.020488449668743594,0.10856079322055359,0.015653124779075926,16,4.702858251113896,2453.6149454382776,0.006444601342487922
2,bank_confirmation32,32,full_history,64,801,160,0.01761821160140322,0.08874621363885588,0.6946041224851172,16,2.533392485039183,14493.18573599933,0.007060871814483308
2,bank_confirmation64,64,instant,0,1024,15,0.010174496691174243,0.7202792813918955,0.0038570294688734905,3,1.1081828077425997,6665.841304303967,0.0012457919708123424
2,bank_confirmation64,64,instant,8,1024,57,0.0250677213059029,0.4603817435932957,0.006903146933704458,16,5.667255725369399,7516.884037941922,0.0008519861253883316
2,bank_confirmation64,64,instant,64,1024,37,0.01783930152787666,0.5203495112363521,0.006044185923068109,16,4.302594872553785,40044.52905101836,0.002407871431177566
2,bank_confirmation64,64,K8,8,1024,168,0.012338524554869924,0.0750367582518503,0.006953957396204207,16,5.380588519708645,2157.3635414049622,0.0031644151331938803
2,bank_confirmation64,64,full_history,8,1024,168,0.012338524554869924,0.0750367582518503,0.006953957396204207,16,5.380588519708645,2157.3635414049622,0.0031644151331938803
2,bank_confirmation64,64,K8,16,1024,147,0.013654443964312406,0.09447094604586972,0.006250284604608793,16,4.663028579923288,3995.7384741222936,0.003635222763606678
2,bank_confirmation64,64,full_history,16,1024,200,0.010660228073452963,0.05454377307859304,0.015504356655183993,16,3.888010220162678,4494.7352065688865,0.0038110524038431647
2,bank_confirmation64,64,K8,24,1024,160,0.012372566647765728,0.07885388587377903,0.005945216391576739,16,5.569996525045312,1305.126843834043,0.002766432523633516
2,bank_confirmation64,64,full_history,24,1024,204,0.009700594214517733,0.04901981596004662,0.028174205279427707,16,2.9908509072102367,5588.310144382755,0.0037101621939607545
2,bank_confirmation64,64,K8,32,1024,133,0.010535239445843492,0.08126833472688433,0.006235362060058458,16,5.030316491150034,2952.151364075904,0.003304685994506982
2,bank_confirmation64,64,full_history,32,1024,204,0.008329707420520936,0.04205908574472481,0.044137323732825785,16,2.498014320873876,7243.925600434934,0.0035904520259443045
2,bank_confirmation64,64,K8,40,1024,160,0.012392415341480716,0.07941420321050853,0.006506175666422354,16,5.787601086132728,1076.6551464487918,0.0030523050064630635
2,bank_confirmation64,64,full_history,40,1024,204,0.008575145710974626,0.043369449584213474,0.07153485018787517,16,2.68024970718431,5989.708745087424,0.00370714157209994
2,bank_confirmation64,64,K8,48,1024,147,0.013227569984295475,0.0914356100639246,0.006286663778586069,16,4.571024043700911,3088.5049579045835,0.0030829669735636576
2,bank_confirmation64,64,full_history,48,1024,204,0.008686967814695494,0.043928633645307774,0.0997656020302733,16,2.5622893885480504,9306.272271653337,0.003732998162262939
2,bank_confirmation64,64,K8,56,1024,164,0.012515926454415889,0.07775681181282379,0.006124314268322089,16,5.875576773910086,2017.0320964035336,0.0027954671879243343
2,bank_confirmation64,64,full_history,56,1024,204,0.00843927476182995,0.04275390104564155,0.13061452708857071,16,2.398680497404706,9983.820834848479,0.0037898509183232018
2,bank_confirmation64,64,K8,64,1024,152,0.011547944874737145,0.07758752231225571,0.006434437358371397,16,5.371949702045944,3277.668562032002,0.0026034212845926765
2,bank_confirmation64,64,full_history,64,1024,204,0.008203733505462305,0.041542827077800965,0.1691280318227842,16,2.3510188690805256,12742.187520563995,0.0037088983949715424
3,bank_primary32,32,instant,0,1662,35,0.01162738708572661,0.551442690148864,0.0043922691001229775,3,1.3683451912735538,373.93963459758817,0.0038282381642189673
3,bank_primary32,32,instant,8,1662,101,0.029086275291537865,0.4701009065155342,0.010837844040011691,16,4.712123921415102,3397.9620371555166,0.0020925688705439494
3,bank_primary32,32,instant,64,1662,89,0.02318749887854542,0.45227196188819513,0.007478538374915361,16,5.869310752571172,1009.9564553123516,0.0022419156960044677
3,bank_primary32,32,K8,8,1662,294,0.022134477737165037,0.12162908172132586,0.013137182292606454,16,5.786221650585091,789.4787610187717,0.014199306019455812
3,bank_primary32,32,full_history,8,1662,294,0.022134477737165037,0.12162908172132586,0.013137182292606454,16,5.786221650585091,789.4787610187717,0.014199306019455812
3,bank_primary32,32,K8,16,1662,291,0.01984698297960047,0.11063702233371532,0.012628114053831092,16,5.576430798655525,587.1896984884017,0.0136744581025281
3,bank_primary32,32,full_history,16,1662,305,0.018706479048483708,0.10151074338552671,0.03505552673796672,16,3.864349601039728,1324.1329060916098,0.016639106847043048
3,bank_primary32,32,K8,24,1662,290,0.021834595059871433,0.12066243644963012,0.013051771462731265,16,5.820710504415844,878.2634101754758,0.01581611108945373
3,bank_primary32,32,full_history,24,1662,307,0.01944363721104501,0.10481639160974757,0.07785248144625649,16,3.8024673928915016,2247.0930876315065,0.017504490565928656
3,bank_primary32,32,K8,32,1662,275,0.01985308361916418,0.11530722858879268,0.011966155509385406,16,5.841681413458861,763.6383860901972,0.013021135495144503
3,bank_primary32,32,full_history,32,1662,307,0.018566440863679656,0.10052847128428222,0.12995260253503574,16,3.3817776363151713,3100.6184015126064,0.017066832728531482
3,bank_primary32,32,K8,40,1662,295,0.021192807329585717,0.11702933394680001,0.012896635774109287,16,5.821539565828335,723.4488197024955,0.0142367024363889
3,bank_primary32,32,full_history,40,1662,307,0.0186105845442725,0.1007210227615557,0.20571374026623088,16,3.445191352414416,3144.8770012730693,0.01706413123884917
3,bank_primary32,32,K8,48,1662,280,0.02064998176287492,0.11838678964057753,0.012574583800643208,16,5.692485200672106,688.2913197818428,0.013585036394618463
3,bank_primary32,32,full_history,48,1662,307,0.018413493837411705,0.09978835934513638,0.2895620945701768,16,3.2694901005708545,3044.6972991730677,0.017077920183476994
3,bank_primary32,32,K8,56,1662,297,0.02182587884803747,0.11874271122680542,0.013169366529756766,16,5.742740257076773,719.8403599830298,0.013923866516425285
3,bank_primary32,32,full_history,56,1662,307,0.0185843413367175,0.10055484085687198,0.397578944457098,16,3.307787282309288,3240.3753787258293,0.017086958341137524
3,bank_primary32,32,K8,64,1662,269,0.019540975287545146,0.11717819280180189,0.012332406334655729,16,5.662200451115787,655.9025485978439,0.013740560986469209
3,bank_primary32,32,full_history,64,1662,307,0.018335658647020685,0.0994322528650238,0.5138033279016229,16,3.227652865703267,3710.1438970671857,0.017006127538592906
3,bank_primary64,64,instant,0,2005,22,0.005868345421165179,0.5296150829152688,0.0023240209296733916,3,1.3479436341643898,437.4479916285179,0.0019678184917746914
3,bank_primary64,64,instant,8,2005,99,0.02435838220980237,0.47196974911706413,0.00629807954148686,16,6.397914708037698,3962.2938790136645,0.0021678911744729217
3,bank_primary64,64,instant,64,2005,76,0.016373948637453777,0.4208697245498342,0.004437127722635079,16,5.782635366359501,3325.422720098675,0.0021980904362304235
3,bank_primary64,64,K8,8,2005,323,0.013831184873733733,0.08340148561258842,0.006581312797222038,16,6.0310412115347205,1207.389705650743,0.007272474711394573
3,bank_primary64,64,full_history,8,2005,323,0.013831184873733733,0.08340148561258842,0.006581312797222038,16,6.0310412115347205,1207.389705650743,0.007272474711394573
3,bank_primary64,64,K8,16,2005,273,0.012381344019287555,0.08994803442334529,0.006952252803615347,16,5.580987915125189,1435.8680122180365,0.007220537245586972
3,bank_primary64,64,full_history,16,2005,369,0.012363359665204635,0.06568709363493506,0.017077495567799097,16,4.808340215543876,2373.342623881065,0.009371467238432487
3,bank_primary64,64,K8,24,2005,319,0.014196327953459624,0.08743435964739771,0.0072037587937410046,16,6.177786903484972,934.4710778870227,0.009506173827410171
3,bank_primary64,64,full_history,24,2005,371,0.010788274993260367,0.057513726713830426,0.03122106345212617,16,3.545172316870912,3565.4964461323966,0.011272271526798116
3,bank_primary64,64,K8,32,2005,251,0.009886320984970375,0.07577819581868941,0.006073745478196896,16,5.394277153147715,1459.8180818825408,0.0072562817656868246
3,bank_primary64,64,full_history,32,2005,371,0.009902139526131103,0.052701907707959135,0.050874417157682865,16,3.099966706907162,5008.084877288471,0.010905525858845858
3,bank_primary64,64,K8,40,2005,320,0.01398052436840477,0.08458266336065096,0.006802528340331159,16,6.401829307415668,1100.888700808137,0.008594872400292101
3,bank_primary64,64,full_history,40,2005,371,0.010246274404045021,0.05436210510967765,0.08077513991165554,16,3.2880149787938495,4362.4243802261635,0.01115483526033045
3,bank_primary64,64,K8,48,2005,283,0.012770102606827677,0.08922732037837788,0.007114540307311844,16,5.724642854958361,1472.5498854167258,0.007828319667210993
3,bank_primary64,64,full_history,48,2005,371,0.01038243675192111,0.05534099142365259,0.11636283172294878,16,3.1304281562214054,5345.744144431422,0.011144381365524456
3,bank_primary64,64,K8,56,2005,297,0.012553362361450104,0.0823130125999981,0.006281482176362455,16,6.3874300222672495,1235.3573107504094,0.008092480057644751
3,bank_primary64,64,full_history,56,2005,371,0.010037819432065128,0.053500136906220436,0.15204304917873374,16,2.937719202613381,6563.196457409628,0.011338493666811578
3,bank_primary64,64,K8,64,2005,289,0.012426841463282216,0.08283999001160008,0.006565360363841753,16,5.578179486997615,1545.166679298005,0.007058507436763079
3,bank_primary64,64,full_history,64,2005,371,0.009913905032607799,0.05274429998350666,0.19875980039940122,16,2.875589965055296,7159.803629696349,0.011011845797747515
3,bank_confirmation32,32,instant,0,801,20,0.014926877462554288,0.6116123347130424,0.007959742025527551,4,1.3245932565454888,106870.94835809531,0.0020325002534472224
3,bank_confirmation32,32,instant,8,801,62,0.03221889581705155,0.41162861827516234,0.010031118049363458,16,5.565767056078083,5793.271969929193,0.0035015673546340245
3,bank_confirmation32,32,instant,64,801,60,0.032129579127833,0.4318559673117657,0.009570165473010886,16,6.225633103426906,1628.5017012489343,0.003057523275749436
3,bank_confirmation32,32,K8,8,801,151,0.025750987932693113,0.13609847410915696,0.023114761109354173,16,4.068393986389905,3151.5505007107076,0.013337018019153556
3,bank_confirmation32,32,full_history,8,801,151,0.025750987932693113,0.13609847410915696,0.023114761109354173,16,4.068393986389905,3151.5505007107076,0.013337018019153556
3,bank_confirmation32,32,K8,16,801,147,0.021660231784268322,0.11542728176364342,0.021989371081238128,16,3.6958005766635207,1817.162392301742,0.013745484680064573
3,bank_confirmation32,32,full_history,16,801,160,0.022299737522830584,0.1113825336006693,0.07377602161059679,16,2.6520765505337875,3812.6686193728274,0.014017419512176022
3,bank_confirmation32,32,K8,24,801,148,0.024743962406968606,0.13210466133295462,0.024625364929578623,16,3.8454733751551053,1600.349306312611,0.013412559410023806
3,bank_confirmation32,32,full_history,24,801,160,0.023142003648057012,0.11588941673666645,0.1689663377120365,16,2.5711600885810033,7436.903382531484,0.013935557712180352
3,bank_confirmation32,32,K8,32,801,140,0.023127022539512793,0.12952582676077756,0.022672366604848178,16,3.8299058949333435,1669.2099728971777,0.013315254409440388
3,bank_confirmation32,32,full_history,32,801,160,0.022522678246829443,0.11277894531002133,0.29342372688206453,16,2.404022465113204,8175.250868478262,0.01390214709797047
3,bank_confirmation32,32,K8,40,801,149,0.024475401683644357,0.13058529801042884,0.022847024593747843,16,4.043967988517678,2026.8152689779513,0.013982268172462092
3,bank_confirmation32,32,full_history,40,801,160,0.022472555838598536,0.112984025146114,0.45673833342056575,16,2.4295699566522355,10855.890544283575,0.014063073525898404
3,bank_confirmation32,32,K8,48,801,144,0.023628869902435536,0.13163389258410663,0.024602942953160133,16,3.4233374709162767,4063.2302179469757,0.012865034096152857
3,bank_confirmation32,32,full_history,48,801,160,0.022000044644197532,0.11075268969361718,0.6616441749848122,16,2.3194581216486805,12449.421840890302,0.013982211309728463
3,bank_confirmation32,32,K8,56,801,152,0.024349961737798034,0.12759416162238452,0.022504972242135605,16,3.990986662448123,2634.258443946252,0.013488185349567253
3,bank_confirmation32,32,full_history,56,801,160,0.022193201387003578,0.1115910192456254,0.897766857597349,16,2.3473371703870294,14732.200862881851,0.01399868222633941
3,bank_confirmation32,32,K8,64,801,151,0.02369212065102612,0.12637894176128514,0.022272861432960492,16,3.9278318775823173,1740.9053499159095,0.01280217168760164
3,bank_confirmation32,32,full_history,64,801,160,0.022188191972068283,0.11169804933732128,1.1640783228756073,16,2.3370389407435708,10935.144569299408,0.013931756609461794
3,bank_confirmation64,64,instant,0,1024,15,0.007820001361841399,0.556248178826382,0.002996470447522261,3,1.3632797223988913,379.174612571475,0.0028861684182569743
3,bank_confirmation64,64,instant,8,1024,57,0.027804448405369254,0.5098902461020437,0.0077173173311484945,16,6.153797171860297,6487.087432108577,0.0024414510361281173
3,bank_confirmation64,64,instant,64,1024,37,0.017998475054814903,0.5196507234111112,0.005706700736805251,16,5.145463244523069,14223.350583029145,0.001874897263228015
3,bank_confirmation64,64,K8,8,1024,168,0.015160043013233458,0.0919987674803442,0.008068019616633204,16,5.564473120301131,1423.8529074093751,0.00966089106462441
3,bank_confirmation64,64,full_history,8,1024,168,0.015160043013233458,0.0919987674803442,0.008068019616633204,16,5.564473120301131,1423.8529074093751,0.00966089106462441
3,bank_confirmation64,64,K8,16,1024,147,0.01243170139078548,0.08634440915484023,0.006914483692003423,16,5.222728091596661,2038.881693700073,0.008483483621152468
3,bank_confirmation64,64,full_history,16,1024,200,0.012836961221725382,0.0657287237562249,0.01946183347259311,16,4.2941755379247,2726.8732727325114,0.011235918657048377
3,bank_confirmation64,64,K8,24,1024,160,0.013634084965654245,0.08680547997522588,0.0072461004741616744,16,5.822354958691406,1306.5104863442086,0.011474113343908063
3,bank_confirmation64,64,full_history,24,1024,204,0.011346460638575417,0.057408300883811256,0.03607102050433424,16,3.4298531816246074,4106.053521759806,0.012961330773475612
3,bank_confirmation64,64,K8,32,1024,133,0.010778003378913999,0.08254115495663483,0.007200478469802786,16,5.1824708569494025,1993.317897580907,0.007316872580992116
3,bank_confirmation64,64,full_history,32,1024,204,0.010203806732159138,0.051633584158825845,0.05845391225924319,16,2.820274054368054,6307.940059422976,0.012229796321233556
3,bank_confirmation64,64,K8,40,1024,160,0.014715513753431338,0.09364078455827907,0.007850565581988544,16,5.9211229809122266,1700.9178406206322,0.009469638759021995
3,bank_confirmation64,64,full_history,40,1024,204,0.01061707578507468,0.05372922732051086,0.09400633320206028,16,2.983757196258485,6091.0521050480875,0.012359913909217566
3,bank_confirmation64,64,K8,48,1024,147,0.012913827272338252,0.08949643018598064,0.006847617025627519,16,5.322013591297687,1689.3854217526393,0.009533350049259324
3,bank_confirmation64,64,full_history,48,1024,204,0.010737856549307812,0.05436401391490986,0.13225719482983314,16,2.8640355215260187,8110.69828053452,0.012322917200266636
3,bank_confirmation64,64,K8,56,1024,164,0.01429610160671959,0.08891155270389196,0.007938734117916376,16,5.759278479567701,1187.3131232999197,0.010954749540628701
3,bank_confirmation64,64,full_history,56,1024,204,0.010557867366413565,0.053533329892023605,0.1774030192819625,16,2.697538986395291,9841.573782193385,0.012716599254846701
3,bank_confirmation64,64,K8,64,1024,152,0.013042119941203575,0.08673731301055541,0.0077086161083626875,16,5.703922699219008,2029.3034419284352,0.00907154272790159
3,bank_confirmation64,64,full_history,64,1024,204,0.010379832996593138,0.052588039516933735,0.2306363662523006,16,2.6352603106285812,11777.88747477607,0.012694185437156218
4,bank_primary32,32,instant,0,1662,35,0.021088662190853025,0.9893597380488657,0.008210169441641482,3,1.066351214180162,2537.614700756687,0.001825076324608373
4,bank_primary32,32,instant,8,1662,101,0.035217261936323685,0.5528572507052703,0.010652955156045934,16,4.447584588894013,1793.9392081860601,0.0008721071396162806
4,bank_primary32,32,instant,64,1662,89,0.03052694856427811,0.6237013378560852,0.009445533191381765,16,4.561753428527228,3113.1949874694096,0.001216342750730359
4,bank_primary32,32,K8,8,1662,294,0.024489195210363995,0.13381710803004834,0.01023605941503234,16,6.0159500534594645,457.1036373685336,0.0039239407061396085
4,bank_primary32,32,full_history,8,1662,294,0.024489195210363995,0.13381710803004834,0.01023605941503234,16,6.0159500534594645,457.1036373685336,0.0039239407061396085
4,bank_primary32,32,K8,16,1662,291,0.022506021962386734,0.12602448673075617,0.009870997361319854,16,6.051649064404563,404.97668454535136,0.00461087836712669
4,bank_primary32,32,full_history,16,1662,305,0.021262381900084996,0.1143762618173984,0.026192665854190524,16,4.225947280608295,794.667000943621,0.005062593392744657
4,bank_primary32,32,K8,24,1662,290,0.02433435711028616,0.13438483118481467,0.009973275105008728,16,6.166848833607771,432.03426624150757,0.0034742135837633405
4,bank_primary32,32,full_history,24,1662,307,0.021860873721170102,0.11759545038861564,0.057597234107477545,16,4.027795773194327,976.5409120441242,0.004777481216282062
4,bank_primary32,32,K8,32,1662,275,0.023044737012389283,0.13520519171940948,0.010052968785947863,16,6.117275799250484,405.2727751195735,0.005470683192706902
4,bank_primary32,32,full_history,32,1662,307,0.02109183209500113,0.11387888875570952,0.09734682873019433,16,3.640653034852822,1871.5462565956834,0.005222744655295448
4,bank_primary32,32,K8,40,1662,295,0.024200081754726658,0.13314139601148828,0.009980171200063297,16,6.119273911630313,384.6572941115619,0.003228828844437895
4,bank_primary32,32,full_history,40,1662,307,0.021071712309518924,0.11345026359329903,0.15126093751821124,16,3.644255326952069,1676.4602412469658,0.004997136050959511
4,bank_primary32,32,K8,48,1662,280,0.022853391693670858,0.13185466855958675,0.010037427689740478,16,6.13897156116427,412.96364024721123,0.004523381833544292
4,bank_primary32,32,full_history,48,1662,307,0.020897027468376055,0.11274869316219073,0.21378851066885884,16,3.5049758893087124,2134.4931846939076,0.005193494494061237
4,bank_primary32,32,K8,56,1662,297,0.02371995816121975,0.12985570355361803,0.00989655510100399,16,6.106616925818797,404.9222113569553,0.003711372476086927
4,bank_primary32,32,full_history,56,1662,307,0.020980990346595393,0.113129020897873,0.29168391416827993,16,3.5197781350666917,2367.8167448747763,0.0051107799653270876
4,bank_primary32,32,K8,64,1662,269,0.02306019562726836,0.13802933263792935,0.010093621300210612,16,6.013643120907557,455.7632164962915,0.004695230960770214
4,bank_primary32,32,full_history,64,1662,307,0.020871168628304494,0.11276446281919811,0.37914398186646536,16,3.4553960487399014,2553.8576467482962,0.005201351317013892
4,bank_primary64,64,instant,0,2005,22,0.010652671495511166,0.9644118404267755,0.004427265223605703,3,1.0634653263795673,3174.010211898844,0.0009375423673594899
4,bank_primary64,64,instant,8,2005,99,0.029378277503216133,0.5686562943672091,0.008303520589310187,16,5.070045929388521,3872.7789730019344,0.003650339345962158
4,bank_primary64,64,instant,64,2005,76,0.020858995463131046,0.5313189112128452,0.005963257150372424,16,4.3601071518845345,6858.2525811143505,0.001210197577570705
4,bank_primary64,64,K8,8,2005,323,0.017514254183213892,0.10589221957312538,0.006424172354416124,16,5.945451276938547,1144.0364500726691,0.002536927777929148
4,bank_primary64,64,full_history,8,2005,323,0.017514254183213892,0.10589221957312538,0.006424172354416124,16,5.945451276938547,1144.0364500726691,0.002536927777929148
4,bank_primary64,64,K8,16,2005,273,0.013692291232239539,0.09900839277708176,0.0052244060809479255,16,6.073003844527758,973.0077189133549,0.003753760799542485
4,bank_primary64,64,full_history,16,2005,369,0.013744862972086491,0.07359997444636654,0.013314447826228737,16,5.478063007565204,933.8221964764708,0.004298289923809165
4,bank_primary64,64,K8,24,2005,319,0.016163405399715385,0.10035986086217877,0.005938028144145671,16,6.382929588878393,731.7340362145753,0.002502665009044307
4,bank_primary64,64,full_history,24,2005,371,0.012194475736559716,0.06494809512674404,0.023051730714729594,16,3.9799620421566533,1675.302919799064,0.0045703489148087115
4,bank_primary64,64,K8,32,2005,251,0.013568220878257537,0.10627951412279882,0.005690632951756286,16,5.0955826684585075,1356.5813920003088,0.003004940259032917
4,bank_primary64,64,full_history,32,2005,371,0.011710106713138931,0.06249708538979801,0.037707148682655886,16,3.577245018783303,2529.6766201394794,0.0038069018871371126
4,bank_primary64,64,K8,40,2005,320,0.01647095621811008,0.10045852882199321,0.006174038658495902,16,6.373999178064151,635.9191536883925,0.003841713750946218
4,bank_primary64,64,full_history,40,2005,371,0.012113030492021622,0.06448295137483911,0.060839504154652724,16,3.850215482826999,1963.4213295978002,0.004031275673423611
4,bank_primary64,64,K8,48,2005,283,0.014709434675282167,0.10182532675057693,0.005646608259965645,16,6.120572737495537,863.0227515127915,0.003518193438702539
4,bank_primary64,64,full_history,48,2005,371,0.011883664980416063,0.06333243393087488,0.08421710129081166,16,3.612162860592437,2082.849806190434,0.004310573965456317
4,bank_primary64,64,K8,56,2005,297,0.015530975076341456,0.10290899287775644,0.005473827487069801,16,6.42858272710871,813.7776934961804,0.00258418879518291
4,bank_primary64,64,full_history,56,2005,371,0.011681369573396118,0.06230537630807576,0.11026213980255127,16,3.361074546099851,3865.1271201220575,0.004154277889572149
4,bank_primary64,64,K8,64,2005,289,0.015443303602626711,0.10558155762464244,0.006162574929446435,16,5.746224618440937,1270.0221429738933,0.0021412362678266683
4,bank_primary64,64,full_history,64,2005,371,0.01174290151931092,0.06266724801012466,0.14597439039857088,16,3.3657541201620935,3258.9449746714613,0.004063947548362964
4,bank_confirmation32,32,instant,0,801,20,0.026010503544837863,1.0565956895710609,0.015336132294380056,4,1.0553807123841124,92379.45550248415,0.0005264922621935631
4,bank_confirmation32,32,instant,8,801,62,0.04010171107370264,0.5122926477934525,0.009915651806994153,16,4.990476479627404,6883.4515727756425,0.003529307232855241
4,bank_confirmation32,32,instant,64,801,60,0.038601532613594294,0.5093004834687876,0.011559904087393059,16,5.046323153984145,3694.7265215416996,0.002137895394717464
4,bank_confirmation32,32,K8,8,801,151,0.02790133895896639,0.14732449380178342,0.017304428711723156,16,4.794616817025537,1281.0329007794082,0.0059971785230479545
4,bank_confirmation32,32,full_history,8,801,151,0.02790133895896639,0.14732449380178342,0.017304428711723156,16,4.794616817025537,1281.0329007794082,0.0059971785230479545
4,bank_confirmation32,32,K8,16,801,147,0.02667216043084993,0.14192672943792303,0.018039371805134843,16,4.3589995106166315,1766.1487576168904,0.0034864715187363387
4,bank_confirmation32,32,full_history,16,801,160,0.024985003835628093,0.12468345331636785,0.05396993776061679,16,3.241897030425422,4260.515113306408,0.0048305226735949796
4,bank_confirmation32,32,K8,24,801,148,0.024792348567225606,0.13244064431929625,0.017060859614772942,16,4.5316214457470005,1212.8809901776938,0.005642716694377723
4,bank_confirmation32,32,full_history,24,801,160,0.024405560500542284,0.12236291355331233,0.11668928764047475,16,3.0541014391019057,3548.3764146522835,0.0052559191177979836
4,bank_confirmation32,32,K8,32,801,140,0.02794910769191802,0.1576651126798689,0.018033039597066838,16,4.54262049123529,1630.308329415168,0.0033375091067675547
4,bank_confirmation32,32,full_history,32,801,160,0.024369528725598815,0.12281928756296848,0.20594970653891342,16,2.875687238059161,6496.017170701311,0.0047511308732209
4,bank_confirmation32,32,K8,40,801,149,0.026080247165404354,0.13820482784147298,0.017111990968339506,16,4.653745060012173,1367.4084885033906,0.0052601369489738235
4,bank_confirmation32,32,full_history,40,801,160,0.02411453915018729,0.1215894363221489,0.3222225505617993,16,2.8670043867083446,6072.112366892091,0.004915239962220928
4,bank_confirmation32,32,K8,48,801,144,0.02649904312404785,0.1498686194189237,0.01788252420749143,16,4.205873304837454,2263.6453584855517,0.0030109768685683907
4,bank_confirmation32,32,full_history,48,801,160,0.0239280331549115,0.12038631957363115,0.46060812322422395,16,2.738930495937649,11362.922546426482,0.004581028135291233
4,bank_confirmation32,32,K8,56,801,152,0.026861694360674433,0.14043901658844138,0.0174184969983654,16,4.795611055548187,1486.6024291466108,0.005247708140643021
4,bank_confirmation32,32,full_history,56,801,160,0.024027595437196077,0.12065289885785037,0.6251234856540033,16,2.7645932582682633,8530.890361208647,0.004715541570360217
4,bank_confirmation32,32,K8,64,801,151,0.027256530313286245,0.14389671710637925,0.017683419272685887,16,4.651289185159724,1285.6652004865557,0.003784189301206925
4,bank_confirmation32,32,full_history,64,801,160,0.02410625858874578,0.12129469283148013,0.8157589347810572,16,2.76141927829169,8998.051940752217,0.004612853830158597
4,bank_confirmation64,64,instant,0,1024,15,0.014183995326638088,0.9981594590570091,0.005626575861022917,3,1.0660125173230068,2634.4665068704167,0.001463561825074342
4,bank_confirmation64,64,instant,8,1024,57,0.03319568312294408,0.603758455064743,0.009083656953750303,16,5.196261748340155,6149.216946774741,0.004314382327891285
4,bank_confirmation64,64,instant,64,1024,37,0.02367948111921258,0.6817339829484992,0.00627429751159567,16,4.385623470039167,29590.171599240362,0.0018832692605235675
4,bank_confirmation64,64,K8,8,1024,168,0.0186084787410924,0.1133909964477223,0.006990497721936306,16,5.877686507882651,1140.8418061585937,0.005922638840643915
4,bank_confirmation64,64,full_history,8,1024,168,0.0186084787410924,0.1133909964477223,0.006990497721936306,16,5.877686507882651,1140.8418061585937,0.005922638840643915
4,bank_confirmation64,64,K8,16,1024,147,0.01356867245133197,0.09452841858763861,0.0049662142554941875,16,6.3663308744889004,1198.70812927882,0.004661981409959487
4,bank_confirmation64,64,full_history,16,1024,200,0.014278503280429867,0.07351073497828581,0.0142045347084693,16,5.24401613386948,1445.9504531025075,0.005043060712468212
4,bank_confirmation64,64,K8,24,1024,160,0.014752365007512766,0.09401178356470585,0.0054402197297267665,16,6.327022479213997,395.2424305634665,0.003286779766320744
4,bank_confirmation64,64,full_history,24,1024,204,0.012144593963904606,0.06160545770665017,0.0242167950470877,16,4.000627688362891,1492.524369369415,0.004979565744327819
4,bank_confirmation64,64,K8,32,1024,133,0.014012451910836618,0.10787376805880206,0.006048740400021729,16,5.415997539875937,1735.189859900946,0.00304431462644425
4,bank_confirmation64,64,full_history,32,1024,204,0.011658513309073417,0.05903478421269509,0.039397584281253915,16,3.471593012283396,3053.0657834796493,0.0046165267217910776
4,bank_confirmation64,64,K8,40,1024,160,0.01746080721458579,0.11181979710031142,0.006571957116384761,16,6.51080487942591,501.826829670041,0.003922798631944416
4,bank_confirmation64,64,full_history,40,1024,204,0.012447529556724434,0.0631636805149724,0.06536215104838494,16,3.7823611603049003,2443.6948250739324,0.004784975473919963
4,bank_confirmation64,64,K8,48,1024,147,0.013324989789275325,0.09234497354717709,0.004659619087795103,16,6.389482414263943,616.1106056177624,0.005346672850552197
4,bank_confirmation64,64,full_history,48,1024,204,0.011896394082045101,0.06041000790794482,0.08700669166080646,16,3.5667556750395746,3658.1875452821305,0.0047516079082750295
4,bank_confirmation64,64,K8,56,1024,164,0.016130370747047394,0.10021753524681598,0.006237249483447626,16,6.260764154197979,646.7830423911939,0.0035688850054609064
4,bank_confirmation64,64,full_history,56,1024,204,0.011723184008244902,0.05951627972246186,0.11615149168877865,16,3.297399227401025,3721.5593845787475,0.00463836957746887
4,bank_confirmation64,64,K8,64,1024,152,0.016126755775401166,0.10899032722618035,0.006123858024130161,16,6.116288037188602,1074.3032263838859,0.002556269228248755
4,bank_confirmation64,64,full_history,64,1024,204,0.011834142567767256,0.06001892763037295,0.15234580315897106,16,3.2603592899207263,5092.7134276746265,0.004528971867605521
5,bank_primary32,32,instant,0,1662,35,0.01934526201268721,0.9066233792014073,0.008204985442393767,3,1.0948330634800483,1157.925474917504,0.001933917988420354
5,bank_primary32,32,instant,8,1662,101,0.035854909885761156,0.5789347442231424,0.011072110205556117,16,4.219795967336278,3997.960245524517,0.001851148853092733
5,bank_primary32,32,instant,64,1662,89,0.02699220826840868,0.5577521032740342,0.007844185516966208,16,4.284778609995986,6713.686257740947,0.0014857518710424148
5,bank_primary32,32,K8,8,1662,294,0.023307095785600935,0.12764753137699325,0.012076177401389008,16,5.199606671254936,1900.5376548668773,0.005272715925934068
5,bank_primary32,32,full_history,8,1662,294,0.023307095785600935,0.12764753137699325,0.012076177401389008,16,5.199606671254936,1900.5376548668773,0.005272715925934068
5,bank_primary32,32,K8,16,1662,291,0.020530543474119006,0.11483312496994674,0.010293571551513721,16,5.479634923418363,951.3280966398908,0.006594545858698147
5,bank_primary32,32,full_history,16,1662,305,0.019851294751019172,0.10701717953868992,0.030076600501413052,16,3.9159886259957686,2927.7256712090984,0.007101971283770072
5,bank_primary32,32,K8,24,1662,290,0.022692400528127515,0.12503232274971937,0.01157688452243582,16,5.373786753327367,1298.7293787711276,0.005510752681647984
5,bank_primary32,32,full_history,24,1662,307,0.02052668743204379,0.110017507230921,0.06834622321388438,16,3.831225775247126,3751.6825942465566,0.006913902918777879
5,bank_primary32,32,K8,32,1662,275,0.020338823376620546,0.11880743894404397,0.010121458360783249,16,5.571397363569789,1053.3510546681025,0.00625978671835482
5,bank_primary32,32,full_history,32,1662,307,0.019609606249241907,0.10577310050822177,0.1126649498161295,16,3.523411917461091,5876.126164532359,0.007116097268641712
5,bank_primary32,32,K8,40,1662,295,0.022585690152835083,0.12410734416544221,0.011291680130123109,16,5.475555474133875,1144.4957796701785,0.005008239829776799
5,bank_primary32,32,full_history,40,1662,307,0.019862104624205512,0.10686462230836043,0.17875635708157478,16,3.574143080287478,5796.267537263598,0.0069667530853338286
5,bank_primary32,32,K8,48,1662,280,0.020884099454193294,0.1209817554246868,0.010420126615868637,16,5.535717699793946,848.0587263832708,0.006167517356529721
5,bank_primary32,32,full_history,48,1662,307,0.01955329909735789,0.10549501983712772,0.24940000511061766,16,3.4487926500702306,7494.922116107475,0.007198288652872817
5,bank_primary32,32,K8,56,1662,297,0.022299076019712247,0.12155904645288032,0.011417544082474982,16,5.346546342007213,1262.225838535999,0.004659900540009839
5,bank_primary32,32,full_history,56,1662,307,0.01971736798740013,0.10620232431616441,0.34287081858031976,16,3.4696306842303795,5786.334759812368,0.007018459152925614
5,bank_primary32,32,K8,64,1662,269,0.019651500473012666,0.1183772930927461,0.010144565645975184,16,5.450417606316574,1002.7001166324334,0.006584424977533992
5,bank_primary32,32,full_history,64,1662,307,0.01938599931516552,0.10472563067847904,0.43982235269177206,16,3.420172147274006,8337.480403178795,0.007178835421662323
5,bank_primary64,64,instant,0,2005,22,0.009795133613424297,0.8876497885490147,0.004460263723413852,3,1.091026175126927,1501.048574736906,0.0009738785773635207
5,bank_primary64,64,instant,8,2005,99,0.02427940511996714,0.48066588266912824,0.006481921413348928,16,5.6139166276809185,4457.550144486799,0.0024236310210138433
5,bank_primary64,64,instant,64,2005,76,0.016790573370759336,0.43384038596052465,0.004255000443250214,16,4.467098753863373,5428.264027032099,0.0007366961264442751
5,bank_primary64,64,K8,8,2005,323,0.013619785456027652,0.08234849179709483,0.0058530257936931325,16,5.716298678049107,1966.5728699794133,0.0032828191560277135
5,bank_primary64,64,full_history,8,2005,323,0.013619785456027652,0.08234849179709483,0.0058530257936931325,16,5.716298678049107,1966.5728699794133,0.0032828191560277135
5,bank_primary64,64,K8,16,2005,273,0.014170529768195172,0.10267485739035298,0.005913492748845009,16,5.359843666903538,2022.4555503439883,0.0051812424562219205
5,bank_primary64,64,full_history,16,2005,369,0.012339034065084253,0.06618034092736498,0.014348247459100764,16,5.029514643356458,2126.841202142436,0.005720561406428885
5,bank_primary64,64,K8,24,2005,319,0.014198486132957539,0.08804545969267732,0.006017253935416005,16,5.965110387088053,1517.1639167332642,0.005381501327186044
5,bank_primary64,64,full_history,24,2005,371,0.011796208032461664,0.06311483271947883,0.026991171655970918,16,3.858399429635589,4476.150677804334,0.006763380249888368
5,bank_primary64,64,K8,32,2005,251,0.010745143389735416,0.08321956829091418,0.004816478369372172,16,5.002791667898783,2786.5485107604854,0.003946096894155751
5,bank_primary64,64,full_history,32,2005,371,0.01071758589424688,0.057138250599195556,0.04079017294907935,16,3.5529011987779135,6085.853375279392,0.005885204420432461
5,bank_primary64,64,K8,40,2005,320,0.013765939955263554,0.08440525476112615,0.006015083782580823,16,6.0801306933518795,931.9730122178529,0.004956818105009755
5,bank_primary64,64,full_history,40,2005,371,0.010985790098866832,0.05853686879681522,0.06613259198948201,16,3.775781186863144,3707.4686317077585,0.006271627797603052
5,bank_primary64,64,K8,48,2005,283,0.014328047922231846,0.10060870679516361,0.00630254095662688,16,5.383034124718794,1701.870622197871,0.004976302238647179
5,bank_primary64,64,full_history,48,2005,371,0.01122501680313826,0.06003888439817433,0.09615618208784292,16,3.614238772019799,4815.495522303442,0.0065857323623448
5,bank_primary64,64,K8,56,2005,297,0.012618828786437646,0.08326439192036825,0.005062943873655989,16,6.09215747527601,1292.339887604075,0.00308787439916449
5,bank_primary64,64,full_history,56,2005,371,0.010983794309244961,0.058690327889912706,0.12367656692608274,16,3.444445502071781,9360.751823642791,0.006414935294240317
5,bank_primary64,64,K8,64,2005,289,0.012184307107546432,0.08253132866329516,0.005257561466410831,16,5.548565700793449,1960.946232317761,0.0026592458455480424
5,bank_primary64,64,full_history,64,2005,371,0.010761682334137785,0.057433947643086375,0.15890280371479543,16,3.406285017086816,8570.170638920721,0.006050590145354735
5,bank_confirmation32,32,instant,0,801,20,0.02376388831606386,0.9617507641508158,0.015374079640461181,4,1.0826113254869674,160239.5442488572,0.0006249022688254773
5,bank_confirmation32,32,instant,8,801,62,0.03703293123225282,0.478656981034934,0.008609216150059548,16,4.869605423517135,16511.861086138935,0.0030429135457960533
5,bank_confirmation32,32,instant,64,801,60,0.03401869781320865,0.4501711915835571,0.00863062148885611,16,4.989530110714066,4962.570281391945,0.00198535508169631
5,bank_confirmation32,32,K8,8,801,151,0.024571150164479603,0.13031904014209983,0.01886523940336595,16,4.435389044063894,2989.9914342226175,0.006332399087582999
5,bank_confirmation32,32,full_history,8,801,151,0.024571150164479603,0.13031904014209983,0.01886523940336595,16,4.435389044063894,2989.9914342226175,0.006332399087582999
5,bank_confirmation32,32,K8,16,801,147,0.022735141014818407,0.12254814067155315,0.017590579633838352,16,3.919770295993613,4298.131779365927,0.005320784255050498
5,bank_confirmation32,32,full_history,16,801,160,0.02181827548276789,0.11031058004148292,0.05752844550833965,16,3.1428891820157543,9147.070718435933,0.006341242769754363
5,bank_confirmation32,32,K8,24,801,148,0.02480267343003917,0.13345296213038296,0.019421035003868003,16,4.092120371447555,3853.4864480599344,0.00650864376540344
5,bank_confirmation32,32,full_history,24,801,160,0.02276404915392815,0.11526857904202378,0.13176613442221527,16,3.003624578720125,9583.666663600923,0.006439766049027296
5,bank_confirmation32,32,K8,32,801,140,0.023002569259944088,0.12883201489132462,0.01851440013880896,16,4.04676678496891,3341.62605681339,0.006343064312940732
5,bank_confirmation32,32,full_history,32,801,160,0.022383740132769635,0.11281587718315977,0.23179949050661136,16,2.8552716850759507,14733.511706236453,0.006412316114498497
5,bank_confirmation32,32,K8,40,801,149,0.024184714371958002,0.12998858660942494,0.018410687903690433,16,4.215900815570188,2680.4377671089965,0.005696388415143111
5,bank_confirmation32,32,full_history,40,801,160,0.022509577817093722,0.11382722898227708,0.3626381251887136,16,2.8958405649694994,19140.297123739096,0.006373741964702927
5,bank_confirmation32,32,K8,48,801,144,0.023434482895164435,0.1299777867757635,0.018306011456951564,16,3.682160687271042,3590.9955482776613,0.005197976349336108
5,bank_confirmation32,32,full_history,48,801,160,0.022170409110816254,0.11210017016197216,0.5138390373094819,16,2.762828545945699,26306.03630681679,0.006297517408966754
5,bank_confirmation32,32,K8,56,801,152,0.02365875617768576,0.1242385305309993,0.018150079171532947,16,4.49221806544544,3024.0493736962485,0.005622615114008045
5,bank_confirmation32,32,full_history,56,801,160,0.022228734135405187,0.11239393500549957,0.6978893112831006,16,2.8120879587814063,28287.57637716561,0.0062922246983065444
5,bank_confirmation32,32,K8,64,801,151,0.022932598659748803,0.12154501664811404,0.01861164771028013,16,4.1072113704880495,2444.097286745145,0.005646882789993459
5,bank_confirmation32,32,full_history,64,801,160,0.022091311056297677,0.11177755317470178,0.9097901440571886,16,2.7853752027456573,33475.083242955174,0.006272776680351709
5,bank_confirmation64,64,instant,0,1024,15,0.013026096434413286,0.9180160856560449,0.005640826762970563,3,1.0945056865106986,1218.5591450647669,0.0015288173814497416
5,bank_confirmation64,64,instant,8,1024,57,0.026585103693249394,0.48814277212259427,0.006582700164136997,16,5.794304536248891,4595.82829927514,0.005175736575020314
5,bank_confirmation64,64,instant,64,1024,37,0.018721211460610385,0.543318958235375,0.005386503640792952,16,4.030800135392618,34839.2728475557,0.0012890328331874312
5,bank_confirmation64,64,K8,8,1024,168,0.014977606183991063,0.09124886482347556,0.006499007192616953,16,5.7803118013067465,2421.429003149103,0.00798995227979826
5,bank_confirmation64,64,full_history,8,1024,168,0.014977606183991063,0.09124886482347556,0.006499007192616953,16,5.7803118013067465,2421.429003149103,0.00798995227979826
5,bank_confirmation64,64,K8,16,1024,147,0.01387022166210298,0.0963523863174005,0.005654092689887293,16,5.239026186406959,5607.8692580993575,0.005379674764403546
5,bank_confirmation64,64,full_history,16,1024,200,0.01288128848500474,0.0662816639345864,0.01504881617395168,16,4.856036829213674,2447.403473352567,0.008069764201933812
5,bank_confirmation64,64,K8,24,1024,160,0.013163476175695842,0.08395512689634188,0.005695100792367122,16,5.700787294676208,1345.956876229132,0.004074472241317317
5,bank_confirmation64,64,full_history,24,1024,204,0.012026630211086756,0.06099398638890719,0.028172487926410788,16,3.9065463179088953,4310.765584566336,0.0073983117852858445
5,bank_confirmation64,64,K8,32,1024,133,0.01145732259530789,0.08790276521678561,0.0055583758635757655,16,4.929456121415168,2224.2963993294957,0.003999391847714515
5,bank_confirmation64,64,full_history,32,1024,204,0.010937394058034768,0.05539460248721521,0.04316843950678422,16,3.485724925408528,7938.470905670299,0.007064363410646894
5,bank_confirmation64,64,K8,40,1024,160,0.0141378656227062,0.09021509126490168,0.006336325789775032,16,6.0514985162601365,1413.2569888340477,0.006482010408289831
5,bank_confirmation64,64,full_history,40,1024,204,0.011326230620549162,0.05745835496297442,0.07111513694159671,16,3.674203252474912,7256.010106337757,0.007476804331853283
5,bank_confirmation64,64,K8,48,1024,147,0.013536797267301271,0.09395785597258433,0.005428565460855501,16,5.639608311879707,2207.510499299154,0.006492696712815049
5,bank_confirmation64,64,full_history,48,1024,204,0.01135510570242414,0.057639485042451755,0.09865586314655053,16,3.5812279221673036,7854.026474513936,0.007533992919485393
5,bank_confirmation64,64,K8,56,1024,164,0.013324675861933411,0.08304170123912999,0.005968717706999615,16,5.462735935854409,1595.2109122701975,0.00317306224517752
5,bank_confirmation64,64,full_history,56,1024,204,0.011174410275780955,0.056708415595666514,0.13088110307518214,16,3.397756309536595,10769.629285085812,0.007197083130964459
5,bank_confirmation64,64,K8,64,1024,152,0.013499316944179034,0.09023528163803687,0.006099326724244412,16,5.542852636370006,1920.9649961697517,0.004136160884483503
5,bank_confirmation64,64,full_history,64,1024,204,0.011055245578802837,0.056071235416924554,0.1694737513758524,16,3.3478381524278786,16038.09222104342,0.007180566631446427
