size,producer,consumer,view,cohort,reference_pixels,reference_maps,coverage_T64,coverage_T128,coverage_T256,mapmean_T256,continuous_preservation_numerator,continuous_preservation_denominator,continuous_preservation_value,terminal_retention_numerator,terminal_retention_denominator,terminal_retention_value,sustained_progress_last16_numerator,sustained_progress_last16_denominator,sustained_progress_last16_value,progress_terminal_numerator,progress_terminal_denominator,progress_terminal_value,progress_ever_numerator,progress_ever_denominator,progress_ever_value,handoff_destruction_numerator,handoff_destruction_denominator,handoff_destruction_value,handoff_acquisition_numerator,handoff_acquisition_denominator,handoff_acquisition_value,same_view_first_step_destruction_numerator,same_view_first_step_destruction_denominator,same_view_first_step_destruction_value
32,225,225,producer,all_changed,6089,32,0.673115189033827,0.7445279681627238,0.7820030952907362,0.8459616295236659,6088,6089,0.9998357694202661,6089,6089,1.0,955,2957,0.3229624619546838,985,2957,0.33310787960771054,985,2957,0.33310787960771054,0,6089,0.0,0,2957,0.0,0,6089,0.0
32,225,225,producer,strict_16_32,2109,31,0.6217570754716981,0.7918632075471698,0.8637971698113207,0.8953716353461754,2108,2109,0.9995258416311048,2109,2109,1.0,803,1283,0.6258768511301637,821,1283,0.6399064692127825,821,1283,0.6399064692127825,0,2109,0.0,0,1283,0.0,0,2109,0.0
32,225,225,consumer,all_changed,6089,32,0.673115189033827,0.7445279681627238,0.7820030952907362,0.8459616295236659,6088,6089,0.9998357694202661,6089,6089,1.0,955,2957,0.3229624619546838,985,2957,0.33310787960771054,985,2957,0.33310787960771054,0,6089,0.0,0,2957,0.0,0,6089,0.0
32,225,225,consumer,strict_16_32,2109,31,0.6217570754716981,0.7918632075471698,0.8637971698113207,0.8953716353461754,2108,2109,0.9995258416311048,2109,2109,1.0,803,1283,0.6258768511301637,821,1283,0.6399064692127825,821,1283,0.6399064692127825,0,2109,0.0,0,1283,0.0,0,2109,0.0
32,225,225,fixed275,all_changed,6089,32,0.6779792173336281,0.7459650674331196,0.7836612867565775,0.847313906474858,6089,6089,1.0,6089,6089,1.0,965,2957,0.32634426783902604,1000,2957,0.3381805884342239,1000,2957,0.3381805884342239,0,6089,0.0,44,2957,0.014879945891105851,3,6133,0.0004891570194032284
32,225,225,fixed275,strict_16_32,2109,31,0.6332547169811321,0.7954009433962265,0.8670400943396226,0.8977512982886882,2109,2109,1.0,2109,2109,1.0,808,1283,0.6297739672642245,832,1283,0.6484801247077163,832,1283,0.6484801247077163,0,2109,0.0,39,1283,0.030397505845674203,2,2148,0.000931098696461825
32,225,250,producer,all_changed,6089,32,0.673115189033827,0.779460535043113,0.8433561795268627,0.8949185904384425,6088,6089,0.9998357694202661,6089,6089,1.0,1496,2957,0.505918160297599,1540,2957,0.5207981061887048,1542,2957,0.5214744673655732,0,6089,0.0,0,2957,0.0,0,6089,0.0
32,225,250,producer,strict_16_32,2109,31,0.6217570754716981,0.8676297169811321,0.9545990566037735,0.9676642495421222,2108,2109,0.9995258416311048,2109,2109,1.0,1110,1283,0.8651597817614964,1129,1283,0.8799688230709275,1130,1283,0.8807482462977396,0,2109,0.0,0,1283,0.0,0,2109,0.0
32,225,250,consumer,all_changed,6089,32,0.6763210258677869,0.7806765421180633,0.8437983639177538,0.8952362211618587,6089,6089,1.0,6089,6089,1.0,1503,2957,0.5082854244166385,1544,2957,0.5221508285424417,1546,2957,0.5228271897193101,0,6089,0.0,29,2957,0.009807237064592493,8,6118,0.0013076168682576005
32,225,250,consumer,strict_16_32,2109,31,0.629127358490566,0.8696933962264151,0.9548938679245284,0.9678115466403694,2109,2109,1.0,2109,2109,1.0,1114,1283,0.8682774746687452,1130,1283,0.8807482462977396,1131,1283,0.8815276695245519,0,2109,0.0,25,1283,0.019485580670303974,8,2134,0.0037488284910965324
32,225,250,fixed275,all_changed,6089,32,0.6779792173336281,0.7817820030952908,0.8444616405040902,0.895863596280497,6089,6089,1.0,6089,6089,1.0,1513,2957,0.5116672303009807,1550,2957,0.524179912073047,1550,2957,0.524179912073047,0,6089,0.0,44,2957,0.014879945891105851,3,6133,0.0004891570194032284
32,225,250,fixed275,strict_16_32,2109,31,0.6332547169811321,0.8720518867924528,0.9554834905660378,0.9683581416224483,2109,2109,1.0,2109,2109,1.0,1117,1283,0.8706157443491817,1132,1283,0.882307092751364,1132,1283,0.882307092751364,0,2109,0.0,39,1283,0.030397505845674203,2,2148,0.000931098696461825
32,225,275,producer,all_changed,6089,32,0.673115189033827,0.8171567543665709,0.8829316825116074,0.9257285665604809,6088,6089,0.9998357694202661,6089,6089,1.0,1866,2957,0.6310449780182618,1898,2957,0.6418667568481569,1899,2957,0.6422049374365911,0,6089,0.0,0,2957,0.0,0,6089,0.0
32,225,275,producer,strict_16_32,2109,31,0.6217570754716981,0.9280660377358491,0.9837853773584906,0.9918365270022362,2108,2109,0.9995258416311048,2109,2109,1.0,1223,1283,0.9532346063912704,1228,1283,0.9571317225253313,1228,1283,0.9571317225253313,0,2109,0.0,0,1283,0.0,0,2109,0.0
32,225,275,consumer,all_changed,6089,32,0.6779792173336281,0.8202520451028079,0.8848109661728941,0.9268526947781541,6089,6089,1.0,6089,6089,1.0,1872,2957,0.6330740615488671,1915,2957,0.6476158268515387,1916,2957,0.647954007439973,0,6089,0.0,44,2957,0.014879945891105851,3,6133,0.0004891570194032284
32,225,275,consumer,strict_16_32,2109,31,0.6332547169811321,0.9295400943396226,0.9846698113207547,0.9922282033771207,2109,2109,1.0,2109,2109,1.0,1225,1283,0.9547934528448948,1231,1283,0.9594699922057678,1231,1283,0.9594699922057678,0,2109,0.0,39,1283,0.030397505845674203,2,2148,0.000931098696461825
32,225,275,fixed275,all_changed,6089,32,0.6779792173336281,0.8202520451028079,0.8848109661728941,0.9268526947781541,6089,6089,1.0,6089,6089,1.0,1872,2957,0.6330740615488671,1915,2957,0.6476158268515387,1916,2957,0.647954007439973,0,6089,0.0,44,2957,0.014879945891105851,3,6133,0.0004891570194032284
32,225,275,fixed275,strict_16_32,2109,31,0.6332547169811321,0.9295400943396226,0.9846698113207547,0.9922282033771207,2109,2109,1.0,2109,2109,1.0,1225,1283,0.9547934528448948,1231,1283,0.9594699922057678,1231,1283,0.9594699922057678,0,2109,0.0,39,1283,0.030397505845674203,2,2148,0.000931098696461825
32,225,300,producer,all_changed,6089,32,0.673115189033827,0.8898960866681406,0.9574397523767411,0.979677211384881,6089,6089,1.0,6089,6089,1.0,2556,2957,0.8643895840378762,2572,2957,0.8698004734528239,2572,2957,0.8698004734528239,0,6089,0.0,0,2957,0.0,0,6089,0.0
32,225,300,producer,strict_16_32,2109,31,0.6217570754716981,0.9879127358490566,1.0,1.0,2109,2109,1.0,2109,2109,1.0,1283,1283,1.0,1283,1283,1.0,1283,1283,1.0,0,2109,0.0,0,1283,0.0,0,2109,0.0
32,225,300,consumer,all_changed,6089,32,0.6796374087994694,0.8946495688702188,0.9579924828653549,0.980063729628542,6089,6089,1.0,6089,6089,1.0,2563,2957,0.8667568481569158,2577,2957,0.871491376394995,2577,2957,0.871491376394995,0,6089,0.0,59,2957,0.019952654717619207,4,6148,0.0006506180871828237
32,225,300,consumer,strict_16_32,2109,31,0.6373820754716981,0.9899764150943396,1.0,1.0,2109,2109,1.0,2109,2109,1.0,1283,1283,1.0,1283,1283,1.0,1283,1283,1.0,0,2109,0.0,53,1283,0.041309431021044424,4,2162,0.0018501387604070306
32,225,300,fixed275,all_changed,6089,32,0.6779792173336281,0.8929913774043776,0.9576608445721866,0.9798366501603911,6089,6089,1.0,6089,6089,1.0,2560,2957,0.8657423063916131,2574,2957,0.8704768346296923,2574,2957,0.8704768346296923,0,6089,0.0,44,2957,0.014879945891105851,3,6133,0.0004891570194032284
32,225,300,fixed275,strict_16_32,2109,31,0.6332547169811321,0.9890919811320755,1.0,1.0,2109,2109,1.0,2109,2109,1.0,1283,1283,1.0,1283,1283,1.0,1283,1283,1.0,0,2109,0.0,39,1283,0.030397505845674203,3,2148,0.0013966480446927375
32,250,225,producer,all_changed,6895,32,0.7622153437983639,0.8132876409462746,0.8443510944063675,0.8937749666351547,6888,6895,0.9989847715736041,6895,6895,1.0,726,2151,0.33751743375174337,743,2151,0.34542073454207345,744,2151,0.3458856345885635,0,6895,0.0,0,2151,0.0,5,6895,0.0007251631617113851
32,250,225,producer,strict_16_32,2845,31,0.8387382075471698,0.9212853773584906,0.9510613207547169,0.9673845277550975,2840,2845,0.9982425307557118,2845,2845,1.0,373,547,0.6819012797074955,381,547,0.696526508226691,382,547,0.6983546617915904,0,2845,0.0,0,547,0.0,3,2845,0.001054481546572935
32,250,225,consumer,all_changed,6895,32,0.7597833296484634,0.8122927260667698,0.8440194561131992,0.893436873544129,6870,6895,0.9963741841914431,6895,6895,1.0,723,2151,0.33612273361227335,740,2151,0.34402603440260343,740,2151,0.34402603440260343,22,6895,0.003190717911530094,0,2151,0.0,2,6873,0.00029099374363451185
32,250,225,consumer,strict_16_32,2845,31,0.8343160377358491,0.9204009433962265,0.9507665094339622,0.9671437959303504,2828,2845,0.99402460456942,2845,2845,1.0,372,547,0.680073126142596,380,547,0.6946983546617916,380,547,0.6946983546617916,15,2845,0.005272407732864675,0,547,0.0,1,2830,0.00035335689045936394
32,250,225,fixed275,all_changed,6895,32,0.763099712580146,0.8142825558257794,0.8453460092858722,0.8944410450724727,6893,6895,0.9997099347353154,6895,6895,1.0,729,2151,0.3389121338912134,752,2151,0.3496048349604835,753,2151,0.3500697350069735,0,6895,0.0,8,2151,0.003719200371920037,1,6903,0.00014486455164421265
32,250,225,fixed275,strict_16_32,2845,31,0.8408018867924528,0.9224646226415094,0.9510613207547169,0.9673845277550975,2844,2845,0.9996485061511423,2845,2845,1.0,375,547,0.6855575868372943,381,547,0.696526508226691,382,547,0.6983546617915904,0,2845,0.0,7,547,0.012797074954296161,1,2852,0.0003506311360448808
32,250,250,producer,all_changed,6895,32,0.7622153437983639,0.8356179526862701,0.8737563564006191,0.9176234092318708,6890,6895,0.9992748368382887,6895,6895,1.0,995,2151,0.46257554625755465,1009,2151,0.4690841469084147,1009,2151,0.4690841469084147,0,6895,0.0,0,2151,0.0,5,6895,0.0007251631617113851
32,250,250,producer,strict_16_32,2845,31,0.8387382075471698,0.9401533018867925,0.9793632075471698,0.9877415960543298,2842,2845,0.998945518453427,2845,2845,1.0,474,547,0.8665447897623401,477,547,0.8720292504570384,477,547,0.8720292504570384,0,2845,0.0,0,547,0.0,3,2845,0.001054481546572935
32,250,250,consumer,all_changed,6895,32,0.7622153437983639,0.8356179526862701,0.8737563564006191,0.9176234092318708,6890,6895,0.9992748368382887,6895,6895,1.0,995,2151,0.46257554625755465,1009,2151,0.4690841469084147,1009,2151,0.4690841469084147,0,6895,0.0,0,2151,0.0,5,6895,0.0007251631617113851
32,250,250,consumer,strict_16_32,2845,31,0.8387382075471698,0.9401533018867925,0.9793632075471698,0.9877415960543298,2842,2845,0.998945518453427,2845,2845,1.0,474,547,0.8665447897623401,477,547,0.8720292504570384,477,547,0.8720292504570384,0,2845,0.0,0,547,0.0,3,2845,0.001054481546572935
32,250,250,fixed275,all_changed,6895,32,0.763099712580146,0.8369445058589432,0.8739774485960645,0.9177480926484028,6895,6895,1.0,6895,6895,1.0,998,2151,0.46397024639702467,1011,2151,0.4700139470013947,1011,2151,0.4700139470013947,0,6895,0.0,8,2151,0.003719200371920037,0,6903,0.0
32,250,250,fixed275,strict_16_32,2845,31,0.8408018867924528,0.9413325471698113,0.9793632075471698,0.9877415960543298,2845,2845,1.0,2845,2845,1.0,475,547,0.8683729433272395,477,547,0.8720292504570384,477,547,0.8720292504570384,0,2845,0.0,7,547,0.012797074954296161,0,2852,0.0
32,250,275,producer,all_changed,6895,32,0.7622153437983639,0.863143931019235,0.9204068096396197,0.9537782584214382,6891,6895,0.9994198694706309,6895,6895,1.0,1409,2151,0.6550441655044166,1431,2151,0.6652719665271967,1432,2151,0.6657368665736867,0,6895,0.0,0,2151,0.0,4,6895,0.000580130529369108
32,250,275,producer,strict_16_32,2845,31,0.8387382075471698,0.9719929245283019,0.9964622641509434,0.9982324348210341,2842,2845,0.998945518453427,2845,2845,1.0,534,547,0.9762340036563071,535,547,0.9780621572212066,535,547,0.9780621572212066,0,2845,0.0,0,547,0.0,3,2845,0.001054481546572935
32,250,275,consumer,all_changed,6895,32,0.763099712580146,0.8641388458987398,0.9207384479327879,0.9539585038354965,6895,6895,1.0,6895,6895,1.0,1413,2151,0.6569037656903766,1434,2151,0.6666666666666666,1434,2151,0.6666666666666666,0,6895,0.0,8,2151,0.003719200371920037,0,6903,0.0
32,250,275,consumer,strict_16_32,2845,31,0.8408018867924528,0.9731721698113207,0.9967570754716981,0.9983797319192812,2845,2845,1.0,2845,2845,1.0,535,547,0.9780621572212066,536,547,0.979890310786106,536,547,0.979890310786106,0,2845,0.0,7,547,0.012797074954296161,0,2852,0.0
32,250,275,fixed275,all_changed,6895,32,0.763099712580146,0.8641388458987398,0.9207384479327879,0.9539585038354965,6895,6895,1.0,6895,6895,1.0,1413,2151,0.6569037656903766,1434,2151,0.6666666666666666,1434,2151,0.6666666666666666,0,6895,0.0,8,2151,0.003719200371920037,0,6903,0.0
32,250,275,fixed275,strict_16_32,2845,31,0.8408018867924528,0.9731721698113207,0.9967570754716981,0.9983797319192812,2845,2845,1.0,2845,2845,1.0,535,547,0.9780621572212066,536,547,0.979890310786106,536,547,0.979890310786106,0,2845,0.0,7,547,0.012797074954296161,0,2852,0.0
32,250,300,producer,all_changed,6895,32,0.7622153437983639,0.922065001105461,0.9648463409241653,0.9839984262589928,6892,6895,0.9995649021029732,6895,6895,1.0,1813,2151,0.8428637842863784,1833,2151,0.8521617852161785,1833,2151,0.8521617852161785,0,6895,0.0,0,2151,0.0,3,6895,0.00043509789702683103
32,250,300,producer,strict_16_32,2845,31,0.8387382075471698,0.9955778301886793,1.0,1.0,2843,2845,0.9992970123022847,2845,2845,1.0,547,547,1.0,547,547,1.0,547,547,1.0,0,2845,0.0,0,547,0.0,2,2845,0.00070298769771529
32,250,300,consumer,all_changed,6895,32,0.7646473579482644,0.9235021003758568,0.9655096175105019,0.9844419872265453,6895,6895,1.0,6895,6895,1.0,1818,2151,0.8451882845188284,1839,2151,0.8549511854951185,1839,2151,0.8549511854951185,0,6895,0.0,22,2151,0.010227801022780102,2,6917,0.00028914269191846175
32,250,300,consumer,strict_16_32,2845,31,0.84375,0.9955778301886793,1.0,1.0,2845,2845,1.0,2845,2845,1.0,547,547,1.0,547,547,1.0,547,547,1.0,0,2845,0.0,17,547,0.031078610603290677,1,2862,0.00034940600978336826
32,250,300,fixed275,all_changed,6895,32,0.763099712580146,0.9226177315940747,0.9652885253150564,0.9842825484510351,6894,6895,0.9998549673676578,6895,6895,1.0,1817,2151,0.8447233844723384,1837,2151,0.8540213854021386,1837,2151,0.8540213854021386,0,6895,0.0,8,2151,0.003719200371920037,0,6903,0.0
32,250,300,fixed275,strict_16_32,2845,31,0.8408018867924528,0.9955778301886793,1.0,1.0,2844,2845,0.9996485061511423,2845,2845,1.0,547,547,1.0,547,547,1.0,547,547,1.0,0,2845,0.0,7,547,0.012797074954296161,0,2852,0.0
32,275,225,producer,all_changed,7436,32,0.8220207826663719,0.8769621932345788,0.8985186822905151,0.9412410837258718,7434,7436,0.9997310381925767,7436,7436,1.0,682,1610,0.4236024844720497,692,1610,0.4298136645962733,692,1610,0.4298136645962733,0,7436,0.0,0,1610,0.0,2,7436,0.00026896180742334586
32,275,225,producer,strict_16_32,3233,31,0.953125,0.9920400943396226,0.9946933962264151,0.997348652231551,3232,3233,0.9996906897618311,3233,3233,1.0,141,159,0.8867924528301887,141,159,0.8867924528301887,141,159,0.8867924528301887,0,3233,0.0,0,159,0.0,1,3233,0.0003093102381688834
32,275,225,consumer,all_changed,7436,32,0.8190360380278576,0.8753040017687376,0.8982975900950696,0.9411068268163016,7405,7436,0.9958310919849381,7436,7436,1.0,678,1610,0.42111801242236024,690,1610,0.42857142857142855,690,1610,0.42857142857142855,27,7436,0.0036309844002151695,0,1610,0.0,3,7409,0.00040491294371710083
32,275,225,consumer,strict_16_32,3233,31,0.9501768867924528,0.9917452830188679,0.9946933962264151,0.997348652231551,3221,3233,0.9962882771419734,3233,3233,1.0,141,159,0.8867924528301887,141,159,0.8867924528301887,141,159,0.8867924528301887,10,3233,0.003093102381688834,0,159,0.0,1,3223,0.00031026993484331366
32,275,225,fixed275,all_changed,7436,32,0.8220207826663719,0.8769621932345788,0.8985186822905151,0.9412410837258718,7434,7436,0.9997310381925767,7436,7436,1.0,682,1610,0.4236024844720497,692,1610,0.4298136645962733,692,1610,0.4298136645962733,0,7436,0.0,0,1610,0.0,2,7436,0.00026896180742334586
32,275,225,fixed275,strict_16_32,3233,31,0.953125,0.9920400943396226,0.9946933962264151,0.997348652231551,3232,3233,0.9996906897618311,3233,3233,1.0,141,159,0.8867924528301887,141,159,0.8867924528301887,141,159,0.8867924528301887,0,3233,0.0,0,159,0.0,1,3233,0.0003093102381688834
32,275,250,producer,all_changed,7436,32,0.8220207826663719,0.8969710369223967,0.9241653769621933,0.9597931088086704,7436,7436,1.0,7436,7436,1.0,908,1610,0.5639751552795031,924,1610,0.5739130434782609,924,1610,0.5739130434782609,0,7436,0.0,0,1610,0.0,0,7436,0.0
32,275,250,producer,strict_16_32,3233,31,0.953125,0.9943985849056604,0.9967570754716981,0.9983797319192812,3233,3233,1.0,3233,3233,1.0,148,159,0.9308176100628931,148,159,0.9308176100628931,148,159,0.9308176100628931,0,3233,0.0,0,159,0.0,0,3233,0.0
32,275,250,consumer,all_changed,7436,32,0.8211364138845899,0.8963077603360602,0.9240548308644705,0.9597385712868555,7423,7436,0.9982517482517482,7436,7436,1.0,903,1610,0.5608695652173913,923,1610,0.5732919254658385,923,1610,0.5732919254658385,8,7436,0.0010758472296933835,0,1610,0.0,5,7428,0.0006731287022078621
32,275,250,consumer,strict_16_32,3233,31,0.9522405660377359,0.9943985849056604,0.9967570754716981,0.9983797319192812,3229,3233,0.9987627590473245,3233,3233,1.0,147,159,0.9245283018867925,148,159,0.9308176100628931,148,159,0.9308176100628931,3,3233,0.0009279307145066501,0,159,0.0,1,3230,0.00030959752321981426
32,275,250,fixed275,all_changed,7436,32,0.8220207826663719,0.8969710369223967,0.9241653769621933,0.9597931088086704,7436,7436,1.0,7436,7436,1.0,908,1610,0.5639751552795031,924,1610,0.5739130434782609,924,1610,0.5739130434782609,0,7436,0.0,0,1610,0.0,0,7436,0.0
32,275,250,fixed275,strict_16_32,3233,31,0.953125,0.9943985849056604,0.9967570754716981,0.9983797319192812,3233,3233,1.0,3233,3233,1.0,148,159,0.9308176100628931,148,159,0.9308176100628931,148,159,0.9308176100628931,0,3233,0.0,0,159,0.0,0,3233,0.0
32,275,275,producer,all_changed,7436,32,0.8220207826663719,0.9138845898739775,0.9501437099270396,0.9767711642556396,7436,7436,1.0,7436,7436,1.0,1140,1610,0.7080745341614907,1159,1610,0.7198757763975155,1159,1610,0.7198757763975155,0,7436,0.0,0,1610,0.0,0,7436,0.0
32,275,275,producer,strict_16_32,3233,31,0.953125,0.9961674528301887,1.0,1.0,3233,3233,1.0,3233,3233,1.0,159,159,1.0,159,159,1.0,159,159,1.0,0,3233,0.0,0,159,0.0,0,3233,0.0
32,275,275,consumer,all_changed,7436,32,0.8220207826663719,0.9138845898739775,0.9501437099270396,0.9767711642556396,7436,7436,1.0,7436,7436,1.0,1140,1610,0.7080745341614907,1159,1610,0.7198757763975155,1159,1610,0.7198757763975155,0,7436,0.0,0,1610,0.0,0,7436,0.0
32,275,275,consumer,strict_16_32,3233,31,0.953125,0.9961674528301887,1.0,1.0,3233,3233,1.0,3233,3233,1.0,159,159,1.0,159,159,1.0,159,159,1.0,0,3233,0.0,0,159,0.0,0,3233,0.0
32,275,275,fixed275,all_changed,7436,32,0.8220207826663719,0.9138845898739775,0.9501437099270396,0.9767711642556396,7436,7436,1.0,7436,7436,1.0,1140,1610,0.7080745341614907,1159,1610,0.7198757763975155,1159,1610,0.7198757763975155,0,7436,0.0,0,1610,0.0,0,7436,0.0
32,275,275,fixed275,strict_16_32,3233,31,0.953125,0.9961674528301887,1.0,1.0,3233,3233,1.0,3233,3233,1.0,159,159,1.0,159,159,1.0,159,159,1.0,0,3233,0.0,0,159,0.0,0,3233,0.0
32,275,300,producer,all_changed,7436,32,0.8220207826663719,0.9434003979659518,0.9703736458103029,0.9879496402877698,7434,7436,0.9997310381925767,7436,7436,1.0,1334,1610,0.8285714285714286,1342,1610,0.8335403726708075,1342,1610,0.8335403726708075,0,7436,0.0,0,1610,0.0,2,7436,0.00026896180742334586
32,275,300,producer,strict_16_32,3233,31,0.953125,0.9997051886792453,1.0,1.0,3232,3233,0.9996906897618311,3233,3233,1.0,159,159,1.0,159,159,1.0,159,159,1.0,0,3233,0.0,0,159,0.0,1,3233,0.0003093102381688834
32,275,300,consumer,all_changed,7436,32,0.8234578819367676,0.9438425823568428,0.9704841919080256,0.9879946043165467,7436,7436,1.0,7436,7436,1.0,1334,1610,0.8285714285714286,1343,1610,0.8341614906832299,1343,1610,0.8341614906832299,0,7436,0.0,13,1610,0.008074534161490683,0,7449,0.0
32,275,300,consumer,strict_16_32,3233,31,0.9557783018867925,0.9997051886792453,1.0,1.0,3233,3233,1.0,3233,3233,1.0,159,159,1.0,159,159,1.0,159,159,1.0,0,3233,0.0,9,159,0.05660377358490566,0,3242,0.0
32,275,300,fixed275,all_changed,7436,32,0.8220207826663719,0.9434003979659518,0.9703736458103029,0.9879496402877698,7434,7436,0.9997310381925767,7436,7436,1.0,1334,1610,0.8285714285714286,1342,1610,0.8335403726708075,1342,1610,0.8335403726708075,0,7436,0.0,0,1610,0.0,2,7436,0.00026896180742334586
32,275,300,fixed275,strict_16_32,3233,31,0.953125,0.9997051886792453,1.0,1.0,3232,3233,0.9996906897618311,3233,3233,1.0,159,159,1.0,159,159,1.0,159,159,1.0,0,3233,0.0,0,159,0.0,1,3233,0.0003093102381688834
32,300,225,producer,all_changed,5965,31,0.659407472916206,0.585009949148795,0.5519566659296927,0.5680135930207264,4815,5965,0.80720871751886,4817,5965,0.8075440067057837,170,3081,0.055176890619928594,176,3081,0.057124310288867254,282,3081,0.09152872444011685,0,5965,0.0,0,3081,0.0,36,5965,0.006035205364626991
32,300,225,producer,strict_16_32,2457,29,0.7243514150943396,0.6090801886792453,0.5745872641509434,0.5937298684223454,1948,2457,0.7928367928367929,1948,2457,0.7928367928367929,1,935,0.0010695187165775401,1,935,0.0010695187165775401,7,935,0.0074866310160427805,0,2457,0.0,0,935,0.0,15,2457,0.006105006105006105
32,300,225,consumer,all_changed,5965,31,0.6636082246296706,0.58722087110325,0.5529515808091975,0.5687581870748911,4820,5965,0.8080469404861693,4828,5965,0.8093880972338642,171,3081,0.055501460564751706,174,3081,0.05647517039922103,326,3081,0.10580980201233366,30,5965,0.005029337803855826,68,3081,0.02207075624797144,28,6003,0.004664334499416958
32,300,225,consumer,strict_16_32,2457,29,0.7320165094339622,0.6123231132075472,0.5748820754716981,0.5939393363737487,1949,2457,0.7932437932437932,1949,2457,0.7932437932437932,1,935,0.0010695187165775401,1,935,0.0010695187165775401,28,935,0.029946524064171122,2,2457,0.000814000814000814,28,935,0.029946524064171122,7,2483,0.002819170358437374
32,300,225,fixed275,all_changed,5965,31,0.66117621047977,0.5860048640282998,0.5523988503205837,0.5683540801393803,4818,5965,0.8077116512992456,4822,5965,0.808382229673093,172,3081,0.05582603050957481,175,3081,0.05679974034404414,293,3081,0.09509899383317105,11,5965,0.0018440905280804694,27,3081,0.008763388510223954,32,5981,0.005350275873599732
32,300,225,fixed275,strict_16_32,2457,29,0.7272995283018868,0.6102594339622641,0.5745872641509434,0.5937298684223454,1948,2457,0.7928367928367929,1948,2457,0.7928367928367929,1,935,0.0010695187165775401,1,935,0.0010695187165775401,16,935,0.017112299465240642,0,2457,0.0,10,935,0.0106951871657754,15,2467,0.006080259424402107
32,300,250,producer,all_changed,5965,31,0.659407472916206,0.5599159849657307,0.5174662834401945,0.537627812252524,4541,5965,0.7612740989103102,4542,5965,0.761441743503772,138,3081,0.044790652385589096,139,3081,0.0451152223304122,288,3081,0.0934761441090555,0,5965,0.0,0,3081,0.0,44,5965,0.0073763621123218775
32,300,250,producer,strict_16_32,2457,29,0.7243514150943396,0.5798938679245284,0.5397995283018868,0.5622486056455277,1830,2457,0.7448107448107448,1830,2457,0.7448107448107448,1,935,0.0010695187165775401,1,935,0.0010695187165775401,5,935,0.0053475935828877,0,2457,0.0,0,935,0.0,18,2457,0.007326007326007326
32,300,250,consumer,all_changed,5965,31,0.6626133097501659,0.5608003537475127,0.5183506522219765,0.5383221235837563,4543,5965,0.7616093880972339,4550,5965,0.7627829002514669,138,3081,0.044790652385589096,139,3081,0.0451152223304122,318,3081,0.10321324245374879,22,5965,0.0036881810561609388,51,3081,0.016553067185978577,42,5994,0.007007007007007007
32,300,250,consumer,strict_16_32,2457,29,0.7305424528301887,0.5804834905660378,0.5406839622641509,0.5628177284710488,1833,2457,0.746031746031746,1833,2457,0.746031746031746,1,935,0.0010695187165775401,1,935,0.0010695187165775401,22,935,0.023529411764705882,2,2457,0.000814000814000814,23,935,0.02459893048128342,18,2478,0.007263922518159807
32,300,250,fixed275,all_changed,5965,31,0.66117621047977,0.5603581693566217,0.5177979217333628,0.5378723217403674,4541,5965,0.7612740989103102,4545,5965,0.7619446772841576,138,3081,0.044790652385589096,139,3081,0.0451152223304122,303,3081,0.09834469328140215,11,5965,0.0018440905280804694,27,3081,0.008763388510223954,44,5981,0.007356629326199632
32,300,250,fixed275,strict_16_32,2457,29,0.7272995283018868,0.5798938679245284,0.5397995283018868,0.5622486056455277,1830,2457,0.7448107448107448,1830,2457,0.7448107448107448,1,935,0.0010695187165775401,1,935,0.0010695187165775401,13,935,0.013903743315508022,0,2457,0.0,10,935,0.0106951871657754,16,2467,0.0064856100526955816
32,300,275,producer,all_changed,5965,31,0.659407472916206,0.5401282334733584,0.4892770285208932,0.512710131703013,4278,5965,0.7171835708298407,4278,5965,0.7171835708298407,148,3081,0.04803635183382019,148,3081,0.04803635183382019,316,3081,0.10256410256410256,0,5965,0.0,0,3081,0.0,54,5965,0.009052808046940487
32,300,275,producer,strict_16_32,2457,29,0.7243514150943396,0.5654481132075472,0.5179834905660378,0.5427944685291619,1757,2457,0.7150997150997151,1757,2457,0.7150997150997151,0,935,0.0,0,935,0.0,4,935,0.0042780748663101605,0,2457,0.0,0,935,0.0,23,2457,0.009361009361009361
32,300,275,consumer,all_changed,5965,31,0.66117621047977,0.5409020561574176,0.4897192129117842,0.5130111680337832,4277,5965,0.7170159262363789,4281,5965,0.7176865046102263,149,3081,0.0483609217786433,149,3081,0.0483609217786433,328,3081,0.10645894190197988,11,5965,0.0018440905280804694,27,3081,0.008763388510223954,52,5981,0.008694198294599565
32,300,275,consumer,strict_16_32,2457,29,0.7272995283018868,0.5654481132075472,0.5185731132075472,0.5431315189480921,1759,2457,0.7159137159137159,1759,2457,0.7159137159137159,0,935,0.0,0,935,0.0,9,935,0.009625668449197862,0,2457,0.0,10,935,0.0106951871657754,21,2467,0.008512363194162952
32,300,275,fixed275,all_changed,5965,31,0.66117621047977,0.5409020561574176,0.4897192129117842,0.5130111680337832,4277,5965,0.7170159262363789,4281,5965,0.7176865046102263,149,3081,0.0483609217786433,149,3081,0.0483609217786433,328,3081,0.10645894190197988,11,5965,0.0018440905280804694,27,3081,0.008763388510223954,52,5981,0.008694198294599565
32,300,275,fixed275,strict_16_32,2457,29,0.7272995283018868,0.5654481132075472,0.5185731132075472,0.5431315189480921,1759,2457,0.7159137159137159,1759,2457,0.7159137159137159,0,935,0.0,0,935,0.0,9,935,0.009625668449197862,0,2457,0.0,10,935,0.0106951871657754,21,2467,0.008512363194162952
32,300,300,producer,all_changed,5965,31,0.659407472916206,0.49380941852752597,0.424718107450807,0.46291301435695353,3722,5965,0.623973176865046,3722,5965,0.623973176865046,120,3081,0.03894839337877313,120,3081,0.03894839337877313,315,3081,0.10223953261927946,0,5965,0.0,0,3081,0.0,70,5965,0.01173512154233026
32,300,300,producer,strict_16_32,2457,29,0.7243514150943396,0.5182783018867925,0.43160377358490565,0.4745797728563968,1464,2457,0.5958485958485958,1464,2457,0.5958485958485958,0,935,0.0,0,935,0.0,5,935,0.0053475935828877,0,2457,0.0,0,935,0.0,30,2457,0.01221001221001221
32,300,300,consumer,all_changed,5965,31,0.659407472916206,0.49380941852752597,0.424718107450807,0.46291301435695353,3722,5965,0.623973176865046,3722,5965,0.623973176865046,120,3081,0.03894839337877313,120,3081,0.03894839337877313,315,3081,0.10223953261927946,0,5965,0.0,0,3081,0.0,70,5965,0.01173512154233026
32,300,300,consumer,strict_16_32,2457,29,0.7243514150943396,0.5182783018867925,0.43160377358490565,0.4745797728563968,1464,2457,0.5958485958485958,1464,2457,0.5958485958485958,0,935,0.0,0,935,0.0,5,935,0.0053475935828877,0,2457,0.0,0,935,0.0,30,2457,0.01221001221001221
32,300,300,fixed275,all_changed,5965,31,0.66117621047977,0.49458324121158526,0.42549193013486625,0.46361664772568123,3725,5965,0.6244761106454317,3729,5965,0.6251466890192792,120,3081,0.03894839337877313,120,3081,0.03894839337877313,325,3081,0.10548523206751055,11,5965,0.0018440905280804694,27,3081,0.008763388510223954,65,5981,0.010867747868249457
32,300,300,fixed275,strict_16_32,2457,29,0.7272995283018868,0.5200471698113207,0.4321933962264151,0.47487436705289116,1466,2457,0.5966625966625967,1466,2457,0.5966625966625967,0,935,0.0,0,935,0.0,9,935,0.009625668449197862,0,2457,0.0,10,935,0.0106951871657754,26,2467,0.01053911633563032
64,225,225,producer,all_changed,20120,32,0.48767481881862473,0.592287369416099,0.657342996340015,0.7651429080720866,20112,20120,0.9996023856858847,20120,20120,1.0,6821,21137,0.3227042626673606,7000,21137,0.3311728249041964,7003,21137,0.33131475611486966,0,20120,0.0,0,21137,0.0,6,20120,0.00029821073558648114
64,225,225,producer,strict_16_32,9103,32,0.9437072361600664,0.989321998755961,0.9975119220402239,0.9975713776984034,9101,9103,0.9997802922113589,9103,9103,1.0,512,543,0.9429097605893186,519,543,0.9558011049723757,520,543,0.9576427255985267,0,9103,0.0,0,543,0.0,0,9103,0.0
64,225,225,consumer,all_changed,20120,32,0.48767481881862473,0.592287369416099,0.657342996340015,0.7651429080720866,20112,20120,0.9996023856858847,20120,20120,1.0,6821,21137,0.3227042626673606,7000,21137,0.3311728249041964,7003,21137,0.33131475611486966,0,20120,0.0,0,21137,0.0,6,20120,0.00029821073558648114
64,225,225,consumer,strict_16_32,9103,32,0.9437072361600664,0.989321998755961,0.9975119220402239,0.9975713776984034,9101,9103,0.9997802922113589,9103,9103,1.0,512,543,0.9429097605893186,519,543,0.9558011049723757,520,543,0.9576427255985267,0,9103,0.0,0,543,0.0,0,9103,0.0
64,225,225,fixed275,all_changed,20120,32,0.49106818236905253,0.5945415323460261,0.6593790144702717,0.7669739764274738,20120,20120,1.0,20120,20120,1.0,6886,21137,0.3257794388986138,7084,21137,0.33514689880304677,7086,21137,0.3352415196101623,0,20120,0.0,140,21137,0.006623456498083929,10,20260,0.0004935834155972359
64,225,225,fixed275,strict_16_32,9103,32,0.9462989840348331,0.989633008500933,0.9979266017001867,0.998240924425363,9103,9103,1.0,9103,9103,1.0,513,543,0.9447513812154696,523,543,0.9631675874769797,523,543,0.9631675874769797,0,9103,0.0,25,543,0.04604051565377532,3,9128,0.00032865907099035934
64,225,250,producer,all_changed,20120,32,0.48767481881862473,0.6401580337882057,0.7174297694936617,0.8196071019945909,20114,20120,0.9997017892644136,20120,20120,1.0,9212,21137,0.4358234375739225,9479,21137,0.4484553153238397,9481,21137,0.4485499361309552,0,20120,0.0,0,21137,0.0,6,20120,0.00029821073558648114
64,225,250,producer,strict_16_32,9103,32,0.9437072361600664,0.9957495334853825,0.9998963300850093,0.9998887900355872,9103,9103,1.0,9103,9103,1.0,542,543,0.998158379373849,542,543,0.998158379373849,542,543,0.998158379373849,0,9103,0.0,0,543,0.0,0,9103,0.0
64,225,250,consumer,all_changed,20120,32,0.48934726228276415,0.6413214727197809,0.7188598298470562,0.8207038261494274,20120,20120,1.0,20120,20120,1.0,9252,21137,0.4377158537162322,9538,21137,0.4512466291337465,9540,21137,0.451341249940862,0,20120,0.0,69,21137,0.003264417845484222,9,20189,0.0004457873099212442
64,225,250,consumer,strict_16_32,9103,32,0.945054945054945,0.9959568733153639,0.9998963300850093,0.9998887900355872,9103,9103,1.0,9103,9103,1.0,542,543,0.998158379373849,542,543,0.998158379373849,542,543,0.998158379373849,0,9103,0.0,13,543,0.02394106813996317,0,9116,0.0
64,225,250,fixed275,all_changed,20120,32,0.49106818236905253,0.6425576265845796,0.7200717454007804,0.8216207597760027,20120,20120,1.0,20120,20120,1.0,9291,21137,0.43956095945498413,9588,21137,0.45361214931163363,9591,21137,0.45375408052230687,0,20120,0.0,140,21137,0.006623456498083929,7,20260,0.00034550839091806513
64,225,250,fixed275,strict_16_32,9103,32,0.9462989840348331,0.9961642131453452,0.9998963300850093,0.9998887900355872,9103,9103,1.0,9103,9103,1.0,542,543,0.998158379373849,542,543,0.998158379373849,542,543,0.998158379373849,0,9103,0.0,25,543,0.04604051565377532,1,9128,0.00010955302366345311
64,225,275,producer,all_changed,20120,32,0.48767481881862473,0.6795452892842426,0.78660590930024,0.8749597444599101,20115,20120,0.9997514910536779,20120,20120,1.0,11991,21137,0.5672990490608885,12333,21137,0.5834792070776363,12334,21137,0.5835265174811941,0,20120,0.0,0,21137,0.0,5,20120,0.00024850894632206757
64,225,275,producer,strict_16_32,9103,32,0.9437072361600664,0.9986522911051213,0.9998963300850093,0.9998887900355872,9102,9103,0.9998901461056795,9103,9103,1.0,542,543,0.998158379373849,542,543,0.998158379373849,542,543,0.998158379373849,0,9103,0.0,0,543,0.0,1,9103,0.00010985389432055367
64,225,275,consumer,all_changed,20120,32,0.49106818236905253,0.6817752139030953,0.7883268293865283,0.8762487182729708,20120,20120,1.0,20120,20120,1.0,12085,21137,0.5717462269953163,12404,21137,0.5868382457302361,12407,21137,0.5869801769409093,0,20120,0.0,140,21137,0.006623456498083929,8,20260,0.0003948667324777887
64,225,275,consumer,strict_16_32,9103,32,0.9462989840348331,0.9986522911051213,0.9998963300850093,0.9998887900355872,9103,9103,1.0,9103,9103,1.0,542,543,0.998158379373849,542,543,0.998158379373849,542,543,0.998158379373849,0,9103,0.0,25,543,0.04604051565377532,1,9128,0.00010955302366345311
64,225,275,fixed275,all_changed,20120,32,0.49106818236905253,0.6817752139030953,0.7883268293865283,0.8762487182729708,20120,20120,1.0,20120,20120,1.0,12085,21137,0.5717462269953163,12404,21137,0.5868382457302361,12407,21137,0.5869801769409093,0,20120,0.0,140,21137,0.006623456498083929,8,20260,0.0003948667324777887
64,225,275,fixed275,strict_16_32,9103,32,0.9462989840348331,0.9986522911051213,0.9998963300850093,0.9998887900355872,9103,9103,1.0,9103,9103,1.0,542,543,0.998158379373849,542,543,0.998158379373849,542,543,0.998158379373849,0,9103,0.0,25,543,0.04604051565377532,1,9128,0.00010955302366345311
64,225,300,producer,all_changed,20120,32,0.48767481881862473,0.7586591366313595,0.9099061977361418,0.9537272526887021,20114,20120,0.9997017892644136,20120,20120,1.0,16974,21137,0.8030467899891186,17420,21137,0.8241472299758716,17421,21137,0.8241945403794294,0,20120,0.0,0,21137,0.0,6,20120,0.00029821073558648114
64,225,300,producer,strict_16_32,9103,32,0.9437072361600664,0.9998963300850093,1.0,1.0,9102,9103,0.9998901461056795,9103,9103,1.0,543,543,1.0,543,543,1.0,543,543,1.0,0,9103,0.0,0,543,0.0,1,9103,0.00010985389432055367
64,225,300,consumer,all_changed,20120,32,0.4928618173885644,0.7650822890660979,0.9130329398647502,0.9556897173309767,20120,20120,1.0,20120,20120,1.0,17107,21137,0.8093390736622983,17549,21137,0.8302502720348205,17550,21137,0.8302975824383781,0,20120,0.0,214,21137,0.010124426361356862,13,20334,0.0006393233008753812
64,225,300,consumer,strict_16_32,9103,32,0.9474393530997305,0.9998963300850093,1.0,1.0,9103,9103,1.0,9103,9103,1.0,543,543,1.0,543,543,1.0,543,543,1.0,0,9103,0.0,36,543,0.06629834254143646,2,9139,0.000218842324105482
64,225,300,fixed275,all_changed,20120,32,0.49106818236905253,0.7629735560026177,0.911917977555324,0.9550189703821397,20120,20120,1.0,20120,20120,1.0,17056,21137,0.8069262430808535,17503,21137,0.8280739934711643,17503,21137,0.8280739934711643,0,20120,0.0,140,21137,0.006623456498083929,8,20260,0.0003948667324777887
64,225,300,fixed275,strict_16_32,9103,32,0.9462989840348331,0.9998963300850093,1.0,1.0,9103,9103,1.0,9103,9103,1.0,543,543,1.0,543,543,1.0,543,543,1.0,0,9103,0.0,25,543,0.04604051565377532,2,9128,0.00021910604732690623
64,250,225,producer,all_changed,22361,32,0.541992873936544,0.6393339312116731,0.6833264658118622,0.7872142248451237,22351,22361,0.9995527928089084,22361,22361,1.0,5699,18896,0.3015982218458933,5831,18896,0.30858382726502964,5835,18896,0.3087955122777307,0,22361,0.0,0,18896,0.0,9,22361,0.00040248647198246946
64,250,225,producer,strict_16_32,9508,32,0.9856935517312876,0.9960605432303545,0.999066970765084,0.9984130955911428,9506,9508,0.9997896508203618,9508,9508,1.0,128,138,0.927536231884058,129,138,0.9347826086956522,129,138,0.9347826086956522,0,9508,0.0,0,138,0.0,2,9508,0.00021034917963819942
64,250,225,consumer,all_changed,22361,32,0.5401750006059578,0.6383886370797682,0.6826962697239256,0.786811250009803,22281,22361,0.9964223424712669,22361,22361,1.0,5680,18896,0.3005927180355631,5805,18896,0.30720787468247246,5805,18896,0.30720787468247246,75,22361,0.003354053933187246,0,18896,0.0,5,22286,0.0002243560979987436
64,250,225,consumer,strict_16_32,9508,32,0.9849678623263529,0.9960605432303545,0.999066970765084,0.9984130955911428,9501,9508,0.9992637778712663,9508,9508,1.0,128,138,0.927536231884058,129,138,0.9347826086956522,129,138,0.9347826086956522,7,9508,0.000736222128733698,0,138,0.0,0,9501,0.0
64,250,225,fixed275,all_changed,22361,32,0.5438107472671304,0.6402792253435781,0.6837627554112029,0.7875155087646878,22357,22361,0.9998211171235634,22361,22361,1.0,5720,18896,0.3027095681625741,5849,18896,0.3095364098221846,5851,18896,0.30964225232853515,0,22361,0.0,75,18896,0.003969093988145639,10,22436,0.0004457122481725798
64,250,225,fixed275,strict_16_32,9508,32,0.9861082313912503,0.9962678830603359,0.999066970765084,0.9984130955911428,9507,9508,0.9998948254101809,9508,9508,1.0,128,138,0.927536231884058,129,138,0.9347826086956522,129,138,0.9347826086956522,0,9508,0.0,4,138,0.028985507246376812,1,9512,0.00010513036164844407
64,250,250,producer,all_changed,22361,32,0.541992873936544,0.6698014882323,0.7440191967423709,0.8387071299175517,22355,22361,0.999731675685345,22361,22361,1.0,8014,18896,0.42411092294665537,8335,18896,0.44109864521591874,8335,18896,0.44109864521591874,0,22361,0.0,0,18896,0.0,5,22361,0.00022360359554581636
64,250,250,producer,strict_16_32,9508,32,0.9856935517312876,0.998133941530168,0.9998963300850093,0.9998887900355872,9507,9508,0.9998948254101809,9508,9508,1.0,137,138,0.9927536231884058,137,138,0.9927536231884058,137,138,0.9927536231884058,0,9508,0.0,0,138,0.0,1,9508,0.00010517458981909971
64,250,250,consumer,all_changed,22361,32,0.541992873936544,0.6698014882323,0.7440191967423709,0.8387071299175517,22355,22361,0.999731675685345,22361,22361,1.0,8014,18896,0.42411092294665537,8335,18896,0.44109864521591874,8335,18896,0.44109864521591874,0,22361,0.0,0,18896,0.0,5,22361,0.00022360359554581636
64,250,250,consumer,strict_16_32,9508,32,0.9856935517312876,0.998133941530168,0.9998963300850093,0.9998887900355872,9507,9508,0.9998948254101809,9508,9508,1.0,137,138,0.9927536231884058,137,138,0.9927536231884058,137,138,0.9927536231884058,0,9508,0.0,0,138,0.0,1,9508,0.00010517458981909971
64,250,250,fixed275,all_changed,22361,32,0.5438107472671304,0.6705043992534601,0.7445766778970841,0.8391929510703934,22361,22361,1.0,22361,22361,1.0,8071,18896,0.42712743437764605,8358,18896,0.44231583403895003,8358,18896,0.44231583403895003,0,22361,0.0,75,18896,0.003969093988145639,5,22436,0.0002228561240862899
64,250,250,fixed275,strict_16_32,9508,32,0.9861082313912503,0.998133941530168,0.9998963300850093,0.9998887900355872,9508,9508,1.0,9508,9508,1.0,137,138,0.9927536231884058,137,138,0.9927536231884058,137,138,0.9927536231884058,0,9508,0.0,4,138,0.028985507246376812,0,9512,0.0
64,250,275,producer,all_changed,22361,32,0.541992873936544,0.7013840075623531,0.8178490922752503,0.8936925822273429,22357,22361,0.9998211171235634,22361,22361,1.0,11008,18896,0.5825571549534293,11381,18896,0.6022967823878069,11382,18896,0.6023497036409822,0,22361,0.0,0,18896,0.0,4,22361,0.0001788828764366531
64,250,275,producer,strict_16_32,9508,32,0.9856935517312876,0.9998963300850093,1.0,1.0,9507,9508,0.9998948254101809,9508,9508,1.0,138,138,1.0,138,138,1.0,138,138,1.0,0,9508,0.0,0,138,0.0,1,9508,0.00010517458981909971
64,250,275,consumer,all_changed,22361,32,0.5438107472671304,0.7025716848050028,0.8188428630293041,0.8943285630702015,22361,22361,1.0,22361,22361,1.0,11056,18896,0.5850973751058425,11422,18896,0.6044665537679932,11424,18896,0.6045723962743438,0,22361,0.0,75,18896,0.003969093988145639,4,22436,0.00017828489926903192
64,250,275,consumer,strict_16_32,9508,32,0.9861082313912503,0.9998963300850093,1.0,1.0,9508,9508,1.0,9508,9508,1.0,138,138,1.0,138,138,1.0,138,138,1.0,0,9508,0.0,4,138,0.028985507246376812,0,9512,0.0
64,250,275,fixed275,all_changed,22361,32,0.5438107472671304,0.7025716848050028,0.8188428630293041,0.8943285630702015,22361,22361,1.0,22361,22361,1.0,11056,18896,0.5850973751058425,11422,18896,0.6044665537679932,11424,18896,0.6045723962743438,0,22361,0.0,75,18896,0.003969093988145639,4,22436,0.00017828489926903192
64,250,275,fixed275,strict_16_32,9508,32,0.9861082313912503,0.9998963300850093,1.0,1.0,9508,9508,1.0,9508,9508,1.0,138,138,1.0,138,138,1.0,138,138,1.0,0,9508,0.0,4,138,0.028985507246376812,0,9512,0.0
64,250,300,producer,all_changed,22361,32,0.541992873936544,0.7840124100152701,0.9272608284654725,0.9637403752018696,22358,22361,0.9998658378426725,22361,22361,1.0,15395,18896,0.8147226926333616,15895,18896,0.8411833192209992,15895,18896,0.8411833192209992,0,22361,0.0,0,18896,0.0,3,22361,0.00013416215732748983
64,250,300,producer,strict_16_32,9508,32,0.9856935517312876,0.9998963300850093,1.0,1.0,9508,9508,1.0,9508,9508,1.0,138,138,1.0,138,138,1.0,138,138,1.0,0,9508,0.0,0,138,0.0,0,9508,0.0
64,250,300,consumer,all_changed,22361,32,0.5458225270863126,0.7867271008556124,0.9289575102406864,0.9647188698315807,22361,22361,1.0,22361,22361,1.0,15510,18896,0.8208086367485182,15965,18896,0.8448878069432684,15965,18896,0.8448878069432684,0,22361,0.0,158,18896,0.00836155800169348,5,22519,0.00022203472623118255
64,250,300,consumer,strict_16_32,9508,32,0.9863155712212316,1.0,1.0,1.0,9508,9508,1.0,9508,9508,1.0,138,138,1.0,138,138,1.0,138,138,1.0,0,9508,0.0,6,138,0.043478260869565216,1,9514,0.00010510826150935464
64,250,300,fixed275,all_changed,22361,32,0.5438107472671304,0.7853939937465158,0.9282061225973774,0.9642653589329155,22361,22361,1.0,22361,22361,1.0,15454,18896,0.8178450465707028,15934,18896,0.8432472480948349,15934,18896,0.8432472480948349,0,22361,0.0,75,18896,0.003969093988145639,4,22436,0.00017828489926903192
64,250,300,fixed275,strict_16_32,9508,32,0.9861082313912503,1.0,1.0,1.0,9508,9508,1.0,9508,9508,1.0,138,138,1.0,138,138,1.0,138,138,1.0,0,9508,0.0,4,138,0.028985507246376812,0,9512,0.0
64,275,225,producer,all_changed,23933,32,0.5800954989456335,0.6746006738250478,0.7109339021256998,0.8074495101504839,23908,23933,0.9989554172063678,23933,23933,1.0,5268,17324,0.3040868159778342,5398,17324,0.31159085661510044,5400,17324,0.3117063033941353,0,23933,0.0,0,17324,0.0,19,23933,0.0007938829231604897
64,275,225,producer,strict_16_32,9597,32,0.9949201741654572,0.9997926601700187,1.0,1.0,9594,9597,0.9996874023132228,9597,9597,1.0,49,49,1.0,49,49,1.0,49,49,1.0,0,9597,0.0,0,49,0.0,0,9597,0.0
64,275,225,consumer,all_changed,23933,32,0.5754417432193325,0.672758562183387,0.7097462248830502,0.8064998217959133,23720,23933,0.9911001545982534,23933,23933,1.0,5228,17324,0.30177788039713693,5349,17324,0.30876241052874626,5350,17324,0.3088201339182637,192,23933,0.008022395855095475,0,17324,0.0,13,23741,0.0005475759235078556
64,275,225,consumer,strict_16_32,9597,32,0.9945054945054945,0.9994816504250467,1.0,1.0,9591,9597,0.9993748046264458,9597,9597,1.0,49,49,1.0,49,49,1.0,49,49,1.0,4,9597,0.0004167969157028238,0,49,0.0,0,9593,0.0
64,275,225,fixed275,all_changed,23933,32,0.5800954989456335,0.6746006738250478,0.7109339021256998,0.8074495101504839,23908,23933,0.9989554172063678,23933,23933,1.0,5268,17324,0.3040868159778342,5398,17324,0.31159085661510044,5400,17324,0.3117063033941353,0,23933,0.0,0,17324,0.0,19,23933,0.0007938829231604897
64,275,225,fixed275,strict_16_32,9597,32,0.9949201741654572,0.9997926601700187,1.0,1.0,9594,9597,0.9996874023132228,9597,9597,1.0,49,49,1.0,49,49,1.0,49,49,1.0,0,9597,0.0,0,49,0.0,0,9597,0.0
64,275,250,producer,all_changed,23933,32,0.5800954989456335,0.697675545967957,0.7806675230869913,0.8644236064507262,23922,23933,0.9995403835708018,23933,23933,1.0,8032,17324,0.4636342646040175,8275,17324,0.47766104825675365,8275,17324,0.47766104825675365,0,23933,0.0,0,17324,0.0,7,23933,0.0002924831822170225
64,275,250,producer,strict_16_32,9597,32,0.9949201741654572,1.0,1.0,1.0,9594,9597,0.9996874023132228,9597,9597,1.0,49,49,1.0,49,49,1.0,49,49,1.0,0,9597,0.0,0,49,0.0,0,9597,0.0
64,275,250,consumer,all_changed,23933,32,0.577671667838185,0.6968756817024989,0.7799646120658312,0.863888204629608,23821,23933,0.9953202690845276,23933,23933,1.0,7995,17324,0.4614984991918725,8246,17324,0.4759870699607481,8246,17324,0.4759870699607481,100,23933,0.0041783311745288935,0,17324,0.0,9,23833,0.0003776276591280997
64,275,250,consumer,strict_16_32,9597,32,0.9948165042504665,1.0,1.0,1.0,9593,9597,0.9995832030842972,9597,9597,1.0,49,49,1.0,49,49,1.0,49,49,1.0,1,9597,0.00010419922892570594,0,49,0.0,0,9596,0.0
64,275,250,fixed275,all_changed,23933,32,0.5800954989456335,0.697675545967957,0.7806675230869913,0.8644236064507262,23922,23933,0.9995403835708018,23933,23933,1.0,8032,17324,0.4636342646040175,8275,17324,0.47766104825675365,8275,17324,0.47766104825675365,0,23933,0.0,0,17324,0.0,7,23933,0.0002924831822170225
64,275,250,fixed275,strict_16_32,9597,32,0.9949201741654572,1.0,1.0,1.0,9594,9597,0.9996874023132228,9597,9597,1.0,49,49,1.0,49,49,1.0,49,49,1.0,0,9597,0.0,0,49,0.0,0,9597,0.0
64,275,275,producer,all_changed,23933,32,0.5800954989456335,0.7214775674431005,0.8405361514409676,0.9061860206290518,23928,23933,0.9997910834412735,23933,23933,1.0,10446,17324,0.6029785268990995,10745,17324,0.6202378203648118,10746,17324,0.6202955437543293,0,23933,0.0,0,17324,0.0,5,23933,0.00020891655872644466
64,275,275,producer,strict_16_32,9597,32,0.9949201741654572,1.0,1.0,1.0,9597,9597,1.0,9597,9597,1.0,49,49,1.0,49,49,1.0,49,49,1.0,0,9597,0.0,0,49,0.0,0,9597,0.0
64,275,275,consumer,all_changed,23933,32,0.5800954989456335,0.7214775674431005,0.8405361514409676,0.9061860206290518,23928,23933,0.9997910834412735,23933,23933,1.0,10446,17324,0.6029785268990995,10745,17324,0.6202378203648118,10746,17324,0.6202955437543293,0,23933,0.0,0,17324,0.0,5,23933,0.00020891655872644466
64,275,275,consumer,strict_16_32,9597,32,0.9949201741654572,1.0,1.0,1.0,9597,9597,1.0,9597,9597,1.0,49,49,1.0,49,49,1.0,49,49,1.0,0,9597,0.0,0,49,0.0,0,9597,0.0
64,275,275,fixed275,all_changed,23933,32,0.5800954989456335,0.7214775674431005,0.8405361514409676,0.9061860206290518,23928,23933,0.9997910834412735,23933,23933,1.0,10446,17324,0.6029785268990995,10745,17324,0.6202378203648118,10746,17324,0.6202955437543293,0,23933,0.0,0,17324,0.0,5,23933,0.00020891655872644466
64,275,275,fixed275,strict_16_32,9597,32,0.9949201741654572,1.0,1.0,1.0,9597,9597,1.0,9597,9597,1.0,49,49,1.0,49,49,1.0,49,49,1.0,0,9597,0.0,0,49,0.0,0,9597,0.0
64,275,300,producer,all_changed,23933,32,0.5800954989456335,0.8057056984269336,0.9336839809002109,0.9668994544243578,23926,23933,0.999707516817783,23933,23933,1.0,14322,17324,0.8267143846686678,14588,17324,0.8420688062803048,14588,17324,0.8420688062803048,0,23933,0.0,0,17324,0.0,7,23933,0.0002924831822170225
64,275,300,producer,strict_16_32,9597,32,0.9949201741654572,1.0,1.0,1.0,9597,9597,1.0,9597,9597,1.0,49,49,1.0,49,49,1.0,49,49,1.0,0,9597,0.0,0,49,0.0,0,9597,0.0
64,275,300,consumer,all_changed,23933,32,0.5825435683641564,0.8079840996679352,0.9344596068545944,0.9673813501079047,23933,23933,1.0,23933,23933,1.0,14356,17324,0.8286769799122604,14620,17324,0.8439159547448626,14620,17324,0.8439159547448626,0,23933,0.0,101,17324,0.005830062341260679,10,24034,0.0004160772239327619
64,275,300,consumer,strict_16_32,9597,32,0.9950238440804479,1.0,1.0,1.0,9597,9597,1.0,9597,9597,1.0,49,49,1.0,49,49,1.0,49,49,1.0,0,9597,0.0,1,49,0.02040816326530612,0,9598,0.0
64,275,300,fixed275,all_changed,23933,32,0.5800954989456335,0.8057056984269336,0.9336839809002109,0.9668994544243578,23926,23933,0.999707516817783,23933,23933,1.0,14322,17324,0.8267143846686678,14588,17324,0.8420688062803048,14588,17324,0.8420688062803048,0,23933,0.0,0,17324,0.0,7,23933,0.0002924831822170225
64,275,300,fixed275,strict_16_32,9597,32,0.9949201741654572,1.0,1.0,1.0,9597,9597,1.0,9597,9597,1.0,49,49,1.0,49,49,1.0,49,49,1.0,0,9597,0.0,0,49,0.0,0,9597,0.0
64,300,225,producer,all_changed,12225,32,0.2963133528855709,0.205734784400223,0.16913493467775165,0.23843451215193598,4887,12225,0.39975460122699386,4896,12225,0.40049079754601224,2053,29032,0.07071507302287132,2082,29032,0.07171397079085147,4003,29032,0.13788233673188205,0,12225,0.0,0,29032,0.0,207,12225,0.016932515337423314
64,300,225,producer,strict_16_32,4761,30,0.49357246527057846,0.2744142649803027,0.18556914783329878,0.2197322402583157,1787,4761,0.3753413148498215,1790,4761,0.37597143457256876,0,4885,0.0,0,4885,0.0,18,4885,0.00368474923234391,0,4761,0.0,0,4885,0.0,64,4761,0.013442554085276202
64,300,225,consumer,all_changed,12225,32,0.3013306832779892,0.2086676200402356,0.17114671449693386,0.24070466023805331,4883,12225,0.39942740286298567,4958,12225,0.40556237218813906,2076,29032,0.07150730228713144,2103,29032,0.07243731055387159,4253,29032,0.14649352438688343,187,12225,0.015296523517382412,394,29032,0.013571231744282172,206,12432,0.01657014157014157
64,300,225,consumer,strict_16_32,4761,30,0.5080862533692723,0.2795977607298362,0.18919759485797222,0.2233442871420311,1825,4761,0.3833228313379542,1825,4761,0.3833228313379542,0,4885,0.0,0,4885,0.0,101,4885,0.02067553735926305,0,4761,0.0,140,4885,0.028659160696008188,61,4901,0.01244643950214242
64,300,225,fixed275,all_changed,12225,32,0.2982039411493807,0.20684974670964928,0.16986208400998618,0.23935852245146985,4883,12225,0.39942740286298567,4922,12225,0.40261758691206545,2057,29032,0.07085285202535134,2086,29032,0.07185174979333149,4073,29032,0.14029346927528244,73,12225,0.005971370143149284,151,29032,0.005201157343620832,191,12303,0.015524668779972365
64,300,225,fixed275,strict_16_32,4761,30,0.5001036699149907,0.27659133319510676,0.18722786647314948,0.22156852482649148,1806,4761,0.37933207309388783,1806,4761,0.37933207309388783,0,4885,0.0,0,4885,0.0,42,4885,0.008597748208802457,0,4761,0.0,63,4885,0.012896622313203685,59,4824,0.012230514096185738
64,300,250,producer,all_changed,12225,32,0.2963133528855709,0.18828320042659427,0.1349104394405798,0.19799040360778486,3840,12225,0.3141104294478528,3845,12225,0.314519427402863,1672,29032,0.05759162303664921,1721,29032,0.05927941581702949,4237,29032,0.14594240837696335,0,12225,0.0,0,29032,0.0,266,12225,0.021758691206543966
64,300,250,producer,strict_16_32,4761,30,0.49357246527057846,0.22900684221438938,0.1215011403690649,0.16177919934131146,1172,4761,0.24616677168662046,1172,4761,0.24616677168662046,0,4885,0.0,0,4885,0.0,14,4885,0.0028659160696008186,0,4761,0.0,0,4885,0.0,87,4761,0.018273471959672338
64,300,250,consumer,all_changed,12225,32,0.2997794313692222,0.18932544780279711,0.1354921589063674,0.1984901319491154,3834,12225,0.3136196319018405,3868,12225,0.31640081799591,1681,29032,0.05790162579222927,1722,29032,0.05931386056764949,4351,29032,0.149869109947644,126,12225,0.010306748466257669,269,29032,0.009265637916781483,244,12368,0.019728331177231564
64,300,250,consumer,strict_16_32,4761,30,0.5042504665146175,0.2317022600041468,0.12274517934895293,0.1636742939026691,1184,4761,0.24868725057760974,1184,4761,0.24868725057760974,0,4885,0.0,0,4885,0.0,55,4885,0.011258955987717503,0,4761,0.0,103,4885,0.021084953940634595,76,4864,0.015625
64,300,250,fixed275,all_changed,12225,32,0.2982039411493807,0.1888406815813074,0.13527401410669704,0.19829954996799148,3835,12225,0.3137014314928425,3860,12225,0.31574642126789365,1677,29032,0.05776384678974924,1721,29032,0.05927941581702949,4309,29032,0.14842243042160375,73,12225,0.005971370143149284,151,29032,0.005201157343620832,244,12303,0.019832561163943753
64,300,250,fixed275,strict_16_32,4761,30,0.5001036699149907,0.23076923076923078,0.12233049968899025,0.16282902909805327,1180,4761,0.24784709094728,1180,4761,0.24784709094728,0,4885,0.0,0,4885,0.0,34,4885,0.006960081883316274,0,4761,0.0,63,4885,0.012896622313203685,83,4824,0.017205638474295192
64,300,275,producer,all_changed,12225,32,0.2963133528855709,0.16724434641394187,0.1107448432993189,0.16633752726289852,2954,12225,0.2416359918200409,2956,12225,0.24179959100204498,1598,29032,0.05504271149076881,1613,29032,0.055559382750068886,4725,29032,0.16275144667952604,0,12225,0.0,0,29032,0.0,319,12225,0.02609406952965235
64,300,275,producer,strict_16_32,4761,30,0.49357246527057846,0.18753887621812151,0.07889280530789965,0.11702714971026457,760,4761,0.1596303297626549,761,4761,0.15984036967023735,0,4885,0.0,0,4885,0.0,8,4885,0.0016376663254861821,0,4761,0.0,0,4885,0.0,108,4761,0.022684310018903593
64,300,275,consumer,all_changed,12225,32,0.2982039411493807,0.16857745352303852,0.111350801076181,0.1670652352965793,2954,12225,0.2416359918200409,2968,12225,0.24278118609406954,1608,29032,0.05538715899696886,1626,29032,0.05600716450812896,4737,29032,0.1631647836869661,73,12225,0.005971370143149284,151,29032,0.005201157343620832,293,12303,0.023815329594407866
64,300,275,consumer,strict_16_32,4761,30,0.5001036699149907,0.19013062409288825,0.07992950445780635,0.11789520526582012,770,4761,0.1617307288384793,771,4761,0.16194076874606175,0,4885,0.0,0,4885,0.0,24,4885,0.004912998976458547,0,4761,0.0,63,4885,0.012896622313203685,107,4824,0.022180762852404643
64,300,275,fixed275,all_changed,12225,32,0.2982039411493807,0.16857745352303852,0.111350801076181,0.1670652352965793,2954,12225,0.2416359918200409,2968,12225,0.24278118609406954,1608,29032,0.05538715899696886,1626,29032,0.05600716450812896,4737,29032,0.1631647836869661,73,12225,0.005971370143149284,151,29032,0.005201157343620832,293,12303,0.023815329594407866
64,300,275,fixed275,strict_16_32,4761,30,0.5001036699149907,0.19013062409288825,0.07992950445780635,0.11789520526582012,770,4761,0.1617307288384793,771,4761,0.16194076874606175,0,4885,0.0,0,4885,0.0,24,4885,0.004912998976458547,0,4761,0.0,63,4885,0.012896622313203685,107,4824,0.022180762852404643
64,300,300,producer,all_changed,12225,32,0.2963133528855709,0.12986887073708703,0.05872942773347553,0.10957001416313338,1973,12225,0.16139059304703476,1974,12225,0.1614723926380368,448,29032,0.015431248277762469,449,29032,0.015465693028382474,4208,29032,0.1449435106089832,0,12225,0.0,0,29032,0.0,358,12225,0.029284253578732107
64,300,300,producer,strict_16_32,4761,30,0.49357246527057846,0.1091644204851752,0.05535973460501763,0.09506786616161617,534,4761,0.11216131064902331,534,4761,0.11216131064902331,0,4885,0.0,0,4885,0.0,5,4885,0.0010235414534288639,0,4761,0.0,0,4885,0.0,125,4761,0.026254988447805085
64,300,300,consumer,all_changed,12225,32,0.2963133528855709,0.12986887073708703,0.05872942773347553,0.10957001416313338,1973,12225,0.16139059304703476,1974,12225,0.1614723926380368,448,29032,0.015431248277762469,449,29032,0.015465693028382474,4208,29032,0.1449435106089832,0,12225,0.0,0,29032,0.0,358,12225,0.029284253578732107
64,300,300,consumer,strict_16_32,4761,30,0.49357246527057846,0.1091644204851752,0.05535973460501763,0.09506786616161617,534,4761,0.11216131064902331,534,4761,0.11216131064902331,0,4885,0.0,0,4885,0.0,5,4885,0.0010235414534288639,0,4761,0.0,0,4885,0.0,125,4761,0.026254988447805085
64,300,300,fixed275,all_changed,12225,32,0.2982039411493807,0.13103230966866228,0.05938386213248661,0.11003536666627371,1972,12225,0.16130879345603272,1981,12225,0.16204498977505113,469,29032,0.016154588040782583,469,29032,0.016154588040782583,4254,29032,0.14652796913750343,73,12225,0.005971370143149284,151,29032,0.005201157343620832,347,12303,0.028204502966756077
64,300,300,fixed275,strict_16_32,4761,30,0.5001036699149907,0.1105121293800539,0.05535973460501763,0.09506786616161617,534,4761,0.11216131064902331,534,4761,0.11216131064902331,0,4885,0.0,0,4885,0.0,23,4885,0.004708290685772774,0,4761,0.0,63,4885,0.012896622313203685,126,4824,0.026119402985074626
