size,producer,consumer,state_time,readout,cohort,acquisition_numerator,acquisition_denominator,acquisition_value,destruction_numerator,destruction_denominator,destruction_value,net_coverage_change_numerator,net_coverage_change_denominator,net_coverage_change_value
32,275,275,64,275,all_changed,25,1610,0.015527950310559006,0,7436,0.0,25,9046,0.0027636524430687598
32,275,275,64,275,strict_16_32,13,159,0.08176100628930817,0,3233,0.0,13,3392,0.0038325471698113208
32,275,300,64,275,all_changed,34,1610,0.02111801242236025,2,7436,0.00026896180742334586,32,9046,0.0035374751271280125
32,275,300,64,275,strict_16_32,18,159,0.11320754716981132,1,3233,0.0003093102381688834,17,3392,0.0050117924528301884
32,275,275,128,275,all_changed,6,779,0.007702182284980745,0,8267,0.0,6,9046,0.0006632765863365023
32,275,275,128,275,strict_16_32,0,13,0.0,0,3379,0.0,0,3392,0.0
32,275,300,128,275,all_changed,6,779,0.007702182284980745,0,8267,0.0,6,9046,0.0006632765863365023
32,275,300,128,275,strict_16_32,0,13,0.0,0,3379,0.0,0,3392,0.0
32,275,275,192,275,all_changed,0,562,0.0,0,8484,0.0,0,9046,0.0
32,275,275,192,275,strict_16_32,0,0,,0,3392,0.0,0,3392,0.0
32,275,300,192,275,all_changed,0,562,0.0,0,8484,0.0,0,9046,0.0
32,275,300,192,275,strict_16_32,0,0,,0,3392,0.0,0,3392,0.0
64,275,275,64,275,all_changed,236,17324,0.01362271992611406,5,23933,0.00020891655872644466,231,41257,0.0055990498582058805
64,275,275,64,275,strict_16_32,4,49,0.08163265306122448,0,9597,0.0,4,9646,0.00041467965996267884
64,275,300,64,275,all_changed,254,17324,0.014661740937427845,7,23933,0.0002924831822170225,247,41257,0.0059868628353976295
64,275,300,64,275,strict_16_32,4,49,0.08163265306122448,0,9597,0.0,4,9646,0.00041467965996267884
64,275,275,128,275,all_changed,83,11491,0.0072230441214863805,2,29766,6.719075455217362e-05,81,41257,0.001963303197033231
64,275,275,128,275,strict_16_32,0,0,,0,9646,0.0,0,9646,0.0
64,275,300,128,275,all_changed,88,11491,0.007658167261334958,2,29766,6.719075455217362e-05,86,41257,0.002084494752405652
64,275,300,128,275,strict_16_32,0,0,,0,9646,0.0,0,9646,0.0
64,275,275,192,275,all_changed,19,8080,0.0023514851485148514,1,33177,3.0141362992434516e-05,18,41257,0.0004362895993407179
64,275,275,192,275,strict_16_32,0,0,,0,9646,0.0,0,9646,0.0
64,275,300,192,275,all_changed,25,8080,0.003094059405940594,1,33177,3.0141362992434516e-05,24,41257,0.0005817194657876239
64,275,300,192,275,strict_16_32,0,0,,0,9646,0.0,0,9646,0.0
