name,experiment,epsilon,direction_seed,schedule_seed,updates,status,phenotype_pass,failed_gate_count,checkpoint_file_sha_match,checkpoint_state_sha_match,initial_sha_match,size32_T64_original_ba,size32_T64_flipped_ba,size32_T64_all_changed_coverage,size32_T256_all_changed_coverage,size32_strict_T64_map_mean,size32_strict_T64_pooled,size32_retention64_256,size32_gain64_256,size32_ever_relapse,size32_frontier_effect,size32_frontier_eligible_maps,size32_frontier_common_strata,size64_T64_original_ba,size64_T64_flipped_ba,size64_T64_all_changed_coverage,size64_T256_all_changed_coverage,size64_strict_T64_map_mean,size64_strict_T64_pooled,size64_retention64_256,size64_gain64_256,size64_ever_relapse,size64_frontier_effect,size64_frontier_eligible_maps,size64_frontier_common_strata
control,control,0.0,,20002,300,COMPLETE,True,0,True,True,True,0.97214319389682,0.9738533580697702,0.7636887608069164,0.9248414985590778,0.9340931325354075,0.9042369962108164,1.0,0.16115273775216143,0.02679127725856698,0.32582921995925546,30,1088,0.903187658916647,0.9307332511966522,0.4362534309240622,0.7147529734675205,0.9368253813781166,0.9286139202855443,0.9809154301892727,0.2784995425434583,0.12642563198118753,0.23236484812762465,31,6520
A_schedule20012,A,0.0,,20012,300,COMPLETE,False,14,True,True,True,0.8268965320044341,0.8197623997172427,0.26328530259365995,0.17544668587896253,0.3505597573325035,0.31484671029968997,0.5805604203152365,-0.08783861671469742,0.7667329357190192,0.2489978598320578,32,1289,0.8742467827431728,0.859387849843941,0.2599496797804209,0.26884720951509605,0.5351039922441538,0.47519333729922664,0.5289045314562253,0.00889752973467517,0.6680399837903552,0.15921833728906884,32,10937
A_schedule20022,A,0.0,,20022,300,COMPLETE,False,15,True,True,True,0.9385230601404966,0.945234063784175,0.6722766570605188,0.5182708933717579,0.8167074844869876,0.7946951429555632,0.5963648834019204,-0.15400576368876084,0.43366763996445346,0.18617454238288594,29,1532,0.7968151338514836,0.7838214344746822,0.16923604757548033,0.0032250686184812443,0.3529025233752347,0.2983938132064248,0.01567779429652656,-0.1660109789569991,0.9925766283524904,0.10151659601864904,32,3768
A_schedule20032,A,0.0,,20032,300,COMPLETE,False,4,True,True,True,0.9608192814877696,0.9589093345140309,0.6756195965417867,0.9537752161383285,0.6743319358280027,0.6200482259731313,1.0,0.2781556195965418,0.3723712835387962,0.2121268543801918,32,1798,0.85605541174849,0.8914759465894175,0.35844007319304666,0.8160795974382433,0.7375399671571141,0.7148126115407496,0.9989790058069045,0.45763952424519666,0.403922549101314,0.1624085728072836,32,11688
A_schedule20042,A,0.0,,20042,300,COMPLETE,False,10,True,True,True,0.9350226891406754,0.9191757421215971,0.5659942363112392,0.547550432276657,0.8018309373163388,0.7165001722356183,0.8179226069246436,-0.018443804034582234,0.427986906710311,0.2767369641857525,30,1649,0.7603757070255988,0.8094237917896725,0.33067246111619397,0.5015782250686185,0.6077086241156096,0.6600832837596669,0.726775956284153,0.17090576395242452,0.5208751287751451,0.18737408642127096,32,12757
B_direction70002_eps01,B,0.01,70002,20002,300,COMPLETE,False,16,True,True,True,0.9341914781712746,0.9192989909880362,0.5922766570605187,0.17452449567723344,0.758138038313781,0.679986221150534,0.2487349163098482,-0.41775216138328525,0.8551675977653631,0.1426301097677576,32,2004,0.829259716918385,0.8076270347516945,0.15937785910338517,0.000777676120768527,0.38797587378834786,0.3257584770969661,0.004879448909299655,-0.15860018298261663,0.9982974226501498,0.17758240577411133,32,4250
B_direction70002_eps05,B,0.05,70002,20002,300,COMPLETE,False,15,True,True,True,0.7811231689903637,0.7856141876366091,0.08472622478386167,0.001037463976945245,0.17737648305096088,0.10299689975887014,0.012244897959183673,-0.08368876080691642,0.9983040067839729,0.09533514155263274,32,942,0.7135449390048203,0.6518720005858776,0.04535681610247026,0.0,0.16004686870545626,0.13658536585365855,0.0,-0.04535681610247026,1.0,0.09585367234935899,32,3688
B_direction70003_eps01,B,0.01,70003,20002,300,COMPLETE,False,18,True,True,True,0.8464878908901269,0.8453723965247237,0.3347550432276657,0.020403458213256485,0.4629934311335415,0.4264553909748536,0.060950413223140494,-0.3143515850144092,0.9715189873417721,0.06414311633399135,32,1529,0.8528009697587486,0.8873256730856296,0.32234675205855445,0.005192131747483989,0.7284713850334135,0.6997025580011897,0.016036330092953948,-0.31715462031107045,0.9922996515679442,0.10028614608292998,32,6265
B_direction70003_eps05,B,0.05,70003,20002,300,COMPLETE,False,4,True,True,True,0.9695881625882943,0.9714099287084221,0.7487031700288185,0.9325648414985591,0.8940880486926672,0.8608336203926972,1.0,0.18386167146974064,0.26811332127787824,0.3112804878863384,29,2105,0.8553410774403176,0.8719736034028148,0.34256633119853613,0.2713403476669716,0.7884210544937476,0.7781082688875669,0.5310142218067704,-0.07122598353156451,0.7133119172608321,0.13936967871509087,32,16429
B_direction70004_eps01,B,0.01,70004,20002,300,COMPLETE,False,13,True,True,True,0.8967260785237101,0.901265749865901,0.5153890489913545,0.43988472622478386,0.6152026875117406,0.5614881157423355,0.838738537239991,-0.07550432276657065,0.42430188679245284,0.20399691722017543,30,526,0.6848752286280697,0.6449707396241442,0.06914455626715461,6.86184812442818e-05,0.08918502990683992,0.09970255800118977,0.0,-0.06907593778591033,0.9998490566037735,0.11479602291831123,32,1856
B_direction70004_eps05,B,0.05,70004,20002,300,COMPLETE,False,9,True,True,True,0.9416466702350683,0.9279423874577593,0.6276657060518732,0.5712968299711816,0.7461554843953776,0.6913537719600413,0.8582185491276401,-0.05636887608069163,0.3406948559116617,0.33255510528261994,31,888,0.7345959262238224,0.7585933346255174,0.18433211344922232,0.00802836230558097,0.2943843858137046,0.3471743010113028,0.0131529966497084,-0.17630375114364136,0.9854060646843589,0.10889384643070793,32,4511
B_direction70005_eps01,B,0.01,70005,20002,300,COMPLETE,False,12,True,True,True,0.8204972024078045,0.8174190116303146,0.23239193083573487,0.17417867435158502,0.2657867796159917,0.2497416465725112,0.7440476190476191,-0.05821325648414985,0.8551750526114406,0.24895930811304573,32,2853,0.8598667782711316,0.843871765736403,0.27017383348581886,0.19302378774016468,0.6137699772991776,0.5806067816775728,0.5280223501523874,-0.07715004574565418,0.921539190897598,0.27794406579028574,31,19902
B_direction70005_eps05,B,0.05,70005,20002,300,COMPLETE,False,18,True,True,True,0.8318102318449756,0.8338110921287338,0.35585014409221905,0.006109510086455331,0.505017549429644,0.40682053048570443,0.017168772270813086,-0.3497406340057637,0.9916992952231793,0.09286313968827374,32,1245,0.8625794080871355,0.8273909339178532,0.23952424519670631,0.011001829826166515,0.5404376395734717,0.46174895895300416,0.045932009167303285,-0.2285224153705398,0.9774623573415172,0.10144370420336629,32,3440
