block,init_seed,initialization_seed,schedule_seed,arm,update,checkpoint,model_sha,checkpoint_sha256,last_loss,seconds,evaluation_seconds,size,R_strict_pooled_T64,R_strict_mean_T64,S_retention64_to256,S_retention_numerator,S_continuous_survival64_to256,retention_reference_pixels,retention_reference_maps,ever_regressed_fraction,ever_regressed_numerator,ever_regressed_denominator,coverage_gain64_to256,frontier_status,frontier_effect,joint_readiness,full_pass,formal_endpoint,trace_complete,numerical_failure
0,130001,130001,131001,current,300,block00/current/checkpoints/u300.pt,d122292e9d4317d3c2e7ed494a4c04afd819328b87a59fc63b473c1a68326108,d8240d80c0f9a01d3fc7de5552e515e6eb37a7c887ed48004c1eb1c0ceb5ca2a,0.28817617893218994,,14.610000000000582,32,0.37725631768953066,0.5104189723145346,0.8607296137339056,4011,0.8403433476394849,4660,32,0.43456162642947904,2394,5509,0.0004885197850513778,full,0.08517935467548676,False,False,True,True,False
0,130001,130001,131001,current,300,block00/current/checkpoints/u300.pt,d122292e9d4317d3c2e7ed494a4c04afd819328b87a59fc63b473c1a68326108,d8240d80c0f9a01d3fc7de5552e515e6eb37a7c887ed48004c1eb1c0ceb5ca2a,0.28817617893218994,,14.610000000000582,64,0.5092764378478665,0.5112329190749414,0.8514615067929189,10341,0.8139151914368052,12145,32,0.44378735059760954,7129,16064,0.021533442088091326,full,0.055344268708849155,,False,True,True,False
0,130001,130001,131001,constant,300,block00/constant/checkpoints/u300.pt,ef1f01f405473671a8295c09732dc08dfc7c97f9a2878d72d463dfe9c9122417,0531ab0b0df2ae182b1aa2305e2356835187b1789d7bfbc48cc96eb5335424ad,0.2054441124200821,,15.264999999999418,32,0.39025270758122743,0.49407416460105413,0.8196793323083681,3732,0.617395124094004,4553,32,0.5960998439937597,3821,6410,-0.04225696140693702,full,0.10056555988943863,False,False,True,True,False
0,130001,130001,131001,constant,300,block00/constant/checkpoints/u300.pt,ef1f01f405473671a8295c09732dc08dfc7c97f9a2878d72d463dfe9c9122417,0531ab0b0df2ae182b1aa2305e2356835187b1789d7bfbc48cc96eb5335424ad,0.2054441124200821,,15.264999999999418,64,0.3530844155844156,0.36862193739943205,0.8594444993575171,8695,0.7068300879707423,10117,32,0.6925069467338577,14704,21233,0.023491027732463254,full,0.08011414744207675,,False,True,True,False
0,130001,130001,131001,conditioned,300,block00/conditioned/checkpoints/u300.pt,84206ae6bc027084996e6a2789b518c7fdb4af0326e0c9a290efb7c9f296b716,b4d63763032fb6c85f1c4ebb97775806d05d56e4e41df2584bbf37a48fd88240,0.8625652194023132,,16.312000000001717,32,0.0007220216606498195,0.0005580357142857143,0.3670886075949367,29,0.31645569620253167,79,18,0.9881780250347705,2842,2876,0.020639960918417195,full,0.09863645053789252,False,False,True,True,False
0,130001,130001,131001,conditioned,300,block00/conditioned/checkpoints/u300.pt,84206ae6bc027084996e6a2789b518c7fdb4af0326e0c9a290efb7c9f296b716,b4d63763032fb6c85f1c4ebb97775806d05d56e4e41df2584bbf37a48fd88240,0.8625652194023132,,16.312000000001717,64,0.00510204081632653,0.005533601283251158,0.3008130081300813,37,0.22764227642276422,123,25,0.9536123174101856,9662,10132,0.01889823064374451,full,0.05130003761366923,,False,True,True,False
1,130002,130002,131002,current,300,block01/current/checkpoints/u300.pt,136a5ad256952e49a6e8cf2329be135d5408e2e4acca6442f6975b28ce37e7ae,d2d40152c5c1e8625778583da0845d731210ce9949242369af918975a7354373,0.33718323707580566,,15.781000000002678,32,0.022382671480144403,0.04970589236814048,0.7929479294792948,1934,0.7855678556785568,2439,32,0.6833986928104575,2614,3825,-0.03273082559843671,full,0.03769357537323143,False,False,True,True,False
1,130002,130002,131002,current,300,block01/current/checkpoints/u300.pt,136a5ad256952e49a6e8cf2329be135d5408e2e4acca6442f6975b28ce37e7ae,d2d40152c5c1e8625778583da0845d731210ce9949242369af918975a7354373,0.33718323707580566,,15.781000000002678,64,0.07908163265306123,0.07657319973185597,0.8267382702091577,5850,0.8169869983041266,7076,32,0.6200859204020427,7650,12337,-0.007855439829338673,full,0.036792235249989785,,False,True,True,False
1,130002,130002,131002,constant,300,block01/constant/checkpoints/u300.pt,5fd23fa94e04072caa04a99fd430f395544d7e7c7e08faeb39c9e30ca8642943,b4e341112a6499e8c0e22f09758e11dae7e83d3c8cd3d08eaaba4e60d2c2ba66,0.41270333528518677,,16.28099999999904,32,0.010108303249097473,0.013442874248850436,0.3019230769230769,471,0.2076923076923077,1560,32,0.9325173668541185,2819,3023,-0.12750366389838788,full,0.08575993732418624,False,False,True,True,False
1,130002,130002,131002,constant,300,block01/constant/checkpoints/u300.pt,5fd23fa94e04072caa04a99fd430f395544d7e7c7e08faeb39c9e30ca8642943,b4e341112a6499e8c0e22f09758e11dae7e83d3c8cd3d08eaaba4e60d2c2ba66,0.41270333528518677,,16.28099999999904,64,0.048701298701298704,0.05043389166837978,0.3851570964247021,2133,0.2703141928494041,5538,32,0.8873931413972683,9031,10177,-0.07729953570084075,full,0.10332660835904486,,False,True,True,False
1,130002,130002,131002,conditioned,300,block01/conditioned/checkpoints/u300.pt,fb54410aff734d515d65ebab12938ac8ee2384f342178fe77bf6b21d480662e8,b9209c563ceb74d93e301d00269e5e41a654e20285be0d8ef993245a7f06f15b,0.5042176842689514,,18.687000000001717,32,0.16750902527075812,0.27554432141168606,0.8802514058881905,2661,0.8494872643069799,3023,32,0.47476418997186826,2869,6043,0.1670737664875428,full,0.05210793004446081,False,False,True,True,False
1,130002,130002,131002,conditioned,300,block01/conditioned/checkpoints/u300.pt,fb54410aff734d515d65ebab12938ac8ee2384f342178fe77bf6b21d480662e8,b9209c563ceb74d93e301d00269e5e41a654e20285be0d8ef993245a7f06f15b,0.5042176842689514,,18.687000000001717,64,0.1956168831168831,0.20432875324350516,0.6261682242990654,2613,0.5303139228372873,4173,32,0.6576262225746762,12439,18915,0.13053080687664703,full,0.028181209052565555,,False,True,True,False
2,130003,130003,131003,current,300,block02/current/checkpoints/u300.pt,b74df505a6fc3c7fb18160fe6368addcd58da18c8aa3a5b37fb2ebd57d162653,cb7c73b809d8de5a2da99f81e1af59d5cd5b5cdd352a160eb8d962ce38c6dfaa,0.49626871943473816,,15.9220000000023,32,0.0,0.0,0.39016172506738545,579,0.3888140161725067,1484,32,0.7974290780141844,1799,2256,-0.11052760136785539,full,0.05212993328676183,False,False,True,True,False
2,130003,130003,131003,current,300,block02/current/checkpoints/u300.pt,b74df505a6fc3c7fb18160fe6368addcd58da18c8aa3a5b37fb2ebd57d162653,cb7c73b809d8de5a2da99f81e1af59d5cd5b5cdd352a160eb8d962ce38c6dfaa,0.49626871943473816,,15.9220000000023,64,0.006145640074211502,0.007105002734103546,0.08221649484536082,319,0.08067010309278351,3880,32,0.9653276955602537,6849,7095,-0.0893713138411344,full,0.11271268002794947,,False,True,True,False
2,130003,130003,131003,constant,300,block02/constant/checkpoints/u300.pt,1e66295e7681c0160c24d8f9109cf49f8fcc9f0d49aa4f73e97252628c09baa9,7d4b9cc1dc17743c9fdb4306b41b351445bcbff403bfdc6e38cf08fd1ffd25a4,0.44313275814056396,,16.35900000000038,32,0.007942238267148015,0.01889435050008582,0.8586626139817629,1695,0.8505572441742655,1974,32,0.5431372549019607,1662,3060,-0.02051783097215437,full,0.11181079307589505,False,False,True,True,False
2,130003,130003,131003,constant,300,block02/constant/checkpoints/u300.pt,1e66295e7681c0160c24d8f9109cf49f8fcc9f0d49aa4f73e97252628c09baa9,7d4b9cc1dc17743c9fdb4306b41b351445bcbff403bfdc6e38cf08fd1ffd25a4,0.44313275814056396,,16.35900000000038,64,0.049049165120593693,0.05507302317432898,0.8378630222084175,5395,0.8280788942382358,6439,32,0.5205160990352202,4478,8603,-0.016639477977161476,full,0.12245534822650683,,False,True,True,False
2,130003,130003,131003,conditioned,300,block02/conditioned/checkpoints/u300.pt,16adb019930b9c86cc18ec873474dbbe9ff747bf3a6e63abfe434a11d50a12a8,12977df721426169918dc4cc638b59cf2202b1afdb7612400015729dfd46b0db,0.37740984559059143,,17.23400000000038,32,0.1444043321299639,0.18780764667653693,0.6421117249846532,2092,0.5475751995089012,3258,32,0.6159431728492502,3902,6335,0.035906204201270164,full,0.020603034031262644,False,False,True,True,False
2,130003,130003,131003,conditioned,300,block02/conditioned/checkpoints/u300.pt,16adb019930b9c86cc18ec873474dbbe9ff747bf3a6e63abfe434a11d50a12a8,12977df721426169918dc4cc638b59cf2202b1afdb7612400015729dfd46b0db,0.37740984559059143,,17.23400000000038,64,0.1008812615955473,0.10371223750161764,0.3813990887161619,1423,0.18359689091396408,3731,32,0.8801716738197425,15381,17475,0.030819425272932605,full,0.014998706292523136,,False,True,True,False
3,130004,130004,131004,current,300,block03/current/checkpoints/u300.pt,510069c778ca3b6c6eb9bc6073a934e304bad25acd9412719a4480e0e9072487,b7d5d3a4ae673cbacdb19689745e735e9704dc8abfd32f6301ad9b1d0e75ca37,0.30099475383758545,,13.781999999999243,32,0.0036101083032490976,0.003149815237046938,0.9755691282620766,1757,0.9705719044975014,1801,32,0.6986062717770035,3208,4592,0.07572056668295069,full,0.06181315058274347,False,False,True,True,False
3,130004,130004,131004,current,300,block03/current/checkpoints/u300.pt,510069c778ca3b6c6eb9bc6073a934e304bad25acd9412719a4480e0e9072487,b7d5d3a4ae673cbacdb19689745e735e9704dc8abfd32f6301ad9b1d0e75ca37,0.30099475383758545,,13.781999999999243,64,0.0,0.0,0.04242424242424243,7,0.0,165,4,1.0,10819,10819,-0.0034132262517254357,full,0.1595017816428433,,False,True,True,False
3,130004,130004,131004,constant,300,block03/constant/checkpoints/u300.pt,b05d7ff88a7db5fc927f4588667448c40761732e65a0ed58ea5abb281d748354,61d5a47d4831dfa891336c1bcb6701648d645a6d7ada4a9e9cacdd1e650a6412,0.28756269812583923,,14.203000000001339,32,0.058844765342960285,0.07985856325452129,0.005532503457814661,16,0.005532503457814661,2892,32,0.9987082487543827,5412,5419,-0.3512457254518808,full,0.08134795892707479,False,False,True,True,False
3,130004,130004,131004,constant,300,block03/constant/checkpoints/u300.pt,b05d7ff88a7db5fc927f4588667448c40761732e65a0ed58ea5abb281d748354,61d5a47d4831dfa891336c1bcb6701648d645a6d7ada4a9e9cacdd1e650a6412,0.28756269812583923,,14.203000000001339,64,0.1364795918367347,0.13914059915138566,0.12582361885453625,993,0.11074505828687278,7892,32,0.9630342059044911,11515,11957,-0.16722298908269545,full,0.04380704211199167,,False,True,True,False
3,130004,130004,131004,conditioned,300,block03/conditioned/checkpoints/u300.pt,edc09a885d1e0bfd733e4c7ab1bab90b2d1bafbba06fccd15a793466bc4b3c8f,e61c265e28217bf37ca368b8f6a01018d1b75173ec8c96b81c9c861609d13bb6,0.654373824596405,,16.937999999998283,32,0.021299638989169676,0.025073109721301803,0.191800878477306,131,0.02635431918008785,683,32,0.9366731728475385,4319,4611,0.04176844162188567,full,0.01287756347895102,False,False,True,True,False
3,130004,130004,131004,conditioned,300,block03/conditioned/checkpoints/u300.pt,edc09a885d1e0bfd733e4c7ab1bab90b2d1bafbba06fccd15a793466bc4b3c8f,e61c265e28217bf37ca368b8f6a01018d1b75173ec8c96b81c9c861609d13bb6,0.654373824596405,,16.937999999998283,64,0.056818181818181816,0.05551382151623907,0.24085703731067604,652,0.028075360177318064,2707,32,0.9184100418410042,17121,18642,0.040306186472581246,full,0.01877358857604517,,False,True,True,False
4,130005,130005,131005,current,300,block04/current/checkpoints/u300.pt,19b886fdb83898d94f3fc33812e843c4e5b77d42777457d76f80ed8aec2aa562,0e188f80d5d64f9012dfccad428237bfcd2e00c89e400117601e749f6713214a,0.3858594596385956,,13.703000000001339,32,0.45306859205776173,0.48365366395802056,0.35823817292006527,1098,0.3500815660685155,3065,27,0.8775510204081632,5461,6223,-0.18258426966292132,full,0.1533047293864901,False,False,True,True,False
4,130005,130005,131005,current,300,block04/current/checkpoints/u300.pt,19b886fdb83898d94f3fc33812e843c4e5b77d42777457d76f80ed8aec2aa562,0e188f80d5d64f9012dfccad428237bfcd2e00c89e400117601e749f6713214a,0.3858594596385956,,13.703000000001339,64,0.28362708719851576,0.29949781972458156,0.35975907537034024,2210,0.35585218948396546,6143,30,0.8976157082748948,12800,14260,-0.06389760321244824,full,0.20295268647960524,,False,True,True,False
4,130005,130005,131005,constant,300,block04/constant/checkpoints/u300.pt,0f0386b0b1a83d3de403f95cf384e2f5db100bbeed3cca90b4d619f17a3cba5b,fb12feb6be1b9ec0f93f8a41e11e5f88ed12237ff776bedc6efdb6d5c23576ad,0.3724929094314575,,15.217999999997119,32,0.5205776173285198,0.5548271331329766,0.0,0,0.0,3527,25,1.0,6402,6402,-0.430752320468979,full,0.10083587034744013,False,False,True,True,False
4,130005,130005,131005,constant,300,block04/constant/checkpoints/u300.pt,0f0386b0b1a83d3de403f95cf384e2f5db100bbeed3cca90b4d619f17a3cba5b,fb12feb6be1b9ec0f93f8a41e11e5f88ed12237ff776bedc6efdb6d5c23576ad,0.3724929094314575,,15.217999999997119,64,0.6462198515769945,0.6574383987829322,0.0,0,0.0,12988,30,1.0,24748,24748,-0.32596310703977915,full,0.15838485707847816,,False,True,True,False
4,130005,130005,131005,conditioned,300,block04/conditioned/checkpoints/u300.pt,9dbe05f0b2748f0a369432c625024750d601494b0d83278e346a28657682553d,9b60653607b0711ada07da7434bd8be43da87f376e8b660d52aadd05922b1360,0.4151441752910614,,17.062999999998283,32,0.02779783393501805,0.08946180294422368,0.3571140669085046,886,0.1664651350261991,2481,32,0.849257708412638,4462,5254,-0.0909868099658036,full,0.012217055438341229,False,False,True,True,False
4,130005,130005,131005,conditioned,300,block04/conditioned/checkpoints/u300.pt,9dbe05f0b2748f0a369432c625024750d601494b0d83278e346a28657682553d,9b60653607b0711ada07da7434bd8be43da87f376e8b660d52aadd05922b1360,0.4151441752910614,,17.062999999998283,64,0.06203617810760668,0.06598923054239426,0.4048872180451128,2154,0.23082706766917294,5320,32,0.8162858179180268,13503,16542,0.006801355251599944,full,0.009848370761953152,,False,True,True,False
5,130006,130006,131006,current,300,block05/current/checkpoints/u300.pt,af08699b52bcf962b75a119fdea42153a9f466413035ffe8d21af95081ea4817,d569b51b3a36f568eccd9ecb3c79b2b12ea31da4e5b3b6db4aae0df88e1a914a,0.46939581632614136,,14.015999999999622,32,0.0068592057761732855,0.010235966284461148,0.06285714285714286,55,0.06285714285714286,875,26,0.9769779507133592,3013,3084,-0.09770395701025891,full,0.01982425746036656,False,False,True,True,False
5,130006,130006,131006,current,300,block05/current/checkpoints/u300.pt,af08699b52bcf962b75a119fdea42153a9f466413035ffe8d21af95081ea4817,d569b51b3a36f568eccd9ecb3c79b2b12ea31da4e5b3b6db4aae0df88e1a914a,0.46939581632614136,,14.015999999999622,64,0.04000463821892394,0.04217283297183112,0.07435170178282009,367,0.07435170178282009,4936,32,0.9310015290519877,9742,10464,-0.10282344083322875,full,0.029890726401503812,,False,True,True,False
5,130006,130006,131006,constant,300,block05/constant/checkpoints/u300.pt,e8bdf28199f54c8475eea78c60a9da9198e635f65d95b4876937ec858a0a0c4d,6003eec37d8eaf8d52796d3cdffc7f1f5b041bae154613ddc90662738580f8df,0.36896082758903503,,15.0779999999977,32,0.038267148014440436,0.03623625752552781,0.056910569105691054,119,0.05404112864658058,2091,32,0.9679526433966116,4742,4899,-0.23143624816805083,full,0.029181483032234355,False,False,True,True,False
5,130006,130006,131006,constant,300,block05/constant/checkpoints/u300.pt,e8bdf28199f54c8475eea78c60a9da9198e635f65d95b4876937ec858a0a0c4d,6003eec37d8eaf8d52796d3cdffc7f1f5b041bae154613ddc90662738580f8df,0.36896082758903503,,15.0779999999977,64,0.08047309833024119,0.07158654636169667,0.08623853211009175,517,0.07773144286905755,5995,32,0.9226066093955576,11921,12921,-0.120190739114067,full,0.03458491267201416,,False,True,True,False
5,130006,130006,131006,conditioned,300,block05/conditioned/checkpoints/u300.pt,5ed90b3556259a285fd06dc4a0d5921f2fd04d759ef1d82111dac141b216a8e8,5a705a55904fb1cf9a4c502a0cfa5d724f031d149334ca2c63d27cedb8d59db5,0.5352174043655396,,15.828000000001339,32,0.0,0.0,0.6367713004484304,994,0.6098654708520179,1561,32,0.7152263374485597,1738,2430,-0.05349291646311674,full,0.004997668206898793,False,False,True,True,False
5,130006,130006,131006,conditioned,300,block05/conditioned/checkpoints/u300.pt,5ed90b3556259a285fd06dc4a0d5921f2fd04d759ef1d82111dac141b216a8e8,5a705a55904fb1cf9a4c502a0cfa5d724f031d149334ca2c63d27cedb8d59db5,0.5352174043655396,,15.828000000001339,64,0.0,0.0,0.3941176470588235,67,0.38235294117647056,170,18,0.9934565050038491,5162,5196,-0.0013301543480988831,full,0.006843119559404856,,False,True,True,False
6,130007,130007,131007,current,300,block06/current/checkpoints/u300.pt,568d9d4e59241fda9a06132c3cc85afd0ce870e195ef5de6c9f893b50a6b926e,65022da78dce8c8cb798a6ae2ea3988ac337b3a9996d9abac69fec33a7d0e8b7,0.452496737241745,,13.828000000001339,32,0.020216606498194945,0.05094527799980129,0.013062409288824383,18,0.013062409288824383,1378,30,0.9952519124241624,3773,3791,-0.16597459697117734,full,0.04671977472329428,False,False,True,True,False
6,130007,130007,131007,current,300,block06/current/checkpoints/u300.pt,568d9d4e59241fda9a06132c3cc85afd0ce870e195ef5de6c9f893b50a6b926e,65022da78dce8c8cb798a6ae2ea3988ac337b3a9996d9abac69fec33a7d0e8b7,0.452496737241745,,13.828000000001339,64,0.12094155844155845,0.13008129939357094,0.00030120481927710846,2,0.00030120481927710846,6640,32,0.9952767062898528,12643,12703,-0.16511481992721797,full,0.0829498249464151,,False,True,True,False
6,130007,130007,131007,constant,300,block06/constant/checkpoints/u300.pt,85af640b19e639d96b506ea3178ff2fef91b4888078306b3b5374c5f4036cb46,9ee7163b9dee5e0cf9f34f3c9d22ad3b514be433165a0eb28a9902233858c720,0.3512018322944641,,14.937000000001717,32,0.06714801444043321,0.15721932582749387,0.8255440599357831,2314,0.8205494113449875,2803,32,0.5272985109903097,2231,4231,-0.016853932584269704,full,0.058226430089274465,False,False,True,True,False
6,130007,130007,131007,constant,300,block06/constant/checkpoints/u300.pt,85af640b19e639d96b506ea3178ff2fef91b4888078306b3b5374c5f4036cb46,9ee7163b9dee5e0cf9f34f3c9d22ad3b514be433165a0eb28a9902233858c720,0.3512018322944641,,14.937000000001717,64,0.08174860853432282,0.09046670467045195,0.8698418156808804,5059,0.8538514442916093,5816,32,0.5287423402392764,5436,10281,0.016363408206801378,full,0.02992804499200613,,False,True,True,False
6,130007,130007,131007,conditioned,300,block06/conditioned/checkpoints/u300.pt,3358d2e329895a1dbb6751d23de67a67521cc3ee827bc10b824461da0a5ca9bd,61e145bfb3137b56677969a295f793b02ae3b0fe9a313e4926feec95bd8cc1f0,0.5245089530944824,,16.7029999999977,32,0.04512635379061372,0.0771174245179948,0.2728051391862955,637,0.06509635974304069,2335,32,0.9254139205915448,5757,6221,-0.07193453834880312,full,0.014394003402716682,False,False,True,True,False
6,130007,130007,131007,conditioned,300,block06/conditioned/checkpoints/u300.pt,3358d2e329895a1dbb6751d23de67a67521cc3ee827bc10b824461da0a5ca9bd,61e145bfb3137b56677969a295f793b02ae3b0fe9a313e4926feec95bd8cc1f0,0.5245089530944824,,16.7029999999977,64,0.036873840445269014,0.041769759760157024,0.38421052631578945,2044,0.2069548872180451,5320,32,0.8554513070091817,17050,19931,0.02273811017693564,full,0.013785916165342723,,False,True,True,False
7,130008,130008,131008,current,300,block07/current/checkpoints/u300.pt,8ce5ce11f3418d1b80cd9d490aba1a17686a01d5e852823cee73f8584ab21b01,59f4d4aa453a47d41d46323dd0f77c88e09cd92c1b25e07066ab4f3525fe10b7,0.5139599442481995,,14.125,32,0.0,0.0,0.937950937950938,1950,0.9355459355459356,2079,32,0.3716625133499466,1044,2809,-0.0012212994626282225,full,0.012905830930700843,False,False,True,True,False
7,130008,130008,131008,current,300,block07/current/checkpoints/u300.pt,8ce5ce11f3418d1b80cd9d490aba1a17686a01d5e852823cee73f8584ab21b01,59f4d4aa453a47d41d46323dd0f77c88e09cd92c1b25e07066ab4f3525fe10b7,0.5139599442481995,,14.125,64,0.031192022263450834,0.03568928458180956,0.9337397721803306,5820,0.9332584630194128,6233,32,0.1430457746478873,975,6816,0.0004266532814656554,full,0.0870512238377759,,False,True,True,False
7,130008,130008,131008,constant,300,block07/constant/checkpoints/u300.pt,b439d6843b6d60f06959776362a715ee2f3859d8f1363e258a7fdc3b3124f634,a5a101c88aa7cd8ff5decfcab9ee1960bbbf7daf9a701b00ef10d2f6c2ff4dc5,0.5670695900917053,,14.812000000001717,32,0.006137184115523465,0.007123150386872347,0.5673491379310345,1053,0.5662715517241379,1856,32,0.4216826265389877,1233,2924,-0.0035417684416218786,full,0.008818349188243507,False,False,True,True,False
7,130008,130008,131008,constant,300,block07/constant/checkpoints/u300.pt,b439d6843b6d60f06959776362a715ee2f3859d8f1363e258a7fdc3b3124f634,a5a101c88aa7cd8ff5decfcab9ee1960bbbf7daf9a701b00ef10d2f6c2ff4dc5,0.5670695900917053,,14.812000000001717,64,0.0,0.0,0.6596467391304348,971,0.6317934782608695,1472,30,0.49055441478439427,2389,4870,0.0408081315095997,full,0.009386337636571318,,False,True,True,False
7,130008,130008,131008,conditioned,300,block07/conditioned/checkpoints/u300.pt,05c60c4047bc79dd61adb0ae5dc180eb890ab4cee0b6201735e6c87bfebe6cf6,516efe853bf5fa189ca101a5e805b583b1ee144cb960fc8c71dcffcca1926b01,0.58744877576828,,16.56199999999808,32,0.0007220216606498195,0.001388888888888889,0.4551083591331269,441,0.24974200206398348,969,32,0.8733451015004413,1979,2266,-0.016731802638006846,full,0.019079867417176516,False,False,True,True,False
7,130008,130008,131008,conditioned,300,block07/conditioned/checkpoints/u300.pt,05c60c4047bc79dd61adb0ae5dc180eb890ab4cee0b6201735e6c87bfebe6cf6,516efe853bf5fa189ca101a5e805b583b1ee144cb960fc8c71dcffcca1926b01,0.58744877576828,,16.56199999999808,64,0.0,0.0,0.1975775927327782,261,0.08781226343679031,1321,32,0.9730038892701899,4253,4371,-0.01578617141423014,full,0.023861097847535297,,False,True,True,False
