arm,bank,horizon,n,mse,r2,target_variance,finite,count_matches_length,role
full_writer_k8,heldout,T64,128,0.2026103765084601,-0.0016589551549759385,0.20227481166692346,True,True,primary arm
full_writer_k8,heldout,T128,128,0.2026103765084601,-0.0016589551549759385,0.20227481166692346,True,True,primary arm
full_writer_k8,heldout,T256,128,0.2026103765084601,-0.0016589551549759385,0.20227481166692346,True,True,primary arm
full_writer_k8,length64,T128,128,0.17791176818324864,-0.002342048191032342,0.17749606384799807,True,True,primary arm
full_writer_k8,length64,T256,128,0.17791176818324864,-0.002342048191032342,0.17749606384799807,True,True,primary arm
full_writer_k8,length96,T128,128,0.2262553679713523,-0.00817941847470971,0.22441974496330974,True,True,primary arm
full_writer_k8,length96,T256,128,0.2262553679713523,-0.00817941847470971,0.22441974496330974,True,True,primary arm
full_writer_k64,heldout,T64,128,0.20260606006140952,-0.0016376156366493255,0.20227481166692346,True,True,primary arm
full_writer_k64,heldout,T128,128,0.20260606006140952,-0.0016376156366493255,0.20227481166692346,True,True,primary arm
full_writer_k64,heldout,T256,128,0.20260606006140952,-0.0016376156366493255,0.20227481166692346,True,True,primary arm
full_writer_k64,length64,T128,128,0.17782986780056795,-0.0018806273521407846,0.17749606384799807,True,True,primary arm
full_writer_k64,length64,T256,128,0.17782986780056795,-0.0018806273521407846,0.17749606384799807,True,True,primary arm
full_writer_k64,length96,T128,128,0.2268394537264416,-0.010782067164043285,0.22441974496330974,True,True,primary arm
full_writer_k64,length96,T256,128,0.2268394537264416,-0.010782067164043285,0.22441974496330974,True,True,primary arm
gcr_k8,heldout,T64,128,0.14966247386705633,0.2601032593544145,0.20227481166692346,True,True,primary arm
gcr_k8,heldout,T128,128,0.14966247386705633,0.2601032593544145,0.20227481166692346,True,True,primary arm
gcr_k8,heldout,T256,128,0.14966247386705633,0.2601032593544145,0.20227481166692346,True,True,primary arm
gcr_k8,length64,T128,128,0.10589056677470021,0.4034201971634622,0.17749606384799807,True,True,primary arm
gcr_k8,length64,T256,128,0.10589056677470021,0.4034201971634622,0.17749606384799807,True,True,primary arm
gcr_k8,length96,T128,128,0.1713586703973084,0.23643674746478416,0.22441974496330974,True,True,primary arm
gcr_k8,length96,T256,128,0.1713586703973084,0.23643674746478416,0.22441974496330974,True,True,primary arm
gcr_k64,heldout,T64,128,0.09390600439808605,0.5357503802662453,0.20227481166692346,True,True,primary arm
gcr_k64,heldout,T128,128,0.09390600439808605,0.5357503802662453,0.20227481166692346,True,True,primary arm
gcr_k64,heldout,T256,128,0.09390600439808605,0.5357503802662453,0.20227481166692346,True,True,primary arm
gcr_k64,length64,T128,128,0.05863492591087108,0.6696550636689942,0.17749606384799807,True,True,primary arm
gcr_k64,length64,T256,128,0.05863492591087108,0.6696550636689942,0.17749606384799807,True,True,primary arm
gcr_k64,length96,T128,128,0.10357805101735326,0.5384628432124492,0.22441974496330974,True,True,primary arm
gcr_k64,length96,T256,128,0.10357805101735326,0.5384628432124492,0.22441974496330974,True,True,primary arm
fixed_raw_evidence_mlp,heldout,T64,128,0.03628645192205451,0.8206081537141375,0.20227481166692346,True,,offline diagnostic
fixed_raw_evidence_mlp,heldout,T128,128,0.03628645192205451,0.8206081537141375,0.20227481166692346,True,,offline diagnostic
fixed_raw_evidence_mlp,heldout,T256,128,0.03628645192205451,0.8206081537141375,0.20227481166692346,True,,offline diagnostic
fixed_raw_evidence_mlp,length64,T128,128,0.02502814006943895,0.8589932670795886,0.17749606384799807,True,,offline diagnostic
fixed_raw_evidence_mlp,length64,T256,128,0.02502814006943895,0.8589932670795886,0.17749606384799807,True,,offline diagnostic
fixed_raw_evidence_mlp,length96,T128,128,0.03323681675195035,0.8518988747742129,0.22441974496330974,True,,offline diagnostic
fixed_raw_evidence_mlp,length96,T256,128,0.03323681675195035,0.8518988747742129,0.22441974496330974,True,,offline diagnostic
