seed,variant,size,T,band,mean,pooled,pixels,correct,eligible_maps,ba_original,ba_flipped
2,baseline,32,64,0_8,1.0,1.0,1706,1706,32,0.9845311641693115,0.9768273830413818
2,baseline,32,64,8_16,1.0,1.0,2240,2240,32,0.9845311641693115,0.9768273830413818
2,baseline,32,64,equal_16,1.0,1.0,276,276,32,0.9845311641693115,0.9768273830413818
2,baseline,32,64,strict_16_32,0.9370121752102093,0.9297464016449623,2918,2713,32,0.9845311641693115,0.9768273830413818
2,baseline,32,64,32_64,0.5395721071705417,0.290032154340836,1555,451,18,0.9845311641693115,0.9768273830413818
2,baseline,32,64,64_128,,,0,0,0,0.9845311641693115,0.9768273830413818
2,baseline,32,64,128_inf,,,0,0,0,0.9845311641693115,0.9768273830413818
2,baseline,32,64,far_gt16,0.8441875702920144,0.7073552425665102,4473,3164,32,0.9845311641693115,0.9768273830413818
2,baseline,32,64,far_gt32,0.49111993602077714,0.2552891396332863,1418,362,17,0.9845311641693115,0.9768273830413818
2,baseline,32,64,r_le1,1.0,1.0,4222,4222,32,0.9845311641693115,0.9768273830413818
2,baseline,32,64,r_1_2,0.9284982718243436,0.9171849427168576,3055,2802,32,0.9845311641693115,0.9768273830413818
2,baseline,32,64,r_gt2,0.49111993602077714,0.2552891396332863,1418,362,17,0.9845311641693115,0.9768273830413818
2,baseline,32,64,outside_forward_lightcone,,,0,0,0,0.9845311641693115,0.9768273830413818
2,baseline,32,128,0_8,1.0,1.0,1706,1706,32,0.9826887845993042,0.9783662557601929
2,baseline,32,128,8_16,1.0,1.0,2240,2240,32,0.9826887845993042,0.9783662557601929
2,baseline,32,128,equal_16,1.0,1.0,276,276,32,0.9826887845993042,0.9783662557601929
2,baseline,32,128,strict_16_32,0.9348340875066625,0.9276901987662782,2918,2707,32,0.9826887845993042,0.9783662557601929
2,baseline,32,128,32_64,0.6122763431343328,0.46366559485530545,1555,721,18,0.9826887845993042,0.9783662557601929
2,baseline,32,128,64_128,,,0,0,0,0.9826887845993042,0.9783662557601929
2,baseline,32,128,128_inf,,,0,0,0,0.9826887845993042,0.9783662557601929
2,baseline,32,128,far_gt16,0.8678378929812369,0.7663760339816678,4473,3428,32,0.9826887845993042,0.9783662557601929
2,baseline,32,128,far_gt32,0.57504307443361,0.44569816643159377,1418,632,17,0.9826887845993042,0.9783662557601929
2,baseline,32,128,r_le1,1.0,1.0,4222,4222,32,0.9826887845993042,0.9783662557601929
2,baseline,32,128,r_1_2,0.9263492842640858,0.9152209492635025,3055,2796,32,0.9826887845993042,0.9783662557601929
2,baseline,32,128,r_gt2,0.57504307443361,0.44569816643159377,1418,632,17,0.9826887845993042,0.9783662557601929
2,baseline,32,128,outside_forward_lightcone,,,0,0,0,0.9826887845993042,0.9783662557601929
2,baseline,32,256,0_8,1.0,1.0,1706,1706,32,0.9829938411712646,0.9785671830177307
2,baseline,32,256,8_16,1.0,1.0,2240,2240,32,0.9829938411712646,0.9785671830177307
2,baseline,32,256,equal_16,1.0,1.0,276,276,32,0.9829938411712646,0.9785671830177307
2,baseline,32,256,strict_16_32,0.9395854494006368,0.932145305003427,2918,2720,32,0.9829938411712646,0.9785671830177307
2,baseline,32,256,32_64,0.6149850652480194,0.46366559485530545,1555,721,18,0.9829938411712646,0.9785671830177307
2,baseline,32,256,64_128,,,0,0,0,0.9829938411712646,0.9785671830177307
2,baseline,32,256,128_inf,,,0,0,0,0.9829938411712646,0.9785671830177307
2,baseline,32,256,far_gt16,0.8711378848514665,0.7692823608316566,4473,3441,32,0.9829938411712646,0.9785671830177307
2,baseline,32,256,far_gt32,0.5779856040250481,0.44428772919605075,1418,630,17,0.9829938411712646,0.9785671830177307
2,baseline,32,256,r_le1,1.0,1.0,4222,4222,32,0.9829938411712646,0.9785671830177307
2,baseline,32,256,r_1_2,0.9319738571398399,0.9201309328968903,3055,2811,32,0.9829938411712646,0.9785671830177307
2,baseline,32,256,r_gt2,0.5779856040250481,0.44428772919605075,1418,630,17,0.9829938411712646,0.9785671830177307
2,baseline,32,256,outside_forward_lightcone,,,0,0,0,0.9829938411712646,0.9785671830177307
2,baseline,64,64,0_8,1.0,1.0,2545,2545,32,0.8713830709457397,0.903485894203186
2,baseline,64,64,8_16,1.0,1.0,4510,4510,32,0.8713830709457397,0.903485894203186
2,baseline,64,64,equal_16,1.0,1.0,534,534,32,0.8713830709457397,0.903485894203186
2,baseline,64,64,strict_16_32,0.8894289646165475,0.8908099326990021,8618,7677,32,0.8713830709457397,0.903485894203186
2,baseline,64,64,32_64,0.16346189805755584,0.1074125346086081,15892,1707,32,0.8713830709457397,0.903485894203186
2,baseline,64,64,64_128,0.0,0.0,11718,0,24,0.8713830709457397,0.903485894203186
2,baseline,64,64,128_inf,0.0,0.0,371,0,3,0.8713830709457397,0.903485894203186
2,baseline,64,64,far_gt16,0.3497008115926212,0.2564004480996748,36599,9384,32,0.8713830709457397,0.903485894203186
2,baseline,64,64,far_gt32,0.12676141582877087,0.05069981046799825,27436,1391,32,0.8713830709457397,0.903485894203186
2,baseline,64,64,r_le1,1.0,1.0,7589,7589,32,0.8713830709457397,0.903485894203186
2,baseline,64,64,r_1_2,0.8673587034050843,0.8723125613881917,9163,7993,32,0.8713830709457397,0.903485894203186
2,baseline,64,64,r_gt2,0.12676141582877087,0.05069981046799825,27436,1391,32,0.8713830709457397,0.903485894203186
2,baseline,64,64,outside_forward_lightcone,0.0,0.0,337,0,3,0.8713830709457397,0.903485894203186
2,baseline,64,128,0_8,1.0,1.0,2545,2545,32,0.8792449235916138,0.8960937857627869
2,baseline,64,128,8_16,1.0,1.0,4510,4510,32,0.8792449235916138,0.8960937857627869
2,baseline,64,128,equal_16,1.0,1.0,534,534,32,0.8792449235916138,0.8960937857627869
2,baseline,64,128,strict_16_32,0.8886269925709709,0.8899976792759341,8618,7670,32,0.8792449235916138,0.8960937857627869
2,baseline,64,128,32_64,0.4013284760647818,0.3830229046060911,15892,6087,32,0.8792449235916138,0.8960937857627869
2,baseline,64,128,64_128,0.18393131224311948,0.12049837856289469,11718,1412,24,0.8792449235916138,0.8960937857627869
2,baseline,64,128,128_inf,0.0,0.0,371,0,3,0.8792449235916138,0.8960937857627869
2,baseline,64,128,far_gt16,0.48692342174390446,0.41446487608951066,36599,15169,32,0.8792449235916138,0.8960937857627869
2,baseline,64,128,far_gt32,0.31709831839327535,0.26166350779997083,27436,7179,32,0.8792449235916138,0.8960937857627869
2,baseline,64,128,r_le1,1.0,1.0,7589,7589,32,0.8792449235916138,0.8960937857627869
2,baseline,64,128,r_1_2,0.8675012500865582,0.8719851576994434,9163,7990,32,0.8792449235916138,0.8960937857627869
2,baseline,64,128,r_gt2,0.31709831839327535,0.26166350779997083,27436,7179,32,0.8792449235916138,0.8960937857627869
2,baseline,64,128,outside_forward_lightcone,,,0,0,0,0.8792449235916138,0.8960937857627869
2,baseline,64,256,0_8,1.0,1.0,2545,2545,32,0.8895080089569092,0.8916560411453247
2,baseline,64,256,8_16,1.0,1.0,4510,4510,32,0.8895080089569092,0.8916560411453247
2,baseline,64,256,equal_16,1.0,1.0,534,534,32,0.8895080089569092,0.8916560411453247
2,baseline,64,256,strict_16_32,0.8950191104060633,0.8964957066604781,8618,7726,32,0.8895080089569092,0.8916560411453247
2,baseline,64,256,32_64,0.40652909492174416,0.3858545179964762,15892,6132,32,0.8895080089569092,0.8916560411453247
2,baseline,64,256,64_128,0.351129193462517,0.36678614097968937,11718,4298,24,0.8895080089569092,0.8916560411453247
2,baseline,64,256,128_inf,0.0,0.0,371,0,3,0.8895080089569092,0.8916560411453247
2,baseline,64,256,far_gt16,0.545447067883646,0.4960791278450231,36599,18156,32,0.8895080089569092,0.8916560411453247
2,baseline,64,256,far_gt32,0.3851412789131451,0.3678014287797055,27436,10091,32,0.8895080089569092,0.8916560411453247
2,baseline,64,256,r_le1,1.0,1.0,7589,7589,32,0.8895080089569092,0.8916560411453247
2,baseline,64,256,r_1_2,0.8755012703239033,0.8801702499181491,9163,8065,32,0.8895080089569092,0.8916560411453247
2,baseline,64,256,r_gt2,0.3851412789131451,0.3678014287797055,27436,10091,32,0.8895080089569092,0.8916560411453247
2,baseline,64,256,outside_forward_lightcone,,,0,0,0,0.8895080089569092,0.8916560411453247
2,stream,32,64,0_8,0.16502076740337607,0.15885111371629543,1706,271,32,0.5743967890739441,0.5551081895828247
2,stream,32,64,8_16,0.08761287001587381,0.08973214285714286,2240,201,32,0.5743967890739441,0.5551081895828247
2,stream,32,64,equal_16,0.02876984126984127,0.025362318840579712,276,7,32,0.5743967890739441,0.5551081895828247
2,stream,32,64,strict_16_32,0.010848791303122501,0.014736120630568882,2918,43,32,0.5743967890739441,0.5551081895828247
2,stream,32,64,32_64,0.0006172839506172839,0.0019292604501607716,1555,3,18,0.5743967890739441,0.5551081895828247
2,stream,32,64,64_128,,,0,0,0,0.5743967890739441,0.5551081895828247
2,stream,32,64,128_inf,,,0,0,0,0.5743967890739441,0.5551081895828247
2,stream,32,64,far_gt16,0.00665243149346522,0.010283925776883524,4473,46,32,0.5743967890739441,0.5551081895828247
2,stream,32,64,far_gt32,0.0007115749525616698,0.0021156558533145277,1418,3,17,0.5743967890739441,0.5551081895828247
2,stream,32,64,r_le1,0.1147497652050256,0.11345333964945524,4222,479,32,0.5743967890739441,0.5551081895828247
2,stream,32,64,r_1_2,0.010066610269719854,0.014075286415711947,3055,43,32,0.5743967890739441,0.5551081895828247
2,stream,32,64,r_gt2,0.0007115749525616698,0.0021156558533145277,1418,3,17,0.5743967890739441,0.5551081895828247
2,stream,32,64,outside_forward_lightcone,,,0,0,0,0.5743967890739441,0.5551081895828247
2,stream,32,128,0_8,0.018677260680436722,0.015826494724501757,1706,27,32,0.5048462152481079,0.48839762806892395
2,stream,32,128,8_16,0.03899988195280375,0.03214285714285714,2240,72,32,0.5048462152481079,0.48839762806892395
2,stream,32,128,equal_16,0.0140625,0.014492753623188406,276,4,32,0.5048462152481079,0.48839762806892395
2,stream,32,128,strict_16_32,0.001134364002011061,0.001028101439342015,2918,3,32,0.5048462152481079,0.48839762806892395
2,stream,32,128,32_64,0.0,0.0,1555,0,18,0.5048462152481079,0.48839762806892395
2,stream,32,128,64_128,,,0,0,0,0.5048462152481079,0.48839762806892395
2,stream,32,128,128_inf,,,0,0,0,0.5048462152481079,0.48839762806892395
2,stream,32,128,far_gt16,0.0007702976409797522,0.0006706908115358819,4473,3,32,0.5048462152481079,0.48839762806892395
2,stream,32,128,far_gt32,0.0,0.0,1418,0,17,0.5048462152481079,0.48839762806892395
2,stream,32,128,r_le1,0.02675555570123138,0.024396020843202273,4222,103,32,0.5048462152481079,0.48839762806892395
2,stream,32,128,r_1_2,0.0010571171142787477,0.0009819967266775777,3055,3,32,0.5048462152481079,0.48839762806892395
2,stream,32,128,r_gt2,0.0,0.0,1418,0,17,0.5048462152481079,0.48839762806892395
2,stream,32,128,outside_forward_lightcone,,,0,0,0,0.5048462152481079,0.48839762806892395
2,stream,32,256,0_8,0.0018601190476190475,0.0017584994138335288,1706,3,32,0.48086756467819214,0.4553648829460144
2,stream,32,256,8_16,0.008049669628616996,0.007589285714285714,2240,17,32,0.48086756467819214,0.4553648829460144
2,stream,32,256,equal_16,0.0,0.0,276,0,32,0.48086756467819214,0.4553648829460144
2,stream,32,256,strict_16_32,0.0,0.0,2918,0,32,0.48086756467819214,0.4553648829460144
2,stream,32,256,32_64,0.0,0.0,1555,0,18,0.48086756467819214,0.4553648829460144
2,stream,32,256,64_128,,,0,0,0,0.48086756467819214,0.4553648829460144
2,stream,32,256,128_inf,,,0,0,0,0.48086756467819214,0.4553648829460144
2,stream,32,256,far_gt16,0.0,0.0,4473,0,32,0.48086756467819214,0.4553648829460144
2,stream,32,256,far_gt32,0.0,0.0,1418,0,17,0.48086756467819214,0.4553648829460144
2,stream,32,256,r_le1,0.00497158576098696,0.0047370914258645196,4222,20,32,0.48086756467819214,0.4553648829460144
2,stream,32,256,r_1_2,0.0,0.0,3055,0,32,0.48086756467819214,0.4553648829460144
2,stream,32,256,r_gt2,0.0,0.0,1418,0,17,0.48086756467819214,0.4553648829460144
2,stream,32,256,outside_forward_lightcone,,,0,0,0,0.48086756467819214,0.4553648829460144
2,stream,64,64,0_8,0.5836128373128815,0.5740667976424362,2545,1461,32,0.7066332101821899,0.7098640203475952
2,stream,64,64,8_16,0.4548781905489677,0.4432372505543237,4510,1999,32,0.7066332101821899,0.7098640203475952
2,stream,64,64,equal_16,0.28293129000656614,0.27715355805243447,534,148,32,0.7066332101821899,0.7098640203475952
2,stream,64,64,strict_16_32,0.0617238005703791,0.06126711533998608,8618,528,32,0.7066332101821899,0.7098640203475952
2,stream,64,64,32_64,0.0007524580041279915,0.0008809463881198087,15892,14,32,0.7066332101821899,0.7098640203475952
2,stream,64,64,64_128,0.0,0.0,11718,0,24,0.7066332101821899,0.7098640203475952
2,stream,64,64,128_inf,0.0,0.0,371,0,3,0.7066332101821899,0.7098640203475952
2,stream,64,64,far_gt16,0.026176922060352065,0.014809147790923249,36599,542,32,0.7066332101821899,0.7098640203475952
2,stream,64,64,far_gt32,0.00027234213292965883,0.0003644846187490888,27436,10,32,0.7066332101821899,0.7098640203475952
2,stream,64,64,r_le1,0.4925006725986718,0.47542495717485833,7589,3608,32,0.7066332101821899,0.7098640203475952
2,stream,64,64,r_1_2,0.059014623849509534,0.058059587471352175,9163,532,32,0.7066332101821899,0.7098640203475952
2,stream,64,64,r_gt2,0.00027234213292965883,0.0003644846187490888,27436,10,32,0.7066332101821899,0.7098640203475952
2,stream,64,64,outside_forward_lightcone,0.0,0.0,337,0,3,0.7066332101821899,0.7098640203475952
2,stream,64,128,0_8,0.21071490721510344,0.21100196463654225,2545,537,32,0.6509933471679688,0.6357038021087646
2,stream,64,128,8_16,0.20414163534153038,0.21108647450110865,4510,952,32,0.6509933471679688,0.6357038021087646
2,stream,64,128,equal_16,0.1575053710457427,0.1760299625468165,534,94,32,0.6509933471679688,0.6357038021087646
2,stream,64,128,strict_16_32,0.07150939101308394,0.07391506149918775,8618,637,32,0.6509933471679688,0.6357038021087646
2,stream,64,128,32_64,0.0006379409774907752,0.0006921721620941354,15892,11,32,0.6509933471679688,0.6357038021087646
2,stream,64,128,64_128,0.0,0.0,11718,0,24,0.6509933471679688,0.6357038021087646
2,stream,64,128,128_inf,0.0,0.0,371,0,3,0.6509933471679688,0.6357038021087646
2,stream,64,128,far_gt16,0.027915046377828122,0.01770540178693407,36599,648,32,0.6509933471679688,0.6357038021087646
2,stream,64,128,far_gt32,0.00022833452961017368,0.00025513923312436214,27436,7,32,0.6509933471679688,0.6357038021087646
2,stream,64,128,r_le1,0.20634560017834233,0.20859138226380286,7589,1583,32,0.6509933471679688,0.6357038021087646
2,stream,64,128,r_1_2,0.06776376385728905,0.06995525482920441,9163,641,32,0.6509933471679688,0.6357038021087646
2,stream,64,128,r_gt2,0.00022833452961017368,0.00025513923312436214,27436,7,32,0.6509933471679688,0.6357038021087646
2,stream,64,128,outside_forward_lightcone,,,0,0,0,0.6509933471679688,0.6357038021087646
2,stream,64,256,0_8,0.0035891525625174427,0.003536345776031434,2545,9,32,0.5305574536323547,0.5287189483642578
2,stream,64,256,8_16,0.008134354837135175,0.009534368070953437,4510,43,32,0.5305574536323547,0.5287189483642578
2,stream,64,256,equal_16,0.008535409902597404,0.0149812734082397,534,8,32,0.5305574536323547,0.5287189483642578
2,stream,64,256,strict_16_32,0.018356053002270716,0.018681828730563937,8618,161,32,0.5305574536323547,0.5287189483642578
2,stream,64,256,32_64,0.0022974336124616432,0.002894538132393657,15892,46,32,0.5305574536323547,0.5287189483642578
2,stream,64,256,64_128,0.0,0.0,11718,0,24,0.5305574536323547,0.5287189483642578
2,stream,64,256,128_inf,0.0,0.0,371,0,3,0.5305574536323547,0.5287189483642578
2,stream,64,256,far_gt16,0.008217969317709297,0.0056558922374928275,36599,207,32,0.5305574536323547,0.5287189483642578
2,stream,64,256,far_gt32,0.001985733249031688,0.0016401807843708996,27436,45,32,0.5305574536323547,0.5287189483642578
2,stream,64,256,r_le1,0.00682794492651132,0.007906179997364607,7589,60,32,0.5305574536323547,0.5287189483642578
2,stream,64,256,r_1_2,0.01724504166931693,0.017679799192404234,9163,162,32,0.5305574536323547,0.5287189483642578
2,stream,64,256,r_gt2,0.001985733249031688,0.0016401807843708996,27436,45,32,0.5305574536323547,0.5287189483642578
2,stream,64,256,outside_forward_lightcone,,,0,0,0,0.5305574536323547,0.5287189483642578
2,roles,32,64,0_8,0.6868138677338727,0.6418522860492379,1706,1095,32,0.782453179359436,0.7928056716918945
2,roles,32,64,8_16,0.056042843976794376,0.046875,2240,105,32,0.782453179359436,0.7928056716918945
2,roles,32,64,equal_16,0.0,0.0,276,0,32,0.782453179359436,0.7928056716918945
2,roles,32,64,strict_16_32,0.0,0.0,2918,0,32,0.782453179359436,0.7928056716918945
2,roles,32,64,32_64,0.0,0.0,1555,0,18,0.782453179359436,0.7928056716918945
2,roles,32,64,64_128,,,0,0,0,0.782453179359436,0.7928056716918945
2,roles,32,64,128_inf,,,0,0,0,0.782453179359436,0.7928056716918945
2,roles,32,64,far_gt16,0.0,0.0,4473,0,32,0.782453179359436,0.7928056716918945
2,roles,32,64,far_gt32,0.0,0.0,1418,0,17,0.782453179359436,0.7928056716918945
2,roles,32,64,r_le1,0.32385210883985427,0.28422548555187116,4222,1200,32,0.782453179359436,0.7928056716918945
2,roles,32,64,r_1_2,0.0,0.0,3055,0,32,0.782453179359436,0.7928056716918945
2,roles,32,64,r_gt2,0.0,0.0,1418,0,17,0.782453179359436,0.7928056716918945
2,roles,32,64,outside_forward_lightcone,,,0,0,0,0.782453179359436,0.7928056716918945
2,roles,32,128,0_8,0.6865851492817313,0.6400937866354045,1706,1092,32,0.7882152795791626,0.7949410080909729
2,roles,32,128,8_16,0.056042843976794376,0.046875,2240,105,32,0.7882152795791626,0.7949410080909729
2,roles,32,128,equal_16,0.0,0.0,276,0,32,0.7882152795791626,0.7949410080909729
2,roles,32,128,strict_16_32,0.0,0.0,2918,0,32,0.7882152795791626,0.7949410080909729
2,roles,32,128,32_64,0.0,0.0,1555,0,18,0.7882152795791626,0.7949410080909729
2,roles,32,128,64_128,,,0,0,0,0.7882152795791626,0.7949410080909729
2,roles,32,128,128_inf,,,0,0,0,0.7882152795791626,0.7949410080909729
2,roles,32,128,far_gt16,0.0,0.0,4473,0,32,0.7882152795791626,0.7949410080909729
2,roles,32,128,far_gt32,0.0,0.0,1418,0,17,0.7882152795791626,0.7949410080909729
2,roles,32,128,r_le1,0.3237283796597812,0.2835149218379915,4222,1197,32,0.7882152795791626,0.7949410080909729
2,roles,32,128,r_1_2,0.0,0.0,3055,0,32,0.7882152795791626,0.7949410080909729
2,roles,32,128,r_gt2,0.0,0.0,1418,0,17,0.7882152795791626,0.7949410080909729
2,roles,32,128,outside_forward_lightcone,,,0,0,0,0.7882152795791626,0.7949410080909729
2,roles,32,256,0_8,0.6971228205452616,0.6512309495896834,1706,1111,32,0.7911984324455261,0.7978020310401917
2,roles,32,256,8_16,0.06410114319594991,0.05267857142857143,2240,118,32,0.7911984324455261,0.7978020310401917
2,roles,32,256,equal_16,0.0,0.0,276,0,32,0.7911984324455261,0.7978020310401917
2,roles,32,256,strict_16_32,0.0,0.0,2918,0,32,0.7911984324455261,0.7978020310401917
2,roles,32,256,32_64,0.0,0.0,1555,0,18,0.7911984324455261,0.7978020310401917
2,roles,32,256,64_128,,,0,0,0,0.7911984324455261,0.7978020310401917
2,roles,32,256,128_inf,,,0,0,0,0.7911984324455261,0.7978020310401917
2,roles,32,256,far_gt16,0.0,0.0,4473,0,32,0.7911984324455261,0.7978020310401917
2,roles,32,256,far_gt32,0.0,0.0,1418,0,17,0.7911984324455261,0.7978020310401917
2,roles,32,256,r_le1,0.3325270141182093,0.2910942681193747,4222,1229,32,0.7911984324455261,0.7978020310401917
2,roles,32,256,r_1_2,0.0,0.0,3055,0,32,0.7911984324455261,0.7978020310401917
2,roles,32,256,r_gt2,0.0,0.0,1418,0,17,0.7911984324455261,0.7978020310401917
2,roles,32,256,outside_forward_lightcone,,,0,0,0,0.7911984324455261,0.7978020310401917
2,roles,64,64,0_8,0.44033891145268816,0.42789783889980354,2545,1089,32,0.6136676669120789,0.609169602394104
2,roles,64,64,8_16,0.2579372069061062,0.24390243902439024,4510,1100,32,0.6136676669120789,0.609169602394104
2,roles,64,64,equal_16,0.1807074842239399,0.13295880149812733,534,71,32,0.6136676669120789,0.609169602394104
2,roles,64,64,strict_16_32,0.034962891174421196,0.031909955906242744,8618,275,32,0.6136676669120789,0.609169602394104
2,roles,64,64,32_64,0.009357655239645369,0.0005033979360684622,15892,8,32,0.6136676669120789,0.609169602394104
2,roles,64,64,64_128,0.0,0.0,11718,0,24,0.6136676669120789,0.609169602394104
2,roles,64,64,128_inf,0.0,0.0,371,0,3,0.6136676669120789,0.609169602394104
2,roles,64,64,far_gt16,0.009745797021048653,0.007732451706330774,36599,283,32,0.6136676669120789,0.609169602394104
2,roles,64,64,far_gt32,0.02111385081331129,0.000291587694999271,27436,8,32,0.6136676669120789,0.609169602394104
2,roles,64,64,r_le1,0.3048254777359404,0.2977994465674002,7589,2260,32,0.6136676669120789,0.609169602394104
2,roles,64,64,r_1_2,0.032419747828896874,0.030012004801920768,9163,275,32,0.6136676669120789,0.609169602394104
2,roles,64,64,r_gt2,0.02111385081331129,0.000291587694999271,27436,8,32,0.6136676669120789,0.609169602394104
2,roles,64,64,outside_forward_lightcone,0.0,0.0,337,0,3,0.6136676669120789,0.609169602394104
2,roles,64,128,0_8,0.4178574439008162,0.40550098231827114,2545,1032,32,0.6133846044540405,0.6109700798988342
2,roles,64,128,8_16,0.26222516720668376,0.2507760532150776,4510,1131,32,0.6133846044540405,0.6109700798988342
2,roles,64,128,equal_16,0.18734824852844825,0.14232209737827714,534,76,32,0.6133846044540405,0.6109700798988342
2,roles,64,128,strict_16_32,0.03827234555432766,0.03620329542817359,8618,312,32,0.6133846044540405,0.6109700798988342
2,roles,64,128,32_64,0.005132864082340874,0.0005033979360684622,15892,8,32,0.6133846044540405,0.6109700798988342
2,roles,64,128,64_128,0.0,0.0,11718,0,24,0.6133846044540405,0.6109700798988342
2,roles,64,128,128_inf,0.0,0.0,371,0,3,0.6133846044540405,0.6109700798988342
2,roles,64,128,far_gt16,0.010615235992647756,0.008743408289843985,36599,320,32,0.6133846044540405,0.6109700798988342
2,roles,64,128,far_gt32,0.00025261054550400434,0.00021869077124945328,27436,6,32,0.6133846044540405,0.6109700798988342
2,roles,64,128,r_le1,0.300628786977052,0.29503228356832256,7589,2239,32,0.6133846044540405,0.6109700798988342
2,roles,64,128,r_1_2,0.03589651491661403,0.03426825275564772,9163,314,32,0.6133846044540405,0.6109700798988342
2,roles,64,128,r_gt2,0.00025261054550400434,0.00021869077124945328,27436,6,32,0.6133846044540405,0.6109700798988342
2,roles,64,128,outside_forward_lightcone,,,0,0,0,0.6133846044540405,0.6109700798988342
2,roles,64,256,0_8,0.40181693732690377,0.39214145383104126,2545,998,32,0.6106680631637573,0.6107263565063477
2,roles,64,256,8_16,0.2619761480660391,0.25210643015521067,4510,1137,32,0.6106680631637573,0.6107263565063477
2,roles,64,256,equal_16,0.18884774261519205,0.15168539325842698,534,81,32,0.6106680631637573,0.6107263565063477
2,roles,64,256,strict_16_32,0.03993189078870638,0.041076815966581574,8618,354,32,0.6106680631637573,0.6107263565063477
2,roles,64,256,32_64,0.0005375257341292982,0.0006921721620941354,15892,11,32,0.6106680631637573,0.6107263565063477
2,roles,64,256,64_128,0.0,0.0,11718,0,24,0.6106680631637573,0.6107263565063477
2,roles,64,256,128_inf,0.0,0.0,371,0,3,0.6106680631637573,0.6107263565063477
2,roles,64,256,far_gt16,0.012523125353823003,0.009972950080603294,36599,365,32,0.6106680631637573,0.6107263565063477
2,roles,64,256,far_gt32,0.00036428632707486775,0.0003280361568741799,27436,9,32,0.6106680631637573,0.6107263565063477
2,roles,64,256,r_le1,0.29557013457757697,0.29200158123599945,7589,2216,32,0.6106680631637573,0.6107263565063477
2,roles,64,256,r_1_2,0.03747333180134327,0.03885190439812289,9163,356,32,0.6106680631637573,0.6107263565063477
2,roles,64,256,r_gt2,0.00036428632707486775,0.0003280361568741799,27436,9,32,0.6106680631637573,0.6107263565063477
2,roles,64,256,outside_forward_lightcone,,,0,0,0,0.6106680631637573,0.6107263565063477
3,stream,32,64,0_8,0.9435195474510021,0.9466588511137163,1706,1615,32,0.890303373336792,0.9074400663375854
3,stream,32,64,8_16,0.6524651684792573,0.6486607142857143,2240,1453,32,0.890303373336792,0.9074400663375854
3,stream,32,64,equal_16,0.3172482899045399,0.3333333333333333,276,92,32,0.890303373336792,0.9074400663375854
3,stream,32,64,strict_16_32,0.08283076712398921,0.05620287868403016,2918,164,32,0.890303373336792,0.9074400663375854
3,stream,32,64,32_64,0.0,0.0,1555,0,18,0.890303373336792,0.9074400663375854
3,stream,32,64,64_128,,,0,0,0,0.890303373336792,0.9074400663375854
3,stream,32,64,128_inf,,,0,0,0,0.890303373336792,0.9074400663375854
3,stream,32,64,far_gt16,0.07609918119662937,0.03666443103062821,4473,164,32,0.890303373336792,0.9074400663375854
3,stream,32,64,far_gt32,0.0,0.0,1418,0,17,0.890303373336792,0.9074400663375854
3,stream,32,64,r_le1,0.7572449919520691,0.7484604452865941,4222,3160,32,0.890303373336792,0.9074400663375854
3,stream,32,64,r_1_2,0.08142820096944539,0.05368248772504092,3055,164,32,0.890303373336792,0.9074400663375854
3,stream,32,64,r_gt2,0.0,0.0,1418,0,17,0.890303373336792,0.9074400663375854
3,stream,32,64,outside_forward_lightcone,,,0,0,0,0.890303373336792,0.9074400663375854
3,stream,32,128,0_8,0.6296078798939255,0.6471277842907386,1706,1104,32,0.6532245874404907,0.5826597213745117
3,stream,32,128,8_16,0.24822433339936797,0.24241071428571428,2240,543,32,0.6532245874404907,0.5826597213745117
3,stream,32,128,equal_16,0.091580207986458,0.06521739130434782,276,18,32,0.6532245874404907,0.5826597213745117
3,stream,32,128,strict_16_32,0.016804957749772233,0.018848526387936944,2918,55,32,0.6532245874404907,0.5826597213745117
3,stream,32,128,32_64,0.0005144032921810699,0.0006430868167202572,1555,1,18,0.6532245874404907,0.5826597213745117
3,stream,32,128,64_128,,,0,0,0,0.6532245874404907,0.5826597213745117
3,stream,32,128,128_inf,,,0,0,0,0.6532245874404907,0.5826597213745117
3,stream,32,128,far_gt16,0.01487785223625053,0.012519561815336464,4473,56,32,0.6532245874404907,0.5826597213745117
3,stream,32,128,far_gt32,0.0006127450980392157,0.0007052186177715092,1418,1,17,0.6532245874404907,0.5826597213745117
3,stream,32,128,r_le1,0.40425506343720563,0.3943628612032212,4222,1665,32,0.6532245874404907,0.5826597213745117
3,stream,32,128,r_1_2,0.016385510893393226,0.01800327332242226,3055,55,32,0.6532245874404907,0.5826597213745117
3,stream,32,128,r_gt2,0.0006127450980392157,0.0007052186177715092,1418,1,17,0.6532245874404907,0.5826597213745117
3,stream,32,128,outside_forward_lightcone,,,0,0,0,0.6532245874404907,0.5826597213745117
3,stream,32,256,0_8,0.001201923076923077,0.0011723329425556857,1706,2,32,0.20382361114025116,0.18888956308364868
3,stream,32,256,8_16,0.0,0.0,2240,0,32,0.20382361114025116,0.18888956308364868
3,stream,32,256,equal_16,0.0,0.0,276,0,32,0.20382361114025116,0.18888956308364868
3,stream,32,256,strict_16_32,0.0,0.0,2918,0,32,0.20382361114025116,0.18888956308364868
3,stream,32,256,32_64,0.0,0.0,1555,0,18,0.20382361114025116,0.18888956308364868
3,stream,32,256,64_128,,,0,0,0,0.20382361114025116,0.18888956308364868
3,stream,32,256,128_inf,,,0,0,0,0.20382361114025116,0.18888956308364868
3,stream,32,256,far_gt16,0.0,0.0,4473,0,32,0.20382361114025116,0.18888956308364868
3,stream,32,256,far_gt32,0.0,0.0,1418,0,17,0.20382361114025116,0.18888956308364868
3,stream,32,256,r_le1,0.0005630630630630631,0.0004737091425864519,4222,2,32,0.20382361114025116,0.18888956308364868
3,stream,32,256,r_1_2,0.0,0.0,3055,0,32,0.20382361114025116,0.18888956308364868
3,stream,32,256,r_gt2,0.0,0.0,1418,0,17,0.20382361114025116,0.18888956308364868
3,stream,32,256,outside_forward_lightcone,,,0,0,0,0.20382361114025116,0.18888956308364868
3,stream,64,64,0_8,0.9990942028985508,0.9992141453831042,2545,2543,32,0.8189642429351807,0.8292481303215027
3,stream,64,64,8_16,0.921173654561983,0.9104212860310421,4510,4106,32,0.8189642429351807,0.8292481303215027
3,stream,64,64,equal_16,0.7052078534419131,0.6441947565543071,534,344,32,0.8189642429351807,0.8292481303215027
3,stream,64,64,strict_16_32,0.21716926012262616,0.19320027848688792,8618,1665,32,0.8189642429351807,0.8292481303215027
3,stream,64,64,32_64,0.008291603006576383,0.006418323684872892,15892,102,32,0.8189642429351807,0.8292481303215027
3,stream,64,64,64_128,0.0,0.0,11718,0,24,0.8189642429351807,0.8292481303215027
3,stream,64,64,128_inf,0.0,0.0,371,0,3,0.8189642429351807,0.8292481303215027
3,stream,64,64,far_gt16,0.06689687706071665,0.04828000765048225,36599,1767,32,0.8189642429351807,0.8292481303215027
3,stream,64,64,far_gt32,0.00572609253704899,0.0031710161831170723,27436,87,32,0.8189642429351807,0.8292481303215027
3,stream,64,64,r_le1,0.9280671261800242,0.9214652786928449,7589,6993,32,0.8189642429351807,0.8292481303215027
3,stream,64,64,r_1_2,0.2037149014688071,0.18334606569900688,9163,1680,32,0.8189642429351807,0.8292481303215027
3,stream,64,64,r_gt2,0.00572609253704899,0.0031710161831170723,27436,87,32,0.8189642429351807,0.8292481303215027
3,stream,64,64,outside_forward_lightcone,0.0,0.0,337,0,3,0.8189642429351807,0.8292481303215027
3,stream,64,128,0_8,0.8328999668547042,0.8789783889980354,2545,2237,32,0.7466267347335815,0.7558404207229614
3,stream,64,128,8_16,0.6993265271968857,0.7070953436807096,4510,3189,32,0.7466267347335815,0.7558404207229614
3,stream,64,128,equal_16,0.5220039342152787,0.5224719101123596,534,279,32,0.7466267347335815,0.7558404207229614
3,stream,64,128,strict_16_32,0.3044307714959342,0.2630540728707357,8618,2267,32,0.7466267347335815,0.7558404207229614
3,stream,64,128,32_64,0.029600950310430564,0.026239617417568587,15892,417,32,0.7466267347335815,0.7558404207229614
3,stream,64,128,64_128,0.0,0.0,11718,0,24,0.7466267347335815,0.7558404207229614
3,stream,64,128,128_inf,0.0,0.0,371,0,3,0.7466267347335815,0.7558404207229614
3,stream,64,128,far_gt16,0.09415436161556057,0.07333533703106643,36599,2684,32,0.7466267347335815,0.7558404207229614
3,stream,64,128,far_gt32,0.017702750400861368,0.011955095494970112,27436,328,32,0.7466267347335815,0.7558404207229614
3,stream,64,128,r_le1,0.7349535169235256,0.7517459480827513,7589,5705,32,0.7466267347335815,0.7558404207229614
3,stream,64,128,r_1_2,0.2962207380683938,0.25712103023027394,9163,2356,32,0.7466267347335815,0.7558404207229614
3,stream,64,128,r_gt2,0.017702750400861368,0.011955095494970112,27436,328,32,0.7466267347335815,0.7558404207229614
3,stream,64,128,outside_forward_lightcone,,,0,0,0,0.7466267347335815,0.7558404207229614
3,stream,64,256,0_8,0.20035181718964723,0.22711198428290766,2545,578,32,0.34622615575790405,0.3603091239929199
3,stream,64,256,8_16,0.16876569642314762,0.18580931263858094,4510,838,32,0.34622615575790405,0.3603091239929199
3,stream,64,256,equal_16,0.20973746616440142,0.2340823970037453,534,125,32,0.34622615575790405,0.3603091239929199
3,stream,64,256,strict_16_32,0.17918137234637227,0.17521466697609656,8618,1510,32,0.34622615575790405,0.3603091239929199
3,stream,64,256,32_64,0.03219655046600699,0.023219229801157815,15892,369,32,0.34622615575790405,0.3603091239929199
3,stream,64,256,64_128,0.00020990764063811922,0.00017067759003242875,11718,2,24,0.34622615575790405,0.3603091239929199
3,stream,64,256,128_inf,0.0,0.0,371,0,3,0.34622615575790405,0.3603091239929199
3,stream,64,256,far_gt16,0.06946567907416182,0.05139484685373917,36599,1881,32,0.34622615575790405,0.3603091239929199
3,stream,64,256,far_gt32,0.02303155324796021,0.011444817028721388,27436,314,32,0.34622615575790405,0.3603091239929199
3,stream,64,256,r_le1,0.1858655421236116,0.20305705626564766,7589,1541,32,0.34622615575790405,0.3603091239929199
3,stream,64,256,r_1_2,0.17688996783765273,0.17101386008949035,9163,1567,32,0.34622615575790405,0.3603091239929199
3,stream,64,256,r_gt2,0.02303155324796021,0.011444817028721388,27436,314,32,0.34622615575790405,0.3603091239929199
3,stream,64,256,outside_forward_lightcone,,,0,0,0,0.34622615575790405,0.3603091239929199
3,roles,32,64,0_8,0.8532198926446974,0.8253223915592028,1706,1408,32,0.8362036943435669,0.836580753326416
3,roles,32,64,8_16,0.14251270920643994,0.13616071428571427,2240,305,32,0.8362036943435669,0.836580753326416
3,roles,32,64,equal_16,0.01413690476190476,0.010869565217391304,276,3,32,0.8362036943435669,0.836580753326416
3,roles,32,64,strict_16_32,0.005342200331677101,0.003084304318026045,2918,9,32,0.8362036943435669,0.836580753326416
3,roles,32,64,32_64,0.0,0.0,1555,0,18,0.8362036943435669,0.836580753326416
3,roles,32,64,64_128,,,0,0,0,0.8362036943435669,0.836580753326416
3,roles,32,64,128_inf,,,0,0,0,0.8362036943435669,0.836580753326416
3,roles,32,64,far_gt16,0.004879205936663542,0.002012072434607646,4473,9,32,0.8362036943435669,0.836580753326416
3,roles,32,64,far_gt32,0.0,0.0,1418,0,17,0.8362036943435669,0.836580753326416
3,roles,32,64,r_le1,0.43805843769015135,0.40644244433917576,4222,1716,32,0.8362036943435669,0.836580753326416
3,roles,32,64,r_1_2,0.005234704994051374,0.0029459901800327334,3055,9,32,0.8362036943435669,0.836580753326416
3,roles,32,64,r_gt2,0.0,0.0,1418,0,17,0.8362036943435669,0.836580753326416
3,roles,32,64,outside_forward_lightcone,,,0,0,0,0.8362036943435669,0.836580753326416
3,roles,32,128,0_8,0.8626578402222618,0.8364595545134819,1706,1427,32,0.8384417295455933,0.8392060399055481
3,roles,32,128,8_16,0.14248696860693078,0.13794642857142858,2240,309,32,0.8384417295455933,0.8392060399055481
3,roles,32,128,equal_16,0.01413690476190476,0.010869565217391304,276,3,32,0.8384417295455933,0.8392060399055481
3,roles,32,128,strict_16_32,0.0070061831550802135,0.003084304318026045,2918,9,32,0.8384417295455933,0.8392060399055481
3,roles,32,128,32_64,0.0,0.0,1555,0,18,0.8384417295455933,0.8392060399055481
3,roles,32,128,64_128,,,0,0,0,0.8384417295455933,0.8392060399055481
3,roles,32,128,128_inf,,,0,0,0,0.8384417295455933,0.8392060399055481
3,roles,32,128,far_gt16,0.006587478741496598,0.002012072434607646,4473,9,32,0.8384417295455933,0.8392060399055481
3,roles,32,128,far_gt32,0.0,0.0,1418,0,17,0.8384417295455933,0.8392060399055481
3,roles,32,128,r_le1,0.4409808480707226,0.41189009947891997,4222,1739,32,0.8384417295455933,0.8392060399055481
3,roles,32,128,r_1_2,0.00690939465408805,0.0029459901800327334,3055,9,32,0.8384417295455933,0.8392060399055481
3,roles,32,128,r_gt2,0.0,0.0,1418,0,17,0.8384417295455933,0.8392060399055481
3,roles,32,128,outside_forward_lightcone,,,0,0,0,0.8384417295455933,0.8392060399055481
3,roles,32,256,0_8,0.8675826779748521,0.8417350527549824,1706,1436,32,0.8423336744308472,0.8441852927207947
3,roles,32,256,8_16,0.15251094329839784,0.14821428571428572,2240,332,32,0.8423336744308472,0.8441852927207947
3,roles,32,256,equal_16,0.01413690476190476,0.010869565217391304,276,3,32,0.8423336744308472,0.8441852927207947
3,roles,32,256,strict_16_32,0.0050782355240075825,0.005825908156271419,2918,17,32,0.8423336744308472,0.8441852927207947
3,roles,32,256,32_64,0.00020576131687242798,0.0006430868167202572,1555,1,18,0.8423336744308472,0.8441852927207947
3,roles,32,256,64_128,,,0,0,0,0.8423336744308472,0.8441852927207947
3,roles,32,256,128_inf,,,0,0,0,0.8423336744308472,0.8441852927207947
3,roles,32,256,far_gt16,0.004258235306787268,0.004024144869215292,4473,18,32,0.8423336744308472,0.8441852927207947
3,roles,32,256,far_gt32,0.00023719165085388992,0.0007052186177715092,1418,1,17,0.8423336744308472,0.8441852927207947
3,roles,32,256,r_le1,0.4480556897767233,0.41946944576030315,4222,1771,32,0.8423336744308472,0.8441852927207947
3,roles,32,256,r_1_2,0.004894374803172477,0.005564648117839607,3055,17,32,0.8423336744308472,0.8441852927207947
3,roles,32,256,r_gt2,0.00023719165085388992,0.0007052186177715092,1418,1,17,0.8423336744308472,0.8441852927207947
3,roles,32,256,outside_forward_lightcone,,,0,0,0,0.8423336744308472,0.8441852927207947
3,roles,64,64,0_8,0.0743303826143741,0.07151277013752456,2545,182,32,0.554627537727356,0.5553776025772095
3,roles,64,64,8_16,0.05992965012575778,0.06097560975609756,4510,275,32,0.554627537727356,0.5553776025772095
3,roles,64,64,equal_16,0.02937297077922078,0.018726591760299626,534,10,32,0.554627537727356,0.5553776025772095
3,roles,64,64,strict_16_32,0.005850819623321194,0.005453701554885124,8618,47,32,0.554627537727356,0.5553776025772095
3,roles,64,64,32_64,0.0003198889370257244,0.0002516989680342311,15892,4,32,0.554627537727356,0.5553776025772095
3,roles,64,64,64_128,0.0,0.0,11718,0,24,0.554627537727356,0.5553776025772095
3,roles,64,64,128_inf,0.0,0.0,371,0,3,0.554627537727356,0.5553776025772095
3,roles,64,64,far_gt16,0.0023496971078762123,0.001393480696193885,36599,51,32,0.554627537727356,0.5553776025772095
3,roles,64,64,far_gt32,0.00014057351533450961,7.289692374981776e-05,27436,2,32,0.554627537727356,0.5553776025772095
3,roles,64,64,r_le1,0.05881810766403512,0.06153643431282119,7589,467,32,0.554627537727356,0.5553776025772095
3,roles,64,64,r_1_2,0.005727304249692387,0.0053475935828877,9163,49,32,0.554627537727356,0.5553776025772095
3,roles,64,64,r_gt2,0.00014057351533450961,7.289692374981776e-05,27436,2,32,0.554627537727356,0.5553776025772095
3,roles,64,64,outside_forward_lightcone,0.0,0.0,337,0,3,0.554627537727356,0.5553776025772095
3,roles,64,128,0_8,0.03464382763975155,0.037721021611001965,2545,96,32,0.5280948877334595,0.5282891988754272
3,roles,64,128,8_16,0.021527824914176936,0.025277161862527715,4510,114,32,0.5280948877334595,0.5282891988754272
3,roles,64,128,equal_16,0.005766369047619047,0.0056179775280898875,534,3,32,0.5280948877334595,0.5282891988754272
3,roles,64,128,strict_16_32,0.003690510090832092,0.004409375725226271,8618,38,32,0.5280948877334595,0.5282891988754272
3,roles,64,128,32_64,0.0006009615384615385,6.292474200855777e-05,15892,1,32,0.5280948877334595,0.5282891988754272
3,roles,64,128,64_128,0.0,0.0,11718,0,24,0.5280948877334595,0.5282891988754272
3,roles,64,128,128_inf,0.0,0.0,371,0,3,0.5280948877334595,0.5282891988754272
3,roles,64,128,far_gt16,0.003093750553740926,0.0010656028853247357,36599,39,32,0.5280948877334595,0.5282891988754272
3,roles,64,128,far_gt32,0.0,0.0,27436,0,32,0.5280948877334595,0.5282891988754272
3,roles,64,128,r_le1,0.023539261459232803,0.028066938990644354,7589,213,32,0.5280948877334595,0.5282891988754272
3,roles,64,128,r_1_2,0.0036420659259055526,0.004256247953726945,9163,39,32,0.5280948877334595,0.5282891988754272
3,roles,64,128,r_gt2,0.0,0.0,27436,0,32,0.5280948877334595,0.5282891988754272
3,roles,64,128,outside_forward_lightcone,,,0,0,0,0.5280948877334595,0.5282891988754272
3,roles,64,256,0_8,0.05389088379917184,0.06168958742632613,2545,157,32,0.5330340266227722,0.5376941561698914
3,roles,64,256,8_16,0.039941326690480665,0.04988913525498891,4510,225,32,0.5330340266227722,0.5376941561698914
3,roles,64,256,equal_16,0.012648809523809524,0.016853932584269662,534,9,32,0.5330340266227722,0.5376941561698914
3,roles,64,256,strict_16_32,0.0030809859154929575,0.0032490136922719887,8618,28,32,0.5330340266227722,0.5376941561698914
3,roles,64,256,32_64,0.0,0.0,15892,0,32,0.5330340266227722,0.5376941561698914
3,roles,64,256,64_128,0.0,0.0,11718,0,24,0.5330340266227722,0.5376941561698914
3,roles,64,256,128_inf,0.0,0.0,371,0,3,0.5330340266227722,0.5376941561698914
3,roles,64,256,far_gt16,0.0016233766233766235,0.0007650482253613487,36599,28,32,0.5330340266227722,0.5376941561698914
3,roles,64,256,far_gt32,0.0,0.0,27436,0,32,0.5330340266227722,0.5376941561698914
3,roles,64,256,r_le1,0.04230124521072797,0.051521939649492685,7589,391,32,0.5330340266227722,0.5376941561698914
3,roles,64,256,r_1_2,0.0028973509933774835,0.0030557677616501145,9163,28,32,0.5330340266227722,0.5376941561698914
3,roles,64,256,r_gt2,0.0,0.0,27436,0,32,0.5330340266227722,0.5376941561698914
3,roles,64,256,outside_forward_lightcone,,,0,0,0,0.5330340266227722,0.5376941561698914
3,baseline,32,64,0_8,0.9711665117966861,0.9683470105509965,1706,1652,32,0.9058163166046143,0.9058716893196106
3,baseline,32,64,8_16,0.7820309903813024,0.76875,2240,1722,32,0.9058163166046143,0.9058716893196106
3,baseline,32,64,equal_16,0.5703326187701188,0.6159420289855072,276,170,32,0.9058163166046143,0.9058716893196106
3,baseline,32,64,strict_16_32,0.21853083845720084,0.17272104180945852,2918,504,32,0.9058163166046143,0.9058716893196106
3,baseline,32,64,32_64,0.0,0.0,1555,0,18,0.9058163166046143,0.9058716893196106
3,baseline,32,64,64_128,,,0,0,0,0.9058163166046143,0.9058716893196106
3,baseline,32,64,128_inf,,,0,0,0,0.9058163166046143,0.9058716893196106
3,baseline,32,64,far_gt16,0.1910056132303552,0.11267605633802817,4473,504,32,0.9058163166046143,0.9058716893196106
3,baseline,32,64,far_gt32,0.0,0.0,1418,0,17,0.9058163166046143,0.9058716893196106
3,baseline,32,64,r_le1,0.8484035389512157,0.8394126006631928,4222,3544,32,0.9058163166046143,0.9058716893196106
3,baseline,32,64,r_1_2,0.21337746610384628,0.16497545008183306,3055,504,32,0.9058163166046143,0.9058716893196106
3,baseline,32,64,r_gt2,0.0,0.0,1418,0,17,0.9058163166046143,0.9058716893196106
3,baseline,32,64,outside_forward_lightcone,,,0,0,0,0.9058163166046143,0.9058716893196106
3,baseline,32,128,0_8,0.9767293149404631,0.9753810082063306,1706,1664,32,0.8900318145751953,0.8923236131668091
3,baseline,32,128,8_16,0.7725308165697491,0.7732142857142857,2240,1732,32,0.8900318145751953,0.8923236131668091
3,baseline,32,128,equal_16,0.4770418817293817,0.4782608695652174,276,132,32,0.8900318145751953,0.8923236131668091
3,baseline,32,128,strict_16_32,0.11102461057017657,0.057230980123372174,2918,167,32,0.8900318145751953,0.8923236131668091
3,baseline,32,128,32_64,0.0,0.0,1555,0,18,0.8900318145751953,0.8923236131668091
3,baseline,32,128,64_128,,,0,0,0,0.8900318145751953,0.8923236131668091
3,baseline,32,128,128_inf,,,0,0,0,0.8900318145751953,0.8923236131668091
3,baseline,32,128,far_gt16,0.1012977369419957,0.037335121842164094,4473,167,32,0.8900318145751953,0.8923236131668091
3,baseline,32,128,far_gt32,0.0,0.0,1418,0,17,0.8900318145751953,0.8923236131668091
3,baseline,32,128,r_le1,0.8397792186626007,0.8356229275225012,4222,3528,32,0.8900318145751953,0.8923236131668091
3,baseline,32,128,r_1_2,0.1093738473457916,0.054664484451718495,3055,167,32,0.8900318145751953,0.8923236131668091
3,baseline,32,128,r_gt2,0.0,0.0,1418,0,17,0.8900318145751953,0.8923236131668091
3,baseline,32,128,outside_forward_lightcone,,,0,0,0,0.8900318145751953,0.8923236131668091
3,baseline,32,256,0_8,0.9696569520805923,0.9660023446658851,1706,1648,32,0.8907124996185303,0.8800822496414185
3,baseline,32,256,8_16,0.614337546893579,0.628125,2240,1407,32,0.8907124996185303,0.8800822496414185
3,baseline,32,256,equal_16,0.4030539772727273,0.358695652173913,276,99,32,0.8907124996185303,0.8800822496414185
3,baseline,32,256,strict_16_32,0.10541224646678819,0.07573680603152845,2918,221,32,0.8907124996185303,0.8800822496414185
3,baseline,32,256,32_64,0.0,0.0,1555,0,18,0.8907124996185303,0.8800822496414185
3,baseline,32,256,64_128,,,0,0,0,0.8907124996185303,0.8800822496414185
3,baseline,32,256,128_inf,,,0,0,0,0.8907124996185303,0.8800822496414185
3,baseline,32,256,far_gt16,0.0908082724128411,0.04940755644980997,4473,221,32,0.8907124996185303,0.8800822496414185
3,baseline,32,256,far_gt32,0.0,0.0,1418,0,17,0.8907124996185303,0.8800822496414185
3,baseline,32,256,r_le1,0.749227986457605,0.7470393178588347,4222,3154,32,0.8907124996185303,0.8800822496414185
3,baseline,32,256,r_1_2,0.10251509300570731,0.07234042553191489,3055,221,32,0.8907124996185303,0.8800822496414185
3,baseline,32,256,r_gt2,0.0,0.0,1418,0,17,0.8907124996185303,0.8800822496414185
3,baseline,32,256,outside_forward_lightcone,,,0,0,0,0.8907124996185303,0.8800822496414185
3,baseline,64,64,0_8,0.9910731926933383,0.9917485265225933,2545,2524,32,0.795478105545044,0.8200868368148804
3,baseline,64,64,8_16,0.871162729261069,0.847450110864745,4510,3822,32,0.795478105545044,0.8200868368148804
3,baseline,64,64,equal_16,0.7681266376761244,0.702247191011236,534,375,32,0.795478105545044,0.8200868368148804
3,baseline,64,64,strict_16_32,0.16707564759750082,0.16210257600371317,8618,1397,32,0.795478105545044,0.8200868368148804
3,baseline,64,64,32_64,0.0,0.0,15892,0,32,0.795478105545044,0.8200868368148804
3,baseline,64,64,64_128,0.0,0.0,11718,0,24,0.795478105545044,0.8200868368148804
3,baseline,64,64,128_inf,0.0,0.0,371,0,3,0.795478105545044,0.8200868368148804
3,baseline,64,64,far_gt16,0.05503994765716981,0.03817044181535015,36599,1397,32,0.795478105545044,0.8200868368148804
3,baseline,64,64,far_gt32,0.0,0.0,27436,0,32,0.795478105545044,0.8200868368148804
3,baseline,64,64,r_le1,0.8997245272989817,0.8856239293714587,7589,6721,32,0.795478105545044,0.8200868368148804
3,baseline,64,64,r_1_2,0.1558792026628747,0.1524609843937575,9163,1397,32,0.795478105545044,0.8200868368148804
3,baseline,64,64,r_gt2,0.0,0.0,27436,0,32,0.795478105545044,0.8200868368148804
3,baseline,64,64,outside_forward_lightcone,0.0,0.0,337,0,3,0.795478105545044,0.8200868368148804
3,baseline,64,128,0_8,0.997711885174404,0.9980353634577603,2545,2540,32,0.782102108001709,0.810030996799469
3,baseline,64,128,8_16,0.8089233944956638,0.7875831485587583,4510,3552,32,0.782102108001709,0.810030996799469
3,baseline,64,128,equal_16,0.5844604793341364,0.5168539325842697,534,276,32,0.782102108001709,0.810030996799469
3,baseline,64,128,strict_16_32,0.10186172841763232,0.08923184033418427,8618,769,32,0.782102108001709,0.810030996799469
3,baseline,64,128,32_64,0.0,0.0,15892,0,32,0.782102108001709,0.810030996799469
3,baseline,64,128,64_128,0.0,0.0,11718,0,24,0.782102108001709,0.810030996799469
3,baseline,64,128,128_inf,0.0,0.0,371,0,3,0.782102108001709,0.810030996799469
3,baseline,64,128,far_gt16,0.030406481914101974,0.021011503046531325,36599,769,32,0.782102108001709,0.810030996799469
3,baseline,64,128,far_gt32,0.0,0.0,27436,0,32,0.782102108001709,0.810030996799469
3,baseline,64,128,r_le1,0.8519259614197521,0.8391092370536303,7589,6368,32,0.782102108001709,0.810030996799469
3,baseline,64,128,r_1_2,0.09438090951979994,0.08392447888246207,9163,769,32,0.782102108001709,0.810030996799469
3,baseline,64,128,r_gt2,0.0,0.0,27436,0,32,0.782102108001709,0.810030996799469
3,baseline,64,128,outside_forward_lightcone,,,0,0,0,0.782102108001709,0.810030996799469
3,baseline,64,256,0_8,0.9901075031048463,0.9913555992141454,2545,2523,32,0.7607864737510681,0.7831703424453735
3,baseline,64,256,8_16,0.689876712489506,0.6645232815964524,4510,2997,32,0.7607864737510681,0.7831703424453735
3,baseline,64,256,equal_16,0.47070331118618786,0.43820224719101125,534,234,32,0.7607864737510681,0.7831703424453735
3,baseline,64,256,strict_16_32,0.09531864516671365,0.09201670921327454,8618,793,32,0.7607864737510681,0.7831703424453735
3,baseline,64,256,32_64,0.0,0.0,15892,0,32,0.7607864737510681,0.7831703424453735
3,baseline,64,256,64_128,0.0,0.0,11718,0,24,0.7607864737510681,0.7831703424453735
3,baseline,64,256,128_inf,0.0,0.0,371,0,3,0.7607864737510681,0.7831703424453735
3,baseline,64,256,far_gt16,0.030563078946224134,0.021667258668269625,36599,793,32,0.7607864737510681,0.7831703424453735
3,baseline,64,256,far_gt32,0.0,0.0,27436,0,32,0.7607864737510681,0.7831703424453735
3,baseline,64,256,r_le1,0.7697429168607794,0.7582026617472658,7589,5754,32,0.7607864737510681,0.7831703424453735
3,baseline,64,256,r_1_2,0.0887026730754491,0.08654370839244789,9163,793,32,0.7607864737510681,0.7831703424453735
3,baseline,64,256,r_gt2,0.0,0.0,27436,0,32,0.7607864737510681,0.7831703424453735
3,baseline,64,256,outside_forward_lightcone,,,0,0,0,0.7607864737510681,0.7831703424453735
4,roles,32,64,0_8,0.0,0.0,1706,0,32,0.5,0.515625
4,roles,32,64,8_16,0.0,0.0,2240,0,32,0.5,0.515625
4,roles,32,64,equal_16,0.0,0.0,276,0,32,0.5,0.515625
4,roles,32,64,strict_16_32,0.0,0.0,2918,0,32,0.5,0.515625
4,roles,32,64,32_64,0.0,0.0,1555,0,18,0.5,0.515625
4,roles,32,64,64_128,,,0,0,0,0.5,0.515625
4,roles,32,64,128_inf,,,0,0,0,0.5,0.515625
4,roles,32,64,far_gt16,0.0,0.0,4473,0,32,0.5,0.515625
4,roles,32,64,far_gt32,0.0,0.0,1418,0,17,0.5,0.515625
4,roles,32,64,r_le1,0.0,0.0,4222,0,32,0.5,0.515625
4,roles,32,64,r_1_2,0.0,0.0,3055,0,32,0.5,0.515625
4,roles,32,64,r_gt2,0.0,0.0,1418,0,17,0.5,0.515625
4,roles,32,64,outside_forward_lightcone,,,0,0,0,0.5,0.515625
4,roles,32,128,0_8,0.0,0.0,1706,0,32,0.5,0.515625
4,roles,32,128,8_16,0.0,0.0,2240,0,32,0.5,0.515625
4,roles,32,128,equal_16,0.0,0.0,276,0,32,0.5,0.515625
4,roles,32,128,strict_16_32,0.0,0.0,2918,0,32,0.5,0.515625
4,roles,32,128,32_64,0.0,0.0,1555,0,18,0.5,0.515625
4,roles,32,128,64_128,,,0,0,0,0.5,0.515625
4,roles,32,128,128_inf,,,0,0,0,0.5,0.515625
4,roles,32,128,far_gt16,0.0,0.0,4473,0,32,0.5,0.515625
4,roles,32,128,far_gt32,0.0,0.0,1418,0,17,0.5,0.515625
4,roles,32,128,r_le1,0.0,0.0,4222,0,32,0.5,0.515625
4,roles,32,128,r_1_2,0.0,0.0,3055,0,32,0.5,0.515625
4,roles,32,128,r_gt2,0.0,0.0,1418,0,17,0.5,0.515625
4,roles,32,128,outside_forward_lightcone,,,0,0,0,0.5,0.515625
4,roles,32,256,0_8,0.0,0.0,1706,0,32,0.5,0.515625
4,roles,32,256,8_16,0.0,0.0,2240,0,32,0.5,0.515625
4,roles,32,256,equal_16,0.0,0.0,276,0,32,0.5,0.515625
4,roles,32,256,strict_16_32,0.0,0.0,2918,0,32,0.5,0.515625
4,roles,32,256,32_64,0.0,0.0,1555,0,18,0.5,0.515625
4,roles,32,256,64_128,,,0,0,0,0.5,0.515625
4,roles,32,256,128_inf,,,0,0,0,0.5,0.515625
4,roles,32,256,far_gt16,0.0,0.0,4473,0,32,0.5,0.515625
4,roles,32,256,far_gt32,0.0,0.0,1418,0,17,0.5,0.515625
4,roles,32,256,r_le1,0.0,0.0,4222,0,32,0.5,0.515625
4,roles,32,256,r_1_2,0.0,0.0,3055,0,32,0.5,0.515625
4,roles,32,256,r_gt2,0.0,0.0,1418,0,17,0.5,0.515625
4,roles,32,256,outside_forward_lightcone,,,0,0,0,0.5,0.515625
4,roles,64,64,0_8,0.0,0.0,2545,0,32,0.5,0.5
4,roles,64,64,8_16,0.0,0.0,4510,0,32,0.5,0.5
4,roles,64,64,equal_16,0.0,0.0,534,0,32,0.5,0.5
4,roles,64,64,strict_16_32,0.0,0.0,8618,0,32,0.5,0.5
4,roles,64,64,32_64,0.0,0.0,15892,0,32,0.5,0.5
4,roles,64,64,64_128,0.0,0.0,11718,0,24,0.5,0.5
4,roles,64,64,128_inf,0.0,0.0,371,0,3,0.5,0.5
4,roles,64,64,far_gt16,0.0,0.0,36599,0,32,0.5,0.5
4,roles,64,64,far_gt32,0.0,0.0,27436,0,32,0.5,0.5
4,roles,64,64,r_le1,0.0,0.0,7589,0,32,0.5,0.5
4,roles,64,64,r_1_2,0.0,0.0,9163,0,32,0.5,0.5
4,roles,64,64,r_gt2,0.0,0.0,27436,0,32,0.5,0.5
4,roles,64,64,outside_forward_lightcone,0.0,0.0,337,0,3,0.5,0.5
4,roles,64,128,0_8,0.0,0.0,2545,0,32,0.5,0.5
4,roles,64,128,8_16,0.0,0.0,4510,0,32,0.5,0.5
4,roles,64,128,equal_16,0.0,0.0,534,0,32,0.5,0.5
4,roles,64,128,strict_16_32,0.0,0.0,8618,0,32,0.5,0.5
4,roles,64,128,32_64,0.0,0.0,15892,0,32,0.5,0.5
4,roles,64,128,64_128,0.0,0.0,11718,0,24,0.5,0.5
4,roles,64,128,128_inf,0.0,0.0,371,0,3,0.5,0.5
4,roles,64,128,far_gt16,0.0,0.0,36599,0,32,0.5,0.5
4,roles,64,128,far_gt32,0.0,0.0,27436,0,32,0.5,0.5
4,roles,64,128,r_le1,0.0,0.0,7589,0,32,0.5,0.5
4,roles,64,128,r_1_2,0.0,0.0,9163,0,32,0.5,0.5
4,roles,64,128,r_gt2,0.0,0.0,27436,0,32,0.5,0.5
4,roles,64,128,outside_forward_lightcone,,,0,0,0,0.5,0.5
4,roles,64,256,0_8,0.0,0.0,2545,0,32,0.5,0.5
4,roles,64,256,8_16,0.0,0.0,4510,0,32,0.5,0.5
4,roles,64,256,equal_16,0.0,0.0,534,0,32,0.5,0.5
4,roles,64,256,strict_16_32,0.0,0.0,8618,0,32,0.5,0.5
4,roles,64,256,32_64,0.0,0.0,15892,0,32,0.5,0.5
4,roles,64,256,64_128,0.0,0.0,11718,0,24,0.5,0.5
4,roles,64,256,128_inf,0.0,0.0,371,0,3,0.5,0.5
4,roles,64,256,far_gt16,0.0,0.0,36599,0,32,0.5,0.5
4,roles,64,256,far_gt32,0.0,0.0,27436,0,32,0.5,0.5
4,roles,64,256,r_le1,0.0,0.0,7589,0,32,0.5,0.5
4,roles,64,256,r_1_2,0.0,0.0,9163,0,32,0.5,0.5
4,roles,64,256,r_gt2,0.0,0.0,27436,0,32,0.5,0.5
4,roles,64,256,outside_forward_lightcone,,,0,0,0,0.5,0.5
4,baseline,32,64,0_8,1.0,1.0,1706,1706,32,0.9486216306686401,0.947201669216156
4,baseline,32,64,8_16,0.9907778862868055,0.9866071428571429,2240,2210,32,0.9486216306686401,0.947201669216156
4,baseline,32,64,equal_16,0.9603851877289378,0.9347826086956522,276,258,32,0.9486216306686401,0.947201669216156
4,baseline,32,64,strict_16_32,0.5239869975494874,0.44756682659355723,2918,1306,32,0.9486216306686401,0.947201669216156
4,baseline,32,64,32_64,0.0,0.0,1555,0,18,0.9486216306686401,0.947201669216156
4,baseline,32,64,64_128,,,0,0,0,0.9486216306686401,0.947201669216156
4,baseline,32,64,128_inf,,,0,0,0,0.9486216306686401,0.947201669216156
4,baseline,32,64,far_gt16,0.45214784281843223,0.29197406662195396,4473,1306,32,0.9486216306686401,0.947201669216156
4,baseline,32,64,far_gt32,0.0,0.0,1418,0,17,0.9486216306686401,0.947201669216156
4,baseline,32,64,r_le1,0.9918602138632914,0.9886309805779252,4222,4174,32,0.9486216306686401,0.947201669216156
4,baseline,32,64,r_1_2,0.5101566776426597,0.42749590834697215,3055,1306,32,0.9486216306686401,0.947201669216156
4,baseline,32,64,r_gt2,0.0,0.0,1418,0,17,0.9486216306686401,0.947201669216156
4,baseline,32,64,outside_forward_lightcone,,,0,0,0,0.9486216306686401,0.947201669216156
4,baseline,32,128,0_8,1.0,1.0,1706,1706,32,0.9479127526283264,0.9485496282577515
4,baseline,32,128,8_16,0.9924830470210968,0.9919642857142857,2240,2222,32,0.9479127526283264,0.9485496282577515
4,baseline,32,128,equal_16,0.9522750686813186,0.927536231884058,276,256,32,0.9479127526283264,0.9485496282577515
4,baseline,32,128,strict_16_32,0.5106749294069448,0.43591501028101437,2918,1272,32,0.9479127526283264,0.9485496282577515
4,baseline,32,128,32_64,0.0,0.0,1555,0,18,0.9479127526283264,0.9485496282577515
4,baseline,32,128,64_128,,,0,0,0,0.9479127526283264,0.9485496282577515
4,baseline,32,128,128_inf,,,0,0,0,0.9479127526283264,0.9485496282577515
4,baseline,32,128,far_gt16,0.4451153870488879,0.28437290409121396,4473,1272,32,0.9479127526283264,0.9485496282577515
4,baseline,32,128,far_gt32,0.0,0.0,1418,0,17,0.9479127526283264,0.9485496282577515
4,baseline,32,128,r_le1,0.9929484086704197,0.9909995262908574,4222,4184,32,0.9479127526283264,0.9485496282577515
4,baseline,32,128,r_1_2,0.4978723147154762,0.41636661211129294,3055,1272,32,0.9479127526283264,0.9485496282577515
4,baseline,32,128,r_gt2,0.0,0.0,1418,0,17,0.9479127526283264,0.9485496282577515
4,baseline,32,128,outside_forward_lightcone,,,0,0,0,0.9479127526283264,0.9485496282577515
4,baseline,32,256,0_8,1.0,1.0,1706,1706,32,0.9477032423019409,0.9492598176002502
4,baseline,32,256,8_16,0.994618990680348,0.99375,2240,2226,32,0.9477032423019409,0.9492598176002502
4,baseline,32,256,equal_16,0.9719551282051282,0.9492753623188406,276,262,32,0.9477032423019409,0.9492598176002502
4,baseline,32,256,strict_16_32,0.5043505350292105,0.42563399588759426,2918,1242,32,0.9477032423019409,0.9492598176002502
4,baseline,32,256,32_64,0.0,0.0,1555,0,18,0.9477032423019409,0.9492598176002502
4,baseline,32,256,64_128,,,0,0,0,0.9477032423019409,0.9492598176002502
4,baseline,32,256,128_inf,,,0,0,0,0.9477032423019409,0.9492598176002502
4,baseline,32,256,far_gt16,0.4444729239135606,0.2776659959758551,4473,1242,32,0.9477032423019409,0.9492598176002502
4,baseline,32,256,far_gt32,0.0,0.0,1418,0,17,0.9477032423019409,0.9492598176002502
4,baseline,32,256,r_le1,0.9950313880798234,0.9933680720037896,4222,4194,32,0.9477032423019409,0.9492598176002502
4,baseline,32,256,r_1_2,0.4926080037174974,0.4065466448445172,3055,1242,32,0.9477032423019409,0.9492598176002502
4,baseline,32,256,r_gt2,0.0,0.0,1418,0,17,0.9477032423019409,0.9492598176002502
4,baseline,32,256,outside_forward_lightcone,,,0,0,0,0.9477032423019409,0.9492598176002502
4,baseline,64,64,0_8,1.0,1.0,2545,2545,32,0.8141870498657227,0.8434170484542847
4,baseline,64,64,8_16,1.0,1.0,4510,4510,32,0.8141870498657227,0.8434170484542847
4,baseline,64,64,equal_16,0.925309490450944,0.9213483146067416,534,492,32,0.8141870498657227,0.8434170484542847
4,baseline,64,64,strict_16_32,0.33520248322577223,0.3515896959851474,8618,3030,32,0.8141870498657227,0.8434170484542847
4,baseline,64,64,32_64,0.0,0.0,15892,0,32,0.8141870498657227,0.8434170484542847
4,baseline,64,64,64_128,0.0,0.0,11718,0,24,0.8141870498657227,0.8434170484542847
4,baseline,64,64,128_inf,0.0,0.0,371,0,3,0.8141870498657227,0.8434170484542847
4,baseline,64,64,far_gt16,0.12108246790461702,0.08278914724446024,36599,3030,32,0.8141870498657227,0.8434170484542847
4,baseline,64,64,far_gt32,0.0,0.0,27436,0,32,0.8141870498657227,0.8434170484542847
4,baseline,64,64,r_le1,0.994778715360719,0.9944656740018448,7589,7547,32,0.8141870498657227,0.8434170484542847
4,baseline,64,64,r_1_2,0.31579150656801996,0.33067772563570885,9163,3030,32,0.8141870498657227,0.8434170484542847
4,baseline,64,64,r_gt2,0.0,0.0,27436,0,32,0.8141870498657227,0.8434170484542847
4,baseline,64,64,outside_forward_lightcone,0.0,0.0,337,0,3,0.8141870498657227,0.8434170484542847
4,baseline,64,128,0_8,1.0,1.0,2545,2545,32,0.8256382346153259,0.8550342917442322
4,baseline,64,128,8_16,1.0,1.0,4510,4510,32,0.8256382346153259,0.8550342917442322
4,baseline,64,128,equal_16,0.9816787020450815,0.9831460674157303,534,525,32,0.8256382346153259,0.8550342917442322
4,baseline,64,128,strict_16_32,0.35471427483306817,0.3706196333255976,8618,3194,32,0.8256382346153259,0.8550342917442322
4,baseline,64,128,32_64,0.0,0.0,15892,0,32,0.8256382346153259,0.8550342917442322
4,baseline,64,128,64_128,0.0,0.0,11718,0,24,0.8256382346153259,0.8550342917442322
4,baseline,64,128,128_inf,0.0,0.0,371,0,3,0.8256382346153259,0.8550342917442322
4,baseline,64,128,far_gt16,0.1268840026734963,0.08727014399300527,36599,3194,32,0.8256382346153259,0.8550342917442322
4,baseline,64,128,far_gt32,0.0,0.0,27436,0,32,0.8256382346153259,0.8550342917442322
4,baseline,64,128,r_le1,0.9989161661461579,0.9988140730003953,7589,7580,32,0.8256382346153259,0.8550342917442322
4,baseline,64,128,r_1_2,0.33409112114393136,0.3485757939539452,9163,3194,32,0.8256382346153259,0.8550342917442322
4,baseline,64,128,r_gt2,0.0,0.0,27436,0,32,0.8256382346153259,0.8550342917442322
4,baseline,64,128,outside_forward_lightcone,,,0,0,0,0.8256382346153259,0.8550342917442322
4,baseline,64,256,0_8,1.0,1.0,2545,2545,32,0.8252859115600586,0.8541195392608643
4,baseline,64,256,8_16,1.0,1.0,4510,4510,32,0.8252859115600586,0.8541195392608643
4,baseline,64,256,equal_16,0.9891322699825202,0.9868913857677902,534,527,32,0.8252859115600586,0.8541195392608643
4,baseline,64,256,strict_16_32,0.32896544527794114,0.3426549083313994,8618,2953,32,0.8252859115600586,0.8541195392608643
4,baseline,64,256,32_64,0.0,0.0,15892,0,32,0.8252859115600586,0.8541195392608643
4,baseline,64,256,64_128,0.0,0.0,11718,0,24,0.8252859115600586,0.8541195392608643
4,baseline,64,256,128_inf,0.0,0.0,371,0,3,0.8252859115600586,0.8541195392608643
4,baseline,64,256,far_gt16,0.11687369868912129,0.08068526462471652,36599,2953,32,0.8252859115600586,0.8541195392608643
4,baseline,64,256,far_gt32,0.0,0.0,27436,0,32,0.8252859115600586,0.8541195392608643
4,baseline,64,256,r_le1,0.9991653852496067,0.9990776123336408,7589,7582,32,0.8252859115600586,0.8541195392608643
4,baseline,64,256,r_1_2,0.3098262382163039,0.322274364291171,9163,2953,32,0.8252859115600586,0.8541195392608643
4,baseline,64,256,r_gt2,0.0,0.0,27436,0,32,0.8252859115600586,0.8541195392608643
4,baseline,64,256,outside_forward_lightcone,,,0,0,0,0.8252859115600586,0.8541195392608643
4,stream,32,64,0_8,1.0,1.0,1706,1706,32,0.9698113203048706,0.9685815572738647
4,stream,32,64,8_16,1.0,1.0,2240,2240,32,0.9698113203048706,0.9685815572738647
4,stream,32,64,equal_16,1.0,1.0,276,276,32,0.9698113203048706,0.9685815572738647
4,stream,32,64,strict_16_32,0.8889380863613643,0.8591501028101439,2918,2507,32,0.9698113203048706,0.9685815572738647
4,stream,32,64,32_64,0.16634401642850263,0.08167202572347267,1555,127,18,0.9698113203048706,0.9685815572738647
4,stream,32,64,64_128,,,0,0,0,0.9698113203048706,0.9685815572738647
4,stream,32,64,128_inf,,,0,0,0,0.9698113203048706,0.9685815572738647
4,stream,32,64,far_gt16,0.7493158787016881,0.5888665325285044,4473,2634,32,0.9698113203048706,0.9685815572738647
4,stream,32,64,far_gt32,0.122042961232619,0.05289139633286319,1418,75,17,0.9698113203048706,0.9685815572738647
4,stream,32,64,r_le1,1.0,1.0,4222,4222,32,0.9698113203048706,0.9685815572738647
4,stream,32,64,r_1_2,0.8733579914928685,0.8376432078559738,3055,2559,32,0.9698113203048706,0.9685815572738647
4,stream,32,64,r_gt2,0.122042961232619,0.05289139633286319,1418,75,17,0.9698113203048706,0.9685815572738647
4,stream,32,64,outside_forward_lightcone,,,0,0,0,0.9698113203048706,0.9685815572738647
4,stream,32,128,0_8,1.0,1.0,1706,1706,32,0.9907637238502502,0.990175187587738
4,stream,32,128,8_16,1.0,1.0,2240,2240,32,0.9907637238502502,0.990175187587738
4,stream,32,128,equal_16,1.0,1.0,276,276,32,0.9907637238502502,0.990175187587738
4,stream,32,128,strict_16_32,0.996444610778443,0.9934886908841672,2918,2899,32,0.9907637238502502,0.990175187587738
4,stream,32,128,32_64,0.7978734533599424,0.5659163987138264,1555,880,18,0.9907637238502502,0.990175187587738
4,stream,32,128,64_128,,,0,0,0,0.9907637238502502,0.990175187587738
4,stream,32,128,128_inf,,,0,0,0,0.9907637238502502,0.990175187587738
4,stream,32,128,far_gt16,0.9370025383345166,0.844846858931366,4473,3779,32,0.9907637238502502,0.990175187587738
4,stream,32,128,far_gt32,0.7701338910803605,0.5289139633286318,1418,750,17,0.9907637238502502,0.990175187587738
4,stream,32,128,r_le1,1.0,1.0,4222,4222,32,0.9907637238502502,0.990175187587738
4,stream,32,128,r_1_2,0.9954169433918038,0.9914893617021276,3055,3029,32,0.9907637238502502,0.990175187587738
4,stream,32,128,r_gt2,0.7701338910803605,0.5289139633286318,1418,750,17,0.9907637238502502,0.990175187587738
4,stream,32,128,outside_forward_lightcone,,,0,0,0,0.9907637238502502,0.990175187587738
4,stream,32,256,0_8,1.0,1.0,1706,1706,32,0.9944358468055725,0.9955612421035767
4,stream,32,256,8_16,1.0,1.0,2240,2240,32,0.9944358468055725,0.9955612421035767
4,stream,32,256,equal_16,1.0,1.0,276,276,32,0.9944358468055725,0.9955612421035767
4,stream,32,256,strict_16_32,1.0,1.0,2918,2918,32,0.9944358468055725,0.9955612421035767
4,stream,32,256,32_64,0.9185827417386707,0.7472668810289389,1555,1162,18,0.9944358468055725,0.9955612421035767
4,stream,32,256,64_128,,,0,0,0,0.9944358468055725,0.9955612421035767
4,stream,32,256,128_inf,,,0,0,0,0.9944358468055725,0.9955612421035767
4,stream,32,256,far_gt16,0.9717305443488201,0.9121395036887995,4473,4080,32,0.9944358468055725,0.9955612421035767
4,stream,32,256,far_gt32,0.9080764226211067,0.7228490832157969,1418,1025,17,0.9944358468055725,0.9955612421035767
4,stream,32,256,r_le1,1.0,1.0,4222,4222,32,0.9944358468055725,0.9955612421035767
4,stream,32,256,r_1_2,1.0,1.0,3055,3055,32,0.9944358468055725,0.9955612421035767
4,stream,32,256,r_gt2,0.9080764226211067,0.7228490832157969,1418,1025,17,0.9944358468055725,0.9955612421035767
4,stream,32,256,outside_forward_lightcone,,,0,0,0,0.9944358468055725,0.9955612421035767
4,stream,64,64,0_8,0.9375,0.9328094302554027,2545,2374,32,0.9384111166000366,0.8873114585876465
4,stream,64,64,8_16,0.9375,0.9401330376940134,4510,4240,32,0.9384111166000366,0.8873114585876465
4,stream,64,64,equal_16,0.9375,0.9438202247191011,534,504,32,0.9384111166000366,0.8873114585876465
4,stream,64,64,strict_16_32,0.9301408768673849,0.9350197261545602,8618,8058,32,0.9384111166000366,0.8873114585876465
4,stream,64,64,32_64,0.3444977886098606,0.24590989176944375,15892,3908,32,0.9384111166000366,0.8873114585876465
4,stream,64,64,64_128,0.0,0.0,11718,0,24,0.9384111166000366,0.8873114585876465
4,stream,64,64,128_inf,0.0,0.0,371,0,3,0.9384111166000366,0.8873114585876465
4,stream,64,64,far_gt16,0.4436836368086824,0.3269488237383535,36599,11966,32,0.9384111166000366,0.8873114585876465
4,stream,64,64,far_gt32,0.2631864231948753,0.12483598192156291,27436,3425,32,0.9384111166000366,0.8873114585876465
4,stream,64,64,r_le1,0.9375,0.9379364870206879,7589,7118,32,0.9384111166000366,0.8873114585876465
4,stream,64,64,r_1_2,0.9291785831929883,0.932118301866201,9163,8541,32,0.9384111166000366,0.8873114585876465
4,stream,64,64,r_gt2,0.2631864231948753,0.12483598192156291,27436,3425,32,0.9384111166000366,0.8873114585876465
4,stream,64,64,outside_forward_lightcone,0.0,0.0,337,0,3,0.9384111166000366,0.8873114585876465
4,stream,64,128,0_8,0.9375,0.9328094302554027,2545,2374,32,0.9675559997558594,0.9193484783172607
4,stream,64,128,8_16,0.9375,0.9401330376940134,4510,4240,32,0.9675559997558594,0.9193484783172607
4,stream,64,128,equal_16,0.9375,0.9438202247191011,534,504,32,0.9675559997558594,0.9193484783172607
4,stream,64,128,strict_16_32,0.9338849614395887,0.9432582965885357,8618,8129,32,0.9675559997558594,0.9193484783172607
4,stream,64,128,32_64,0.7471793326441349,0.6815378806946891,15892,10831,32,0.9675559997558594,0.9193484783172607
4,stream,64,128,64_128,0.09429531420630932,0.021590715139102237,11718,253,24,0.9675559997558594,0.9193484783172607
4,stream,64,128,128_inf,0.0,0.0,371,0,3,0.9675559997558594,0.9193484783172607
4,stream,64,128,far_gt16,0.6345893865893026,0.524959698352414,36599,19213,32,0.9675559997558594,0.9193484783172607
4,stream,64,128,far_gt32,0.5577856581302454,0.3859527627934101,27436,10589,32,0.9675559997558594,0.9193484783172607
4,stream,64,128,r_le1,0.9375,0.9379364870206879,7589,7118,32,0.9675559997558594,0.9193484783172607
4,stream,64,128,r_1_2,0.9334463443396226,0.9411764705882353,9163,8624,32,0.9675559997558594,0.9193484783172607
4,stream,64,128,r_gt2,0.5577856581302454,0.3859527627934101,27436,10589,32,0.9675559997558594,0.9193484783172607
4,stream,64,128,outside_forward_lightcone,,,0,0,0,0.9675559997558594,0.9193484783172607
4,stream,64,256,0_8,0.9375,0.9328094302554027,2545,2374,32,0.9824604392051697,0.9407313466072083
4,stream,64,256,8_16,0.9375,0.9401330376940134,4510,4240,32,0.9824604392051697,0.9407313466072083
4,stream,64,256,equal_16,0.9375,0.9438202247191011,534,504,32,0.9824604392051697,0.9407313466072083
4,stream,64,256,strict_16_32,0.9375,0.9484799257368299,8618,8174,32,0.9824604392051697,0.9407313466072083
4,stream,64,256,32_64,0.9065343859076107,0.8847218726403222,15892,14060,32,0.9824604392051697,0.9407313466072083
4,stream,64,256,64_128,0.49989498517705167,0.23468168629458952,11718,2750,24,0.9824604392051697,0.9407313466072083
4,stream,64,256,128_inf,0.0,0.0,371,0,3,0.9824604392051697,0.9407313466072083
4,stream,64,256,far_gt16,0.7772504246121748,0.6826416022295692,36599,24984,32,0.9824604392051697,0.9407313466072083
4,stream,64,256,far_gt32,0.749900691258865,0.5942921708703893,27436,16305,32,0.9824604392051697,0.9407313466072083
4,stream,64,256,r_le1,0.9375,0.9379364870206879,7589,7118,32,0.9824604392051697,0.9407313466072083
4,stream,64,256,r_1_2,0.9375,0.9471788715486195,9163,8679,32,0.9824604392051697,0.9407313466072083
4,stream,64,256,r_gt2,0.749900691258865,0.5942921708703893,27436,16305,32,0.9824604392051697,0.9407313466072083
4,stream,64,256,outside_forward_lightcone,,,0,0,0,0.9824604392051697,0.9407313466072083
5,roles,32,64,0_8,0.9032780643597889,0.8874560375146542,1706,1514,32,0.8248165845870972,0.7868419289588928
5,roles,32,64,8_16,0.25888858557739736,0.25089285714285714,2240,562,32,0.8248165845870972,0.7868419289588928
5,roles,32,64,equal_16,0.0702899531024531,0.06884057971014493,276,19,32,0.8248165845870972,0.7868419289588928
5,roles,32,64,strict_16_32,0.017996734937518973,0.015764222069910898,2918,46,32,0.8248165845870972,0.7868419289588928
5,roles,32,64,32_64,0.049999999999999996,0.005787781350482315,1555,9,18,0.8248165845870972,0.7868419289588928
5,roles,32,64,64_128,,,0,0,0,0.8248165845870972,0.7868419289588928
5,roles,32,64,128_inf,,,0,0,0,0.8248165845870972,0.7868419289588928
5,roles,32,64,far_gt16,0.019528265746719863,0.012295998211491169,4473,55,32,0.8248165845870972,0.7868419289588928
5,roles,32,64,far_gt32,0.049019607843137254,0.003526093088857546,1418,5,17,0.8248165845870972,0.7868419289588928
5,roles,32,64,r_le1,0.5190449574680422,0.4962103268593084,4222,2095,32,0.8248165845870972,0.7868419289588928
5,roles,32,64,r_1_2,0.018859701706634344,0.016366612111292964,3055,50,32,0.8248165845870972,0.7868419289588928
5,roles,32,64,r_gt2,0.049019607843137254,0.003526093088857546,1418,5,17,0.8248165845870972,0.7868419289588928
5,roles,32,64,outside_forward_lightcone,,,0,0,0,0.8248165845870972,0.7868419289588928
5,roles,32,128,0_8,0.8962675581732493,0.88042203985932,1706,1502,32,0.8218199610710144,0.7857904434204102
5,roles,32,128,8_16,0.25686327405852194,0.259375,2240,581,32,0.8218199610710144,0.7857904434204102
5,roles,32,128,equal_16,0.08334798881673881,0.08695652173913043,276,24,32,0.8218199610710144,0.7857904434204102
5,roles,32,128,strict_16_32,0.024985679628969932,0.0205620287868403,2918,60,32,0.8218199610710144,0.7857904434204102
5,roles,32,128,32_64,0.0,0.0,1555,0,18,0.8218199610710144,0.7857904434204102
5,roles,32,128,64_128,,,0,0,0,0.8218199610710144,0.7857904434204102
5,roles,32,128,128_inf,,,0,0,0,0.8218199610710144,0.7857904434204102
5,roles,32,128,far_gt16,0.023395198375150694,0.01341381623071764,4473,60,32,0.8218199610710144,0.7857904434204102
5,roles,32,128,far_gt32,0.0,0.0,1418,0,17,0.8218199610710144,0.7857904434204102
5,roles,32,128,r_le1,0.5170281608315193,0.4990525817148271,4222,2107,32,0.8218199610710144,0.7857904434204102
5,roles,32,128,r_1_2,0.024609578055274438,0.019639934533551555,3055,60,32,0.8218199610710144,0.7857904434204102
5,roles,32,128,r_gt2,0.0,0.0,1418,0,17,0.8218199610710144,0.7857904434204102
5,roles,32,128,outside_forward_lightcone,,,0,0,0,0.8218199610710144,0.7857904434204102
5,roles,32,256,0_8,0.8900811174400063,0.8733880422039859,1706,1490,32,0.816784143447876,0.7824229001998901
5,roles,32,256,8_16,0.24274427215886235,0.24732142857142858,2240,554,32,0.816784143447876,0.7824229001998901
5,roles,32,256,equal_16,0.07081078643578644,0.06521739130434782,276,18,32,0.816784143447876,0.7824229001998901
5,roles,32,256,strict_16_32,0.02860947280722204,0.020904729266620972,2918,61,32,0.816784143447876,0.7824229001998901
5,roles,32,256,32_64,0.0,0.0,1555,0,18,0.816784143447876,0.7824229001998901
5,roles,32,256,64_128,,,0,0,0,0.816784143447876,0.7824229001998901
5,roles,32,256,128_inf,,,0,0,0,0.816784143447876,0.7824229001998901
5,roles,32,256,far_gt16,0.02767839941827667,0.013637379834562932,4473,61,32,0.816784143447876,0.7824229001998901
5,roles,32,256,far_gt32,0.0,0.0,1418,0,17,0.816784143447876,0.7824229001998901
5,roles,32,256,r_le1,0.5070250450296517,0.4883941260066319,4222,2062,32,0.816784143447876,0.7824229001998901
5,roles,32,256,r_1_2,0.028360204625863007,0.019967266775777415,3055,61,32,0.816784143447876,0.7824229001998901
5,roles,32,256,r_gt2,0.0,0.0,1418,0,17,0.816784143447876,0.7824229001998901
5,roles,32,256,outside_forward_lightcone,,,0,0,0,0.816784143447876,0.7824229001998901
5,roles,64,64,0_8,0.8085868484246141,0.8019646365422397,2545,2041,32,0.7633211016654968,0.7668037414550781
5,roles,64,64,8_16,0.7250150013147824,0.6847006651884701,4510,3088,32,0.7633211016654968,0.7668037414550781
5,roles,64,64,equal_16,0.48518738186662214,0.40262172284644193,534,215,32,0.7633211016654968,0.7668037414550781
5,roles,64,64,strict_16_32,0.12883206402077405,0.10408447435599907,8618,897,32,0.7633211016654968,0.7668037414550781
5,roles,64,64,32_64,0.0035364488737913875,0.0017618927762396174,15892,28,32,0.7633211016654968,0.7668037414550781
5,roles,64,64,64_128,0.0,0.0,11718,0,24,0.7633211016654968,0.7668037414550781
5,roles,64,64,128_inf,0.0,0.0,371,0,3,0.7633211016654968,0.7668037414550781
5,roles,64,64,far_gt16,0.03789684117961687,0.02527391458783027,36599,925,32,0.7633211016654968,0.7668037414550781
5,roles,64,64,far_gt32,0.0026837323597626427,0.0007289692374981776,27436,20,32,0.7633211016654968,0.7668037414550781
5,roles,64,64,r_le1,0.7311532912447718,0.704177098431941,7589,5344,32,0.7633211016654968,0.7668037414550781
5,roles,64,64,r_1_2,0.12010793975575505,0.09876677943904835,9163,905,32,0.7633211016654968,0.7668037414550781
5,roles,64,64,r_gt2,0.0026837323597626427,0.0007289692374981776,27436,20,32,0.7633211016654968,0.7668037414550781
5,roles,64,64,outside_forward_lightcone,0.0,0.0,337,0,3,0.7633211016654968,0.7668037414550781
5,roles,64,128,0_8,0.9281208308665101,0.9328094302554027,2545,2374,32,0.8070394396781921,0.8070392608642578
5,roles,64,128,8_16,0.8155437539403625,0.7729490022172949,4510,3486,32,0.8070394396781921,0.8070392608642578
5,roles,64,128,equal_16,0.5650286240384945,0.4681647940074906,534,250,32,0.8070394396781921,0.8070392608642578
5,roles,64,128,strict_16_32,0.15945167348222763,0.1321652355534927,8618,1139,32,0.8070394396781921,0.8070392608642578
5,roles,64,128,32_64,0.0053266754941688945,0.0039013340045305814,15892,62,32,0.8070394396781921,0.8070392608642578
5,roles,64,128,64_128,0.0,0.0,11718,0,24,0.8070394396781921,0.8070392608642578
5,roles,64,128,128_inf,0.0,0.0,371,0,3,0.8070394396781921,0.8070392608642578
5,roles,64,128,far_gt16,0.047572591484922266,0.032815104237820705,36599,1201,32,0.8070394396781921,0.8070392608642578
5,roles,64,128,far_gt32,0.0024866085086595333,0.0017495261699956262,27436,48,32,0.8070394396781921,0.8070392608642578
5,roles,64,128,r_le1,0.830079570239399,0.8051126630649624,7589,6110,32,0.8070394396781921,0.8070392608642578
5,roles,64,128,r_1_2,0.14919482111017812,0.12583215104223508,9163,1153,32,0.8070394396781921,0.8070392608642578
5,roles,64,128,r_gt2,0.0024866085086595333,0.0017495261699956262,27436,48,32,0.8070394396781921,0.8070392608642578
5,roles,64,128,outside_forward_lightcone,,,0,0,0,0.8070394396781921,0.8070392608642578
5,roles,64,256,0_8,0.9576973721574216,0.9599214145383104,2545,2443,32,0.8143645524978638,0.8089980483055115
5,roles,64,256,8_16,0.8253426369997606,0.7860310421286031,4510,3545,32,0.8143645524978638,0.8089980483055115
5,roles,64,256,equal_16,0.5758248552631123,0.48314606741573035,534,258,32,0.8143645524978638,0.8089980483055115
5,roles,64,256,strict_16_32,0.16664598820906557,0.13935948015780925,8618,1201,32,0.8143645524978638,0.8089980483055115
5,roles,64,256,32_64,0.005291602017209986,0.005411527812735968,15892,86,32,0.8143645524978638,0.8089980483055115
5,roles,64,256,64_128,0.0,0.0,11718,0,24,0.8143645524978638,0.8089980483055115
5,roles,64,256,128_inf,0.0,0.0,371,0,3,0.8143645524978638,0.8089980483055115
5,roles,64,256,far_gt16,0.046059763630187545,0.03516489521571628,36599,1287,32,0.8143645524978638,0.8089980483055115
5,roles,64,256,far_gt32,0.0027677800029326212,0.0023691500218690773,27436,65,32,0.8143645524978638,0.8089980483055115
5,roles,64,256,r_le1,0.8471041439872959,0.8230333377256556,7589,6246,32,0.8143645524978638,0.8089980483055115
5,roles,64,256,r_1_2,0.15708874777301282,0.1333624358834443,9163,1222,32,0.8143645524978638,0.8089980483055115
5,roles,64,256,r_gt2,0.0027677800029326212,0.0023691500218690773,27436,65,32,0.8143645524978638,0.8089980483055115
5,roles,64,256,outside_forward_lightcone,,,0,0,0,0.8143645524978638,0.8089980483055115
5,stream,32,64,0_8,0.8134580949942097,0.7971864009378663,1706,1360,32,0.8744397759437561,0.8818619251251221
5,stream,32,64,8_16,0.8186535714287815,0.765625,2240,1715,32,0.8744397759437561,0.8818619251251221
5,stream,32,64,equal_16,0.6893649753024753,0.5978260869565217,276,165,32,0.8744397759437561,0.8818619251251221
5,stream,32,64,strict_16_32,0.1605213582151495,0.13022618231665525,2918,380,32,0.8744397759437561,0.8818619251251221
5,stream,32,64,32_64,0.0,0.0,1555,0,18,0.8744397759437561,0.8818619251251221
5,stream,32,64,64_128,,,0,0,0,0.8744397759437561,0.8818619251251221
5,stream,32,64,128_inf,,,0,0,0,0.8744397759437561,0.8818619251251221
5,stream,32,64,far_gt16,0.1309654406385985,0.08495416946121172,4473,380,32,0.8744397759437561,0.8818619251251221
5,stream,32,64,far_gt32,0.0,0.0,1418,0,17,0.8744397759437561,0.8818619251251221
5,stream,32,64,r_le1,0.8107811837682498,0.7674088109900521,4222,3240,32,0.8744397759437561,0.8818619251251221
5,stream,32,64,r_1_2,0.15479504726245844,0.12438625204582651,3055,380,32,0.8744397759437561,0.8818619251251221
5,stream,32,64,r_gt2,0.0,0.0,1418,0,17,0.8744397759437561,0.8818619251251221
5,stream,32,64,outside_forward_lightcone,,,0,0,0,0.8744397759437561,0.8818619251251221
5,stream,32,128,0_8,0.8133956117096031,0.7971864009378663,1706,1360,32,0.8721958994865417,0.8809410333633423
5,stream,32,128,8_16,0.8110142110316165,0.7571428571428571,2240,1696,32,0.8721958994865417,0.8809410333633423
5,stream,32,128,equal_16,0.7034980644355644,0.6159420289855072,276,170,32,0.8721958994865417,0.8809410333633423
5,stream,32,128,strict_16_32,0.16890277419291053,0.13982179575051404,2918,408,32,0.8721958994865417,0.8809410333633423
5,stream,32,128,32_64,0.0012345679012345679,0.0038585209003215433,1555,6,18,0.8721958994865417,0.8809410333633423
5,stream,32,128,64_128,,,0,0,0,0.8721958994865417,0.8809410333633423
5,stream,32,128,128_inf,,,0,0,0,0.8721958994865417,0.8809410333633423
5,stream,32,128,far_gt16,0.1337795639763225,0.0925553319919517,4473,414,32,0.8721958994865417,0.8809410333633423
5,stream,32,128,far_gt32,0.0009487666034155597,0.0028208744710860366,1418,4,17,0.8721958994865417,0.8809410333633423
5,stream,32,128,r_le1,0.8079639574438036,0.7640928469919469,4222,3226,32,0.8721958994865417,0.8809410333633423
5,stream,32,128,r_1_2,0.16249290226703006,0.1342062193126023,3055,410,32,0.8721958994865417,0.8809410333633423
5,stream,32,128,r_gt2,0.0009487666034155597,0.0028208744710860366,1418,4,17,0.8721958994865417,0.8809410333633423
5,stream,32,128,outside_forward_lightcone,,,0,0,0,0.8721958994865417,0.8809410333633423
5,stream,32,256,0_8,0.7715648430587589,0.7526377491207503,1706,1284,32,0.8605796694755554,0.871937096118927
5,stream,32,256,8_16,0.7690634740217749,0.7227678571428572,2240,1619,32,0.8605796694755554,0.871937096118927
5,stream,32,256,equal_16,0.7078631438006437,0.644927536231884,276,178,32,0.8605796694755554,0.871937096118927
5,stream,32,256,strict_16_32,0.20028343057751746,0.1710075394105552,2918,499,32,0.8605796694755554,0.871937096118927
5,stream,32,256,32_64,0.0011595255386105058,0.0012861736334405145,1555,2,18,0.8605796694755554,0.871937096118927
5,stream,32,256,64_128,,,0,0,0,0.8605796694755554,0.871937096118927
5,stream,32,256,128_inf,,,0,0,0,0.8605796694755554,0.871937096118927
5,stream,32,256,far_gt16,0.16019347326954675,0.11200536552649229,4473,501,32,0.8605796694755554,0.871937096118927
5,stream,32,256,far_gt32,0.001368265752903103,0.0014104372355430183,1418,2,17,0.8605796694755554,0.871937096118927
5,stream,32,256,r_le1,0.7713097393682834,0.7297489341544292,4222,3081,32,0.8605796694755554,0.871937096118927
5,stream,32,256,r_1_2,0.19265796579369493,0.16333878887070377,3055,499,32,0.8605796694755554,0.871937096118927
5,stream,32,256,r_gt2,0.001368265752903103,0.0014104372355430183,1418,2,17,0.8605796694755554,0.871937096118927
5,stream,32,256,outside_forward_lightcone,,,0,0,0,0.8605796694755554,0.871937096118927
5,stream,64,64,0_8,0.7077012388956059,0.6927308447937132,2545,1763,32,0.7968395352363586,0.7718145847320557
5,stream,64,64,8_16,0.7543608121035219,0.7447893569844789,4510,3359,32,0.7968395352363586,0.7718145847320557
5,stream,64,64,equal_16,0.7210779364359808,0.7284644194756554,534,389,32,0.7968395352363586,0.7718145847320557
5,stream,64,64,strict_16_32,0.28202497796973286,0.26293803666744026,8618,2266,32,0.7968395352363586,0.7718145847320557
5,stream,64,64,32_64,0.03789577782853847,0.013277120563805688,15892,211,32,0.7968395352363586,0.7718145847320557
5,stream,64,64,64_128,0.0,0.0,11718,0,24,0.7968395352363586,0.7718145847320557
5,stream,64,64,128_inf,0.0,0.0,371,0,3,0.7968395352363586,0.7718145847320557
5,stream,64,64,far_gt16,0.09334361982261977,0.0676794447935736,36599,2477,32,0.7968395352363586,0.7718145847320557
5,stream,64,64,far_gt32,0.03739712456239454,0.00652427467560869,27436,179,32,0.7968395352363586,0.7718145847320557
5,stream,64,64,r_le1,0.7447179920859861,0.7261826327579392,7589,5511,32,0.7968395352363586,0.7718145847320557
5,stream,64,64,r_1_2,0.26767658705830477,0.25079122558114153,9163,2298,32,0.7968395352363586,0.7718145847320557
5,stream,64,64,r_gt2,0.03739712456239454,0.00652427467560869,27436,179,32,0.7968395352363586,0.7718145847320557
5,stream,64,64,outside_forward_lightcone,0.0,0.0,337,0,3,0.7968395352363586,0.7718145847320557
5,stream,64,128,0_8,0.7266247127830695,0.7163064833005894,2545,1823,32,0.7838770151138306,0.7571358680725098
5,stream,64,128,8_16,0.7617607204894066,0.738359201773836,4510,3330,32,0.7838770151138306,0.7571358680725098
5,stream,64,128,equal_16,0.7293637229994595,0.7265917602996255,534,388,32,0.7838770151138306,0.7571358680725098
5,stream,64,128,strict_16_32,0.2836487032040418,0.25469946623346484,8618,2195,32,0.7838770151138306,0.7571358680725098
5,stream,64,128,32_64,0.04542150727482572,0.02076516486282406,15892,330,32,0.7838770151138306,0.7571358680725098
5,stream,64,128,64_128,0.0,0.0,11718,0,24,0.7838770151138306,0.7571358680725098
5,stream,64,128,128_inf,0.0,0.0,371,0,3,0.7838770151138306,0.7571358680725098
5,stream,64,128,far_gt16,0.09359133173956846,0.06899095603705019,36599,2525,32,0.7838770151138306,0.7571358680725098
5,stream,64,128,far_gt32,0.04194531561242469,0.010096223939349759,27436,277,32,0.7838770151138306,0.7571358680725098
5,stream,64,128,r_le1,0.7537578500041938,0.7301357227566214,7589,5541,32,0.7838770151138306,0.7571358680725098
5,stream,64,128,r_1_2,0.27380291293203274,0.24533449743533778,9163,2248,32,0.7838770151138306,0.7571358680725098
5,stream,64,128,r_gt2,0.04194531561242469,0.010096223939349759,27436,277,32,0.7838770151138306,0.7571358680725098
5,stream,64,128,outside_forward_lightcone,,,0,0,0,0.7838770151138306,0.7571358680725098
5,stream,64,256,0_8,0.7092946315806326,0.6974459724950884,2545,1775,32,0.7819940447807312,0.7566814422607422
5,stream,64,256,8_16,0.7340311116121081,0.7073170731707317,4510,3190,32,0.7819940447807312,0.7566814422607422
5,stream,64,256,equal_16,0.6870200524533312,0.6910112359550562,534,369,32,0.7819940447807312,0.7566814422607422
5,stream,64,256,strict_16_32,0.31559111347274416,0.28428869807379903,8618,2450,32,0.7819940447807312,0.7566814422607422
5,stream,64,256,32_64,0.05010225823783963,0.024729423609363203,15892,393,32,0.7819940447807312,0.7566814422607422
5,stream,64,256,64_128,0.0,0.0,11718,0,24,0.7819940447807312,0.7566814422607422
5,stream,64,256,128_inf,0.0,0.0,371,0,3,0.7819940447807312,0.7566814422607422
5,stream,64,256,far_gt16,0.10412302969738157,0.07767971802508265,36599,2843,32,0.7819940447807312,0.7566814422607422
5,stream,64,256,far_gt32,0.044197405168307835,0.012283131651844293,27436,337,32,0.7819940447807312,0.7566814422607422
5,stream,64,256,r_le1,0.7292836109909583,0.7028594017657135,7589,5334,32,0.7819940447807312,0.7566814422607422
5,stream,64,256,r_1_2,0.30384316813609813,0.2734912146676853,9163,2506,32,0.7819940447807312,0.7566814422607422
5,stream,64,256,r_gt2,0.044197405168307835,0.012283131651844293,27436,337,32,0.7819940447807312,0.7566814422607422
5,stream,64,256,outside_forward_lightcone,,,0,0,0,0.7819940447807312,0.7566814422607422
5,baseline,32,64,0_8,1.0,1.0,1706,1706,32,0.9824461936950684,0.9774256348609924
5,baseline,32,64,8_16,1.0,1.0,2240,2240,32,0.9824461936950684,0.9774256348609924
5,baseline,32,64,equal_16,1.0,1.0,276,276,32,0.9824461936950684,0.9774256348609924
5,baseline,32,64,strict_16_32,0.9644596674318395,0.9568197395476353,2918,2792,32,0.9824461936950684,0.9774256348609924
5,baseline,32,64,32_64,0.33731132235783917,0.33054662379421224,1555,514,18,0.9824461936950684,0.9774256348609924
5,baseline,32,64,64_128,,,0,0,0,0.9824461936950684,0.9774256348609924
5,baseline,32,64,128_inf,,,0,0,0,0.9824461936950684,0.9774256348609924
5,baseline,32,64,far_gt16,0.8481385857636277,0.7391012743125419,4473,3306,32,0.9824461936950684,0.9774256348609924
5,baseline,32,64,far_gt32,0.3221906526260324,0.3025387870239774,1418,429,17,0.9824461936950684,0.9774256348609924
5,baseline,32,64,r_le1,1.0,1.0,4222,4222,32,0.9824461936950684,0.9774256348609924
5,baseline,32,64,r_1_2,0.9535290799757692,0.9417348608837971,3055,2877,32,0.9824461936950684,0.9774256348609924
5,baseline,32,64,r_gt2,0.3221906526260324,0.3025387870239774,1418,429,17,0.9824461936950684,0.9774256348609924
5,baseline,32,64,outside_forward_lightcone,,,0,0,0,0.9824461936950684,0.9774256348609924
5,baseline,32,128,0_8,1.0,1.0,1706,1706,32,0.9823296666145325,0.9756090641021729
5,baseline,32,128,8_16,1.0,1.0,2240,2240,32,0.9823296666145325,0.9756090641021729
5,baseline,32,128,equal_16,1.0,1.0,276,276,32,0.9823296666145325,0.9756090641021729
5,baseline,32,128,strict_16_32,0.9591792649814116,0.9516792323509253,2918,2777,32,0.9823296666145325,0.9756090641021729
5,baseline,32,128,32_64,0.31448987929438743,0.30289389067524114,1555,471,18,0.9823296666145325,0.9756090641021729
5,baseline,32,128,64_128,,,0,0,0,0.9823296666145325,0.9756090641021729
5,baseline,32,128,128_inf,,,0,0,0,0.9823296666145325,0.9756090641021729
5,baseline,32,128,far_gt16,0.8378808297213409,0.7261345852895149,4473,3248,32,0.9823296666145325,0.9756090641021729
5,baseline,32,128,far_gt32,0.28857613975466545,0.2693935119887165,1418,382,17,0.9823296666145325,0.9756090641021729
5,baseline,32,128,r_le1,1.0,1.0,4222,4222,32,0.9823296666145325,0.9756090641021729
5,baseline,32,128,r_1_2,0.9498549585988303,0.9381342062193126,3055,2866,32,0.9823296666145325,0.9756090641021729
5,baseline,32,128,r_gt2,0.28857613975466545,0.2693935119887165,1418,382,17,0.9823296666145325,0.9756090641021729
5,baseline,32,128,outside_forward_lightcone,,,0,0,0,0.9823296666145325,0.9756090641021729
5,baseline,32,256,0_8,1.0,1.0,1706,1706,32,0.9799505472183228,0.9756944179534912
5,baseline,32,256,8_16,1.0,1.0,2240,2240,32,0.9799505472183228,0.9756944179534912
5,baseline,32,256,equal_16,1.0,1.0,276,276,32,0.9799505472183228,0.9756944179534912
5,baseline,32,256,strict_16_32,0.9474851113560708,0.9359150102810144,2918,2731,32,0.9799505472183228,0.9756944179534912
5,baseline,32,256,32_64,0.38366982872835037,0.2881028938906752,1555,448,18,0.9799505472183228,0.9756944179534912
5,baseline,32,256,64_128,,,0,0,0,0.9799505472183228,0.9756944179534912
5,baseline,32,256,128_inf,,,0,0,0,0.9799505472183228,0.9756944179534912
5,baseline,32,256,far_gt16,0.8264832344436301,0.7107086966241896,4473,3179,32,0.9799505472183228,0.9756944179534912
5,baseline,32,256,far_gt32,0.26879452037672413,0.2447108603667137,1418,347,17,0.9799505472183228,0.9756944179534912
5,baseline,32,256,r_le1,1.0,1.0,4222,4222,32,0.9799505472183228,0.9756944179534912
5,baseline,32,256,r_1_2,0.9415789728685255,0.9270049099836334,3055,2832,32,0.9799505472183228,0.9756944179534912
5,baseline,32,256,r_gt2,0.26879452037672413,0.2447108603667137,1418,347,17,0.9799505472183228,0.9756944179534912
5,baseline,32,256,outside_forward_lightcone,,,0,0,0,0.9799505472183228,0.9756944179534912
5,baseline,64,64,0_8,1.0,1.0,2545,2545,32,0.8863524198532104,0.9165407419204712
5,baseline,64,64,8_16,1.0,1.0,4510,4510,32,0.8863524198532104,0.9165407419204712
5,baseline,64,64,equal_16,1.0,1.0,534,534,32,0.8863524198532104,0.9165407419204712
5,baseline,64,64,strict_16_32,0.9896387270545782,0.9854954745880715,8618,8493,32,0.8863524198532104,0.9165407419204712
5,baseline,64,64,32_64,0.27437192112802006,0.19789831361691418,15892,3145,32,0.8863524198532104,0.9165407419204712
5,baseline,64,64,64_128,0.018439980158730156,0.00042669397508107184,11718,5,24,0.8863524198532104,0.9165407419204712
5,baseline,64,64,128_inf,0.0,0.0,371,0,3,0.8863524198532104,0.9165407419204712
5,baseline,64,64,far_gt16,0.4244773417593899,0.31812344599579223,36599,11643,32,0.8863524198532104,0.9165407419204712
5,baseline,64,64,far_gt32,0.20801987820479095,0.0985566409097536,27436,2704,32,0.8863524198532104,0.9165407419204712
5,baseline,64,64,r_le1,1.0,1.0,7589,7589,32,0.8863524198532104,0.9165407419204712
5,baseline,64,64,r_1_2,0.981648892850868,0.975553857906799,9163,8939,32,0.8863524198532104,0.9165407419204712
5,baseline,64,64,r_gt2,0.20801987820479095,0.0985566409097536,27436,2704,32,0.8863524198532104,0.9165407419204712
5,baseline,64,64,outside_forward_lightcone,0.0,0.0,337,0,3,0.8863524198532104,0.9165407419204712
5,baseline,64,128,0_8,1.0,1.0,2545,2545,32,0.887037992477417,0.917773962020874
5,baseline,64,128,8_16,1.0,1.0,4510,4510,32,0.887037992477417,0.917773962020874
5,baseline,64,128,equal_16,1.0,1.0,534,534,32,0.887037992477417,0.917773962020874
5,baseline,64,128,strict_16_32,0.9839882887536653,0.9800417730331864,8618,8446,32,0.887037992477417,0.917773962020874
5,baseline,64,128,32_64,0.28592907904453313,0.2094764661464888,15892,3329,32,0.887037992477417,0.917773962020874
5,baseline,64,128,64_128,0.010940152008057584,0.008107185526540365,11718,95,24,0.887037992477417,0.917773962020874
5,baseline,64,128,128_inf,0.0,0.0,371,0,3,0.887037992477417,0.917773962020874
5,baseline,64,128,far_gt16,0.43011324521821115,0.3243258012514003,36599,11870,32,0.887037992477417,0.917773962020874
5,baseline,64,128,far_gt32,0.21605205926626472,0.10730427175973174,27436,2944,32,0.887037992477417,0.917773962020874
5,baseline,64,128,r_le1,1.0,1.0,7589,7589,32,0.887037992477417,0.917773962020874
5,baseline,64,128,r_1_2,0.980626378717402,0.9741351085888901,9163,8926,32,0.887037992477417,0.917773962020874
5,baseline,64,128,r_gt2,0.21605205926626472,0.10730427175973174,27436,2944,32,0.887037992477417,0.917773962020874
5,baseline,64,128,outside_forward_lightcone,,,0,0,0,0.887037992477417,0.917773962020874
5,baseline,64,256,0_8,1.0,1.0,2545,2545,32,0.894059419631958,0.9103161692619324
5,baseline,64,256,8_16,1.0,1.0,4510,4510,32,0.894059419631958,0.9103161692619324
5,baseline,64,256,equal_16,1.0,1.0,534,534,32,0.894059419631958,0.9103161692619324
5,baseline,64,256,strict_16_32,0.9756282967144263,0.9724994198189835,8618,8381,32,0.894059419631958,0.9103161692619324
5,baseline,64,256,32_64,0.32214268067288493,0.24414799899320414,15892,3880,32,0.894059419631958,0.9103161692619324
5,baseline,64,256,64_128,0.11197498494048588,0.0570063150708312,11718,668,24,0.894059419631958,0.9103161692619324
5,baseline,64,256,128_inf,0.020325571562320677,0.03234501347708895,371,12,3,0.894059419631958,0.9103161692619324
5,baseline,64,256,far_gt16,0.45891444774308077,0.3535888958714719,36599,12941,32,0.894059419631958,0.9103161692619324
5,baseline,64,256,far_gt32,0.256686089768597,0.14827234290712932,27436,4068,32,0.894059419631958,0.9103161692619324
5,baseline,64,256,r_le1,1.0,1.0,7589,7589,32,0.894059419631958,0.9103161692619324
5,baseline,64,256,r_1_2,0.9737938275098292,0.9683509767543381,9163,8873,32,0.894059419631958,0.9103161692619324
5,baseline,64,256,r_gt2,0.256686089768597,0.14827234290712932,27436,4068,32,0.894059419631958,0.9103161692619324
5,baseline,64,256,outside_forward_lightcone,,,0,0,0,0.894059419631958,0.9103161692619324
