comparison,seed,size,T,band,pixels,eligible_maps,mean_effect_pp,pooled_effect_pp,ba_original_effect_pp,ba_flipped_effect_pp
roles-baseline,2,32,64,0_8,1706,32,-31.318613226612733,-35.81477139507621,-20.20779848098755,-18.40217113494873
roles-stream,2,32,64,0_8,1706,32,52.17931003304965,48.30011723329425,20.805639028549194,23.769748210906982
roles-baseline,2,32,64,8_16,2240,32,-94.39571560232056,-95.3125,-20.20779848098755,-18.40217113494873
roles-stream,2,32,64,8_16,2240,32,-3.1570026039079435,-4.285714285714286,20.805639028549194,23.769748210906982
roles-baseline,2,32,64,equal_16,276,32,-100.0,-100.0,-20.20779848098755,-18.40217113494873
roles-stream,2,32,64,equal_16,276,32,-2.876984126984127,-2.536231884057971,20.805639028549194,23.769748210906982
roles-baseline,2,32,64,strict_16_32,2918,32,-93.70121752102094,-92.97464016449622,-20.20779848098755,-18.40217113494873
roles-stream,2,32,64,strict_16_32,2918,32,-1.08487913031225,-1.4736120630568883,20.805639028549194,23.769748210906982
roles-baseline,2,32,64,32_64,1555,18,-53.957210717054174,-29.0032154340836,-20.20779848098755,-18.40217113494873
roles-stream,2,32,64,32_64,1555,18,-0.06172839506172839,-0.19292604501607716,20.805639028549194,23.769748210906982
roles-baseline,2,32,64,64_128,0,0,,,-20.20779848098755,-18.40217113494873
roles-stream,2,32,64,64_128,0,0,,,20.805639028549194,23.769748210906982
roles-baseline,2,32,64,128_inf,0,0,,,-20.20779848098755,-18.40217113494873
roles-stream,2,32,64,128_inf,0,0,,,20.805639028549194,23.769748210906982
roles-baseline,2,32,64,far_gt16,4473,32,-84.41875702920144,-70.73552425665102,-20.20779848098755,-18.40217113494873
roles-stream,2,32,64,far_gt16,4473,32,-0.6652431493465221,-1.0283925776883525,20.805639028549194,23.769748210906982
roles-baseline,2,32,64,far_gt32,1418,17,-49.11199360207771,-25.52891396332863,-20.20779848098755,-18.40217113494873
roles-stream,2,32,64,far_gt32,1418,17,-0.07115749525616698,-0.21156558533145275,20.805639028549194,23.769748210906982
roles-baseline,2,32,64,r_le1,4222,32,-67.61478911601458,-71.5774514448129,-20.20779848098755,-18.40217113494873
roles-stream,2,32,64,r_le1,4222,32,20.910234363482864,17.077214590241592,20.805639028549194,23.769748210906982
roles-baseline,2,32,64,r_1_2,3055,32,-92.84982718243437,-91.71849427168576,-20.20779848098755,-18.40217113494873
roles-stream,2,32,64,r_1_2,3055,32,-1.0066610269719853,-1.4075286415711947,20.805639028549194,23.769748210906982
roles-baseline,2,32,64,r_gt2,1418,17,-49.11199360207771,-25.52891396332863,-20.20779848098755,-18.40217113494873
roles-stream,2,32,64,r_gt2,1418,17,-0.07115749525616698,-0.21156558533145275,20.805639028549194,23.769748210906982
roles-baseline,2,32,64,outside_forward_lightcone,0,0,,,-20.20779848098755,-18.40217113494873
roles-stream,2,32,64,outside_forward_lightcone,0,0,,,20.805639028549194,23.769748210906982
roles-baseline,2,32,128,0_8,1706,32,-31.34148507182687,-35.99062133645955,-19.44735050201416,-18.342524766921997
roles-stream,2,32,128,0_8,1706,32,66.79078886012945,62.42672919109028,28.33690643310547,30.654338002204895
roles-baseline,2,32,128,8_16,2240,32,-94.39571560232056,-95.3125,-19.44735050201416,-18.342524766921997
roles-stream,2,32,128,8_16,2240,32,1.7042962023990624,1.473214285714286,28.33690643310547,30.654338002204895
roles-baseline,2,32,128,equal_16,276,32,-100.0,-100.0,-19.44735050201416,-18.342524766921997
roles-stream,2,32,128,equal_16,276,32,-1.40625,-1.4492753623188406,28.33690643310547,30.654338002204895
roles-baseline,2,32,128,strict_16_32,2918,32,-93.48340875066626,-92.76901987662782,-19.44735050201416,-18.342524766921997
roles-stream,2,32,128,strict_16_32,2918,32,-0.1134364002011061,-0.1028101439342015,28.33690643310547,30.654338002204895
roles-baseline,2,32,128,32_64,1555,18,-61.22763431343328,-46.366559485530544,-19.44735050201416,-18.342524766921997
roles-stream,2,32,128,32_64,1555,18,0.0,0.0,28.33690643310547,30.654338002204895
roles-baseline,2,32,128,64_128,0,0,,,-19.44735050201416,-18.342524766921997
roles-stream,2,32,128,64_128,0,0,,,28.33690643310547,30.654338002204895
roles-baseline,2,32,128,128_inf,0,0,,,-19.44735050201416,-18.342524766921997
roles-stream,2,32,128,128_inf,0,0,,,28.33690643310547,30.654338002204895
roles-baseline,2,32,128,far_gt16,4473,32,-86.7837892981237,-76.63760339816677,-19.44735050201416,-18.342524766921997
roles-stream,2,32,128,far_gt16,4473,32,-0.07702976409797523,-0.0670690811535882,28.33690643310547,30.654338002204895
roles-baseline,2,32,128,far_gt32,1418,17,-57.504307443361,-44.56981664315938,-19.44735050201416,-18.342524766921997
roles-stream,2,32,128,far_gt32,1418,17,0.0,0.0,28.33690643310547,30.654338002204895
roles-baseline,2,32,128,r_le1,4222,32,-67.62716203402188,-71.64850781620085,-19.44735050201416,-18.342524766921997
roles-stream,2,32,128,r_le1,4222,32,29.69728239585498,25.911890099478924,28.33690643310547,30.654338002204895
roles-baseline,2,32,128,r_1_2,3055,32,-92.63492842640858,-91.52209492635025,-19.44735050201416,-18.342524766921997
roles-stream,2,32,128,r_1_2,3055,32,-0.10571171142787478,-0.09819967266775777,28.33690643310547,30.654338002204895
roles-baseline,2,32,128,r_gt2,1418,17,-57.504307443361,-44.56981664315938,-19.44735050201416,-18.342524766921997
roles-stream,2,32,128,r_gt2,1418,17,0.0,0.0,28.33690643310547,30.654338002204895
roles-baseline,2,32,128,outside_forward_lightcone,0,0,,,-19.44735050201416,-18.342524766921997
roles-stream,2,32,128,outside_forward_lightcone,0,0,,,28.33690643310547,30.654338002204895
roles-baseline,2,32,256,0_8,1706,32,-30.287717945473837,-34.876905041031655,-19.179540872573853,-18.076515197753906
roles-stream,2,32,256,0_8,1706,32,69.52627014976426,64.94724501758499,31.0330867767334,34.243714809417725
roles-baseline,2,32,256,8_16,2240,32,-93.589885680405,-94.73214285714285,-19.179540872573853,-18.076515197753906
roles-stream,2,32,256,8_16,2240,32,5.6051473567332915,4.508928571428571,31.0330867767334,34.243714809417725
roles-baseline,2,32,256,equal_16,276,32,-100.0,-100.0,-19.179540872573853,-18.076515197753906
roles-stream,2,32,256,equal_16,276,32,0.0,0.0,31.0330867767334,34.243714809417725
roles-baseline,2,32,256,strict_16_32,2918,32,-93.95854494006369,-93.21453050034269,-19.179540872573853,-18.076515197753906
roles-stream,2,32,256,strict_16_32,2918,32,0.0,0.0,31.0330867767334,34.243714809417725
roles-baseline,2,32,256,32_64,1555,18,-61.49850652480195,-46.366559485530544,-19.179540872573853,-18.076515197753906
roles-stream,2,32,256,32_64,1555,18,0.0,0.0,31.0330867767334,34.243714809417725
roles-baseline,2,32,256,64_128,0,0,,,-19.179540872573853,-18.076515197753906
roles-stream,2,32,256,64_128,0,0,,,31.0330867767334,34.243714809417725
roles-baseline,2,32,256,128_inf,0,0,,,-19.179540872573853,-18.076515197753906
roles-stream,2,32,256,128_inf,0,0,,,31.0330867767334,34.243714809417725
roles-baseline,2,32,256,far_gt16,4473,32,-87.11378848514664,-76.92823608316566,-19.179540872573853,-18.076515197753906
roles-stream,2,32,256,far_gt16,4473,32,0.0,0.0,31.0330867767334,34.243714809417725
roles-baseline,2,32,256,far_gt32,1418,17,-57.798560402504805,-44.42877291960507,-19.179540872573853,-18.076515197753906
roles-stream,2,32,256,far_gt32,1418,17,0.0,0.0,31.0330867767334,34.243714809417725
roles-baseline,2,32,256,r_le1,4222,32,-66.74729858817908,-70.89057318806253,-19.179540872573853,-18.076515197753906
roles-stream,2,32,256,r_le1,4222,32,32.75554283572223,28.635717669351017,31.0330867767334,34.243714809417725
roles-baseline,2,32,256,r_1_2,3055,32,-93.19738571398399,-92.01309328968902,-19.179540872573853,-18.076515197753906
roles-stream,2,32,256,r_1_2,3055,32,0.0,0.0,31.0330867767334,34.243714809417725
roles-baseline,2,32,256,r_gt2,1418,17,-57.798560402504805,-44.42877291960507,-19.179540872573853,-18.076515197753906
roles-stream,2,32,256,r_gt2,1418,17,0.0,0.0,31.0330867767334,34.243714809417725
roles-baseline,2,32,256,outside_forward_lightcone,0,0,,,-19.179540872573853,-18.076515197753906
roles-stream,2,32,256,outside_forward_lightcone,0,0,,,31.0330867767334,34.243714809417725
roles-baseline,2,64,64,0_8,2545,32,-55.96610885473119,-57.210216110019644,-25.77154040336609,-29.431629180908203
roles-stream,2,64,64,0_8,2545,32,-14.327392586019332,-14.616895874263264,-9.296554327011108,-10.069441795349121
roles-baseline,2,64,64,8_16,4510,32,-74.20627930938937,-75.60975609756098,-25.77154040336609,-29.431629180908203
roles-stream,2,64,64,8_16,4510,32,-19.69409836428615,-19.933481152993348,-9.296554327011108,-10.069441795349121
roles-baseline,2,64,64,equal_16,534,32,-81.92925157760601,-86.70411985018727,-25.77154040336609,-29.431629180908203
roles-stream,2,64,64,equal_16,534,32,-10.222380578262625,-14.419475655430713,-9.296554327011108,-10.069441795349121
roles-baseline,2,64,64,strict_16_32,8618,32,-85.44660734421264,-85.88999767927594,-25.77154040336609,-29.431629180908203
roles-stream,2,64,64,strict_16_32,8618,32,-2.6760909395957904,-2.9357159433743334,-9.296554327011108,-10.069441795349121
roles-baseline,2,64,64,32_64,15892,32,-15.410424281791046,-10.690913667253964,-25.77154040336609,-29.431629180908203
roles-stream,2,64,64,32_64,15892,32,0.8605197235517379,-0.037754845205134654,-9.296554327011108,-10.069441795349121
roles-baseline,2,64,64,64_128,11718,24,0.0,0.0,-25.77154040336609,-29.431629180908203
roles-stream,2,64,64,64_128,11718,24,0.0,0.0,-9.296554327011108,-10.069441795349121
roles-baseline,2,64,64,128_inf,371,3,0.0,0.0,-25.77154040336609,-29.431629180908203
roles-stream,2,64,64,128_inf,371,3,0.0,0.0,-9.296554327011108,-10.069441795349121
roles-baseline,2,64,64,far_gt16,36599,32,-33.99550145715725,-24.866799639334406,-25.77154040336609,-29.431629180908203
roles-stream,2,64,64,far_gt16,36599,32,-1.6431125039303414,-0.7076696084592475,-9.296554327011108,-10.069441795349121
roles-baseline,2,64,64,far_gt32,27436,32,-10.564756501545958,-5.040822277299898,-25.77154040336609,-29.431629180908203
roles-stream,2,64,64,far_gt32,27436,32,2.0841508680381633,-0.007289692374981777,-9.296554327011108,-10.069441795349121
roles-baseline,2,64,64,r_le1,7589,32,-69.51745222640596,-70.22005534325999,-25.77154040336609,-29.431629180908203
roles-stream,2,64,64,r_le1,7589,32,-18.767519486273144,-17.762551060745814,-9.296554327011108,-10.069441795349121
roles-baseline,2,64,64,r_1_2,9163,32,-83.49389555761874,-84.2300556586271,-25.77154040336609,-29.431629180908203
roles-stream,2,64,64,r_1_2,9163,32,-2.659487602061266,-2.8047582669431406,-9.296554327011108,-10.069441795349121
roles-baseline,2,64,64,r_gt2,27436,32,-10.564756501545958,-5.040822277299898,-25.77154040336609,-29.431629180908203
roles-stream,2,64,64,r_gt2,27436,32,2.0841508680381633,-0.007289692374981777,-9.296554327011108,-10.069441795349121
roles-baseline,2,64,64,outside_forward_lightcone,337,3,0.0,0.0,-25.77154040336609,-29.431629180908203
roles-stream,2,64,64,outside_forward_lightcone,337,3,0.0,0.0,-9.296554327011108,-10.069441795349121
roles-baseline,2,64,128,0_8,2545,32,-58.214255609918375,-59.449901768172886,-26.586031913757324,-28.512370586395264
roles-stream,2,64,128,0_8,2545,32,20.714253668571274,19.44990176817289,-3.7608742713928223,-2.473372220993042
roles-baseline,2,64,128,8_16,4510,32,-73.77748327933162,-74.92239467849224,-26.586031913757324,-28.512370586395264
roles-stream,2,64,128,8_16,4510,32,5.808353186515339,3.968957871396897,-3.7608742713928223,-2.473372220993042
roles-baseline,2,64,128,equal_16,534,32,-81.26517514715518,-85.76779026217228,-26.586031913757324,-28.512370586395264
roles-stream,2,64,128,equal_16,534,32,2.984287748270556,-3.3707865168539355,-3.7608742713928223,-2.473372220993042
roles-baseline,2,64,128,strict_16_32,8618,32,-85.03546470166432,-85.37943838477605,-26.586031913757324,-28.512370586395264
roles-stream,2,64,128,strict_16_32,8618,32,-3.3237045458756285,-3.771176607101416,-3.7608742713928223,-2.473372220993042
roles-baseline,2,64,128,32_64,15892,32,-39.61956119824409,-38.25195066700226,-26.586031913757324,-28.512370586395264
roles-stream,2,64,128,32_64,15892,32,0.44949231048500987,-0.018877422602567327,-3.7608742713928223,-2.473372220993042
roles-baseline,2,64,128,64_128,11718,24,-18.393131224311947,-12.04983785628947,-26.586031913757324,-28.512370586395264
roles-stream,2,64,128,64_128,11718,24,0.0,0.0,-3.7608742713928223,-2.473372220993042
roles-baseline,2,64,128,128_inf,371,3,0.0,0.0,-26.586031913757324,-28.512370586395264
roles-stream,2,64,128,128_inf,371,3,0.0,0.0,-3.7608742713928223,-2.473372220993042
roles-baseline,2,64,128,far_gt16,36599,32,-47.63081857512567,-40.572146779966666,-26.586031913757324,-28.512370586395264
roles-stream,2,64,128,far_gt16,36599,32,-1.7299810385180365,-0.8961993497090084,-3.7608742713928223,-2.473372220993042
roles-baseline,2,64,128,far_gt32,27436,32,-31.684570784777133,-26.144481702872135,-26.586031913757324,-28.512370586395264
roles-stream,2,64,128,far_gt32,27436,32,0.0024276015893830655,-0.003644846187490886,-3.7608742713928223,-2.473372220993042
roles-baseline,2,64,128,r_le1,7589,32,-69.9371213022948,-70.49677164316775,-26.586031913757324,-28.512370586395264
roles-stream,2,64,128,r_le1,7589,32,9.428318679870964,8.64409013045197,-3.7608742713928223,-2.473372220993042
roles-baseline,2,64,128,r_1_2,9163,32,-83.16047351699441,-83.77169049437957,-26.586031913757324,-28.512370586395264
roles-stream,2,64,128,r_1_2,9163,32,-3.1867248940675017,-3.5687002073556693,-3.7608742713928223,-2.473372220993042
roles-baseline,2,64,128,r_gt2,27436,32,-31.684570784777133,-26.144481702872135,-26.586031913757324,-28.512370586395264
roles-stream,2,64,128,r_gt2,27436,32,0.0024276015893830655,-0.003644846187490886,-3.7608742713928223,-2.473372220993042
roles-baseline,2,64,128,outside_forward_lightcone,0,0,,,-26.586031913757324,-28.512370586395264
roles-stream,2,64,128,outside_forward_lightcone,0,0,,,-3.7608742713928223,-2.473372220993042
roles-baseline,2,64,256,0_8,2545,32,-59.818306267309616,-60.785854616895875,-27.883994579315186,-28.092968463897705
roles-stream,2,64,256,0_8,2545,32,39.82277847643863,38.86051080550098,8.011060953140259,8.200740814208984
roles-baseline,2,64,256,8_16,4510,32,-73.80238519339609,-74.78935698447893,-27.883994579315186,-28.092968463897705
roles-stream,2,64,256,8_16,4510,32,25.384179322890393,24.257206208425725,8.011060953140259,8.200740814208984
roles-baseline,2,64,256,equal_16,534,32,-81.1152257384808,-84.8314606741573,-27.883994579315186,-28.092968463897705
roles-stream,2,64,256,equal_16,534,32,18.031233271259463,13.670411985018728,8.011060953140259,8.200740814208984
roles-baseline,2,64,256,strict_16_32,8618,32,-85.50872196173569,-85.54188906938965,-27.883994579315186,-28.092968463897705
roles-stream,2,64,256,strict_16_32,8618,32,2.1575837786435668,2.2394987236017636,8.011060953140259,8.200740814208984
roles-baseline,2,64,256,32_64,15892,32,-40.59915691876149,-38.516234583438205,-27.883994579315186,-28.092968463897705
roles-stream,2,64,256,32_64,15892,32,-0.1759907878332345,-0.22023659702995216,8.011060953140259,8.200740814208984
roles-baseline,2,64,256,64_128,11718,24,-35.1129193462517,-36.67861409796894,-27.883994579315186,-28.092968463897705
roles-stream,2,64,256,64_128,11718,24,0.0,0.0,8.011060953140259,8.200740814208984
roles-baseline,2,64,256,128_inf,371,3,0.0,0.0,-27.883994579315186,-28.092968463897705
roles-stream,2,64,256,128_inf,371,3,0.0,0.0,8.011060953140259,8.200740814208984
roles-baseline,2,64,256,far_gt16,36599,32,-53.2923942529823,-48.610617776441984,-27.883994579315186,-28.092968463897705
roles-stream,2,64,256,far_gt16,36599,32,0.43051560361137065,0.43170578431104667,8.011060953140259,8.200740814208984
roles-baseline,2,64,256,far_gt32,27436,32,-38.477699258607025,-36.747339262283134,-27.883994579315186,-28.092968463897705
roles-stream,2,64,256,far_gt32,27436,32,-0.16214469219568203,-0.13121446274967197,8.011060953140259,8.200740814208984
roles-baseline,2,64,256,r_le1,7589,32,-70.44298654224231,-70.79984187640005,-27.883994579315186,-28.092968463897705
roles-stream,2,64,256,r_le1,7589,32,28.874218965106564,28.409540123863486,8.011060953140259,8.200740814208984
roles-baseline,2,64,256,r_1_2,9163,32,-83.802793852256,-84.13183455200262,-27.883994579315186,-28.092968463897705
roles-stream,2,64,256,r_1_2,9163,32,2.022829013202634,2.117210520571865,8.011060953140259,8.200740814208984
roles-baseline,2,64,256,r_gt2,27436,32,-38.477699258607025,-36.747339262283134,-27.883994579315186,-28.092968463897705
roles-stream,2,64,256,r_gt2,27436,32,-0.16214469219568203,-0.13121446274967197,8.011060953140259,8.200740814208984
roles-baseline,2,64,256,outside_forward_lightcone,0,0,,,-27.883994579315186,-28.092968463897705
roles-stream,2,64,256,outside_forward_lightcone,0,0,,,8.011060953140259,8.200740814208984
roles-baseline,3,32,64,0_8,1706,32,-11.794661915198867,-14.302461899179363,-6.961262226104736,-6.929093599319458
roles-stream,3,32,64,0_8,1706,32,-9.029965480630464,-12.133645955451344,-5.40996789932251,-7.085931301116943
roles-baseline,3,32,64,8_16,2240,32,-63.95182811748625,-63.25892857142858,-6.961262226104736,-6.929093599319458
roles-stream,3,32,64,8_16,2240,32,-50.99524592728173,-51.24999999999999,-5.40996789932251,-7.085931301116943
roles-baseline,3,32,64,equal_16,276,32,-55.6195714008214,-60.50724637681159,-6.961262226104736,-6.929093599319458
roles-stream,3,32,64,equal_16,276,32,-30.311138514263515,-32.2463768115942,-5.40996789932251,-7.085931301116943
roles-baseline,3,32,64,strict_16_32,2918,32,-21.318863812552376,-16.963673749143247,-6.961262226104736,-6.929093599319458
roles-stream,3,32,64,strict_16_32,2918,32,-7.748856679231212,-5.311857436600411,-5.40996789932251,-7.085931301116943
roles-baseline,3,32,64,32_64,1555,18,0.0,0.0,-6.961262226104736,-6.929093599319458
roles-stream,3,32,64,32_64,1555,18,0.0,0.0,-5.40996789932251,-7.085931301116943
roles-baseline,3,32,64,64_128,0,0,,,-6.961262226104736,-6.929093599319458
roles-stream,3,32,64,64_128,0,0,,,-5.40996789932251,-7.085931301116943
roles-baseline,3,32,64,128_inf,0,0,,,-6.961262226104736,-6.929093599319458
roles-stream,3,32,64,128_inf,0,0,,,-5.40996789932251,-7.085931301116943
roles-baseline,3,32,64,far_gt16,4473,32,-18.612640729369165,-11.066398390342053,-6.961262226104736,-6.929093599319458
roles-stream,3,32,64,far_gt16,4473,32,-7.1219975259965835,-3.465235859602057,-5.40996789932251,-7.085931301116943
roles-baseline,3,32,64,far_gt32,1418,17,0.0,0.0,-6.961262226104736,-6.929093599319458
roles-stream,3,32,64,far_gt32,1418,17,0.0,0.0,-5.40996789932251,-7.085931301116943
roles-baseline,3,32,64,r_le1,4222,32,-41.03451012610643,-43.2970156324017,-6.961262226104736,-6.929093599319458
roles-stream,3,32,64,r_le1,4222,32,-31.918655426191773,-34.20180009474183,-5.40996789932251,-7.085931301116943
roles-baseline,3,32,64,r_1_2,3055,32,-20.814276110979492,-16.202945990180034,-6.961262226104736,-6.929093599319458
roles-stream,3,32,64,r_1_2,3055,32,-7.619349597539402,-5.073649754500818,-5.40996789932251,-7.085931301116943
roles-baseline,3,32,64,r_gt2,1418,17,0.0,0.0,-6.961262226104736,-6.929093599319458
roles-stream,3,32,64,r_gt2,1418,17,0.0,0.0,-5.40996789932251,-7.085931301116943
roles-baseline,3,32,64,outside_forward_lightcone,0,0,,,-6.961262226104736,-6.929093599319458
roles-stream,3,32,64,outside_forward_lightcone,0,0,,,-5.40996789932251,-7.085931301116943
roles-baseline,3,32,128,0_8,1706,32,-11.407147471820133,-13.892145369284869,-5.159008502960205,-5.311757326126099
roles-stream,3,32,128,0_8,1706,32,23.304996032833625,18.93317702227433,18.521714210510254,25.654631853103638
roles-baseline,3,32,128,8_16,2240,32,-63.00438479628183,-63.526785714285715,-5.159008502960205,-5.311757326126099
roles-stream,3,32,128,8_16,2240,32,-10.57373647924372,-10.446428571428571,18.521714210510254,25.654631853103638
roles-baseline,3,32,128,equal_16,276,32,-46.29049769674769,-46.73913043478261,-5.159008502960205,-5.311757326126099
roles-stream,3,32,128,equal_16,276,32,-7.744330322455323,-5.434782608695652,18.521714210510254,25.654631853103638
roles-baseline,3,32,128,strict_16_32,2918,32,-10.401842741509636,-5.414667580534613,-5.159008502960205,-5.311757326126099
roles-stream,3,32,128,strict_16_32,2918,32,-0.9798774594692019,-1.5764222069910898,18.521714210510254,25.654631853103638
roles-baseline,3,32,128,32_64,1555,18,0.0,0.0,-5.159008502960205,-5.311757326126099
roles-stream,3,32,128,32_64,1555,18,-0.05144032921810699,-0.06430868167202572,18.521714210510254,25.654631853103638
roles-baseline,3,32,128,64_128,0,0,,,-5.159008502960205,-5.311757326126099
roles-stream,3,32,128,64_128,0,0,,,18.521714210510254,25.654631853103638
roles-baseline,3,32,128,128_inf,0,0,,,-5.159008502960205,-5.311757326126099
roles-stream,3,32,128,128_inf,0,0,,,18.521714210510254,25.654631853103638
roles-baseline,3,32,128,far_gt16,4473,32,-9.471025820049912,-3.532304940755645,-5.159008502960205,-5.311757326126099
roles-stream,3,32,128,far_gt16,4473,32,-0.8290373494753932,-1.0507489380728818,18.521714210510254,25.654631853103638
roles-baseline,3,32,128,far_gt32,1418,17,0.0,0.0,-5.159008502960205,-5.311757326126099
roles-stream,3,32,128,far_gt32,1418,17,-0.061274509803921566,-0.07052186177715092,18.521714210510254,25.654631853103638
roles-baseline,3,32,128,r_le1,4222,32,-39.879837059187814,-42.373282804358126,-5.159008502960205,-5.311757326126099
roles-stream,3,32,128,r_le1,4222,32,3.6725784633516945,1.7527238275698742,18.521714210510254,25.654631853103638
roles-baseline,3,32,128,r_1_2,3055,32,-10.246445269170355,-5.171849427168576,-5.159008502960205,-5.311757326126099
roles-stream,3,32,128,r_1_2,3055,32,-0.9476116239305176,-1.5057283142389526,18.521714210510254,25.654631853103638
roles-baseline,3,32,128,r_gt2,1418,17,0.0,0.0,-5.159008502960205,-5.311757326126099
roles-stream,3,32,128,r_gt2,1418,17,-0.061274509803921566,-0.07052186177715092,18.521714210510254,25.654631853103638
roles-baseline,3,32,128,outside_forward_lightcone,0,0,,,-5.159008502960205,-5.311757326126099
roles-stream,3,32,128,outside_forward_lightcone,0,0,,,18.521714210510254,25.654631853103638
roles-baseline,3,32,256,0_8,1706,32,-10.207427410574022,-12.426729191090269,-4.8378825187683105,-3.589695692062378
roles-stream,3,32,256,0_8,1706,32,86.6380754897929,84.05627198124267,63.8510063290596,65.5295729637146
roles-baseline,3,32,256,8_16,2240,32,-46.18266035951811,-47.99107142857143,-4.8378825187683105,-3.589695692062378
roles-stream,3,32,256,8_16,2240,32,15.251094329839784,14.821428571428571,63.8510063290596,65.5295729637146
roles-baseline,3,32,256,equal_16,276,32,-38.89170725108225,-34.78260869565217,-4.8378825187683105,-3.589695692062378
roles-stream,3,32,256,equal_16,276,32,1.413690476190476,1.0869565217391304,63.8510063290596,65.5295729637146
roles-baseline,3,32,256,strict_16_32,2918,32,-10.03340109427806,-6.991089787525703,-4.8378825187683105,-3.589695692062378
roles-stream,3,32,256,strict_16_32,2918,32,0.5078235524007583,0.5825908156271419,63.8510063290596,65.5295729637146
roles-baseline,3,32,256,32_64,1555,18,0.0205761316872428,0.06430868167202572,-4.8378825187683105,-3.589695692062378
roles-stream,3,32,256,32_64,1555,18,0.0205761316872428,0.06430868167202572,63.8510063290596,65.5295729637146
roles-baseline,3,32,256,64_128,0,0,,,-4.8378825187683105,-3.589695692062378
roles-stream,3,32,256,64_128,0,0,,,63.8510063290596,65.5295729637146
roles-baseline,3,32,256,128_inf,0,0,,,-4.8378825187683105,-3.589695692062378
roles-stream,3,32,256,128_inf,0,0,,,63.8510063290596,65.5295729637146
roles-baseline,3,32,256,far_gt16,4473,32,-8.655003710605383,-4.538341158059469,-4.8378825187683105,-3.589695692062378
roles-stream,3,32,256,far_gt16,4473,32,0.4258235306787268,0.4024144869215292,63.8510063290596,65.5295729637146
roles-baseline,3,32,256,far_gt32,1418,17,0.02371916508538899,0.07052186177715092,-4.8378825187683105,-3.589695692062378
roles-stream,3,32,256,far_gt32,1418,17,0.02371916508538899,0.07052186177715092,63.8510063290596,65.5295729637146
roles-baseline,3,32,256,r_le1,4222,32,-30.117229668088175,-32.75698720985316,-4.8378825187683105,-3.589695692062378
roles-stream,3,32,256,r_le1,4222,32,44.74926267136602,41.89957366177167,63.8510063290596,65.5295729637146
roles-baseline,3,32,256,r_1_2,3055,32,-9.762071820253484,-6.677577741407529,-4.8378825187683105,-3.589695692062378
roles-stream,3,32,256,r_1_2,3055,32,0.4894374803172477,0.5564648117839607,63.8510063290596,65.5295729637146
roles-baseline,3,32,256,r_gt2,1418,17,0.02371916508538899,0.07052186177715092,-4.8378825187683105,-3.589695692062378
roles-stream,3,32,256,r_gt2,1418,17,0.02371916508538899,0.07052186177715092,63.8510063290596,65.5295729637146
roles-baseline,3,32,256,outside_forward_lightcone,0,0,,,-4.8378825187683105,-3.589695692062378
roles-stream,3,32,256,outside_forward_lightcone,0,0,,,63.8510063290596,65.5295729637146
roles-baseline,3,64,64,0_8,2545,32,-91.67428100789643,-92.02357563850687,-24.0850567817688,-26.47092342376709
roles-stream,3,64,64,0_8,2545,32,-92.47638202841767,-92.77013752455797,-26.43367052078247,-27.38705277442932
roles-baseline,3,64,64,8_16,4510,32,-81.12330791353112,-78.64745011086474,-24.0850567817688,-26.47092342376709
roles-stream,3,64,64,8_16,4510,32,-86.12440044362252,-84.94456762749445,-26.43367052078247,-27.38705277442932
roles-baseline,3,64,64,equal_16,534,32,-73.87536668969037,-68.35205992509363,-24.0850567817688,-26.47092342376709
roles-stream,3,64,64,equal_16,534,32,-67.58348826626923,-62.546816479400746,-26.43367052078247,-27.38705277442932
roles-baseline,3,64,64,strict_16_32,8618,32,-16.122482797417963,-15.664887444882805,-24.0850567817688,-26.47092342376709
roles-stream,3,64,64,strict_16_32,8618,32,-21.131844049930496,-18.774657693200282,-26.43367052078247,-27.38705277442932
roles-baseline,3,64,64,32_64,15892,32,0.03198889370257244,0.025169896803423106,-24.0850567817688,-26.47092342376709
roles-stream,3,64,64,32_64,15892,32,-0.7971714069550658,-0.6166624716838661,-26.43367052078247,-27.38705277442932
roles-baseline,3,64,64,64_128,11718,24,0.0,0.0,-24.0850567817688,-26.47092342376709
roles-stream,3,64,64,64_128,11718,24,0.0,0.0,-26.43367052078247,-27.38705277442932
roles-baseline,3,64,64,128_inf,371,3,0.0,0.0,-24.0850567817688,-26.47092342376709
roles-stream,3,64,64,128_inf,371,3,0.0,0.0,-26.43367052078247,-27.38705277442932
roles-baseline,3,64,64,far_gt16,36599,32,-5.26902505492936,-3.6776961119156266,-24.0850567817688,-26.47092342376709
roles-stream,3,64,64,far_gt16,36599,32,-6.454717995284044,-4.688652695428837,-26.43367052078247,-27.38705277442932
roles-baseline,3,64,64,far_gt32,27436,32,0.014057351533450961,0.007289692374981775,-24.0850567817688,-26.47092342376709
roles-stream,3,64,64,far_gt32,27436,32,-0.558551902171448,-0.30981192593672546,-26.43367052078247,-27.38705277442932
roles-baseline,3,64,64,r_le1,7589,32,-84.09064196349465,-82.40874950586375,-24.0850567817688,-26.47092342376709
roles-stream,3,64,64,r_le1,7589,32,-86.9249018515989,-85.99288443800236,-26.43367052078247,-27.38705277442932
roles-baseline,3,64,64,r_1_2,9163,32,-15.01518984131823,-14.71133908108698,-24.0850567817688,-26.47092342376709
roles-stream,3,64,64,r_1_2,9163,32,-19.79875972191147,-17.79984721161192,-26.43367052078247,-27.38705277442932
roles-baseline,3,64,64,r_gt2,27436,32,0.014057351533450961,0.007289692374981775,-24.0850567817688,-26.47092342376709
roles-stream,3,64,64,r_gt2,27436,32,-0.558551902171448,-0.30981192593672546,-26.43367052078247,-27.38705277442932
roles-baseline,3,64,64,outside_forward_lightcone,337,3,0.0,0.0,-24.0850567817688,-26.47092342376709
roles-stream,3,64,64,outside_forward_lightcone,337,3,0.0,0.0,-26.43367052078247,-27.38705277442932
roles-baseline,3,64,128,0_8,2545,32,-96.30680575346524,-96.03143418467583,-25.40072202682495,-28.174179792404175
roles-stream,3,64,128,0_8,2545,32,-79.82561392149526,-84.12573673870334,-21.853184700012207,-22.755122184753418
roles-baseline,3,64,128,8_16,4510,32,-78.73955695814868,-76.23059866962306,-25.40072202682495,-28.174179792404175
roles-stream,3,64,128,8_16,4510,32,-67.77987022827088,-68.18181818181819,-21.853184700012207,-22.755122184753418
roles-baseline,3,64,128,equal_16,534,32,-57.869411028651726,-51.12359550561798,-25.40072202682495,-28.174179792404175
roles-stream,3,64,128,equal_16,534,32,-51.623756516765965,-51.68539325842697,-21.853184700012207,-22.755122184753418
roles-baseline,3,64,128,strict_16_32,8618,32,-9.817121832680023,-8.4822464608958,-25.40072202682495,-28.174179792404175
roles-stream,3,64,128,strict_16_32,8618,32,-30.074026140510213,-25.864469714550943,-21.853184700012207,-22.755122184753418
roles-baseline,3,64,128,32_64,15892,32,0.06009615384615385,0.006292474200855777,-25.40072202682495,-28.174179792404175
roles-stream,3,64,128,32_64,15892,32,-2.8999988771969023,-2.617669267556003,-21.853184700012207,-22.755122184753418
roles-baseline,3,64,128,64_128,11718,24,0.0,0.0,-25.40072202682495,-28.174179792404175
roles-stream,3,64,128,64_128,11718,24,0.0,0.0,-21.853184700012207,-22.755122184753418
roles-baseline,3,64,128,128_inf,371,3,0.0,0.0,-25.40072202682495,-28.174179792404175
roles-stream,3,64,128,128_inf,371,3,0.0,0.0,-21.853184700012207,-22.755122184753418
roles-baseline,3,64,128,far_gt16,36599,32,-2.7312731360361044,-1.994590016120659,-25.40072202682495,-28.174179792404175
roles-stream,3,64,128,far_gt16,36599,32,-9.106061106181965,-7.22697341457417,-21.853184700012207,-22.755122184753418
roles-baseline,3,64,128,far_gt32,27436,32,0.0,0.0,-25.40072202682495,-28.174179792404175
roles-stream,3,64,128,far_gt32,27436,32,-1.770275040086137,-1.1955095494970112,-21.853184700012207,-22.755122184753418
roles-baseline,3,64,128,r_le1,7589,32,-82.83866999605193,-81.10422980629859,-25.40072202682495,-28.174179792404175
roles-stream,3,64,128,r_le1,7589,32,-71.14142554642928,-72.36790090921069,-21.853184700012207,-22.755122184753418
roles-baseline,3,64,128,r_1_2,9163,32,-9.073884359389439,-7.966823092873512,-25.40072202682495,-28.174179792404175
roles-stream,3,64,128,r_1_2,9163,32,-29.257867214248822,-25.2864782276547,-21.853184700012207,-22.755122184753418
roles-baseline,3,64,128,r_gt2,27436,32,0.0,0.0,-25.40072202682495,-28.174179792404175
roles-stream,3,64,128,r_gt2,27436,32,-1.770275040086137,-1.1955095494970112,-21.853184700012207,-22.755122184753418
roles-baseline,3,64,128,outside_forward_lightcone,0,0,,,-25.40072202682495,-28.174179792404175
roles-stream,3,64,128,outside_forward_lightcone,0,0,,,-21.853184700012207,-22.755122184753418
roles-baseline,3,64,256,0_8,2545,32,-93.62166193056744,-92.96660117878193,-22.77524471282959,-24.547618627548218
roles-stream,3,64,256,0_8,2545,32,-14.646093339047539,-16.542239685658153,18.680787086486816,17.738503217697144
roles-baseline,3,64,256,8_16,4510,32,-64.99353857990253,-61.46341463414634,-22.77524471282959,-24.547618627548218
roles-stream,3,64,256,8_16,4510,32,-12.882436973266694,-13.592017738359202,18.680787086486816,17.738503217697144
roles-baseline,3,64,256,equal_16,534,32,-45.80545016623783,-42.134831460674164,-22.77524471282959,-24.547618627548218
roles-stream,3,64,256,equal_16,534,32,-19.70886566405919,-21.722846441947564,18.680787086486816,17.738503217697144
roles-baseline,3,64,256,strict_16_32,8618,32,-9.22376592512207,-8.876769552100255,-22.77524471282959,-24.547618627548218
roles-stream,3,64,256,strict_16_32,8618,32,-17.61003864308793,-17.19656532838246,18.680787086486816,17.738503217697144
roles-baseline,3,64,256,32_64,15892,32,0.0,0.0,-22.77524471282959,-24.547618627548218
roles-stream,3,64,256,32_64,15892,32,-3.219655046600699,-2.3219229801157812,18.680787086486816,17.738503217697144
roles-baseline,3,64,256,64_128,11718,24,0.0,0.0,-22.77524471282959,-24.547618627548218
roles-stream,3,64,256,64_128,11718,24,-0.020990764063811923,-0.017067759003242877,18.680787086486816,17.738503217697144
roles-baseline,3,64,256,128_inf,371,3,0.0,0.0,-22.77524471282959,-24.547618627548218
roles-stream,3,64,256,128_inf,371,3,0.0,0.0,18.680787086486816,17.738503217697144
roles-baseline,3,64,256,far_gt16,36599,32,-2.893970232284751,-2.0902210442908276,-22.77524471282959,-24.547618627548218
roles-stream,3,64,256,far_gt16,36599,32,-6.784230245078519,-5.062979862837782,18.680787086486816,17.738503217697144
roles-baseline,3,64,256,far_gt32,27436,32,0.0,0.0,-22.77524471282959,-24.547618627548218
roles-stream,3,64,256,far_gt32,27436,32,-2.303155324796021,-1.1444817028721388,18.680787086486816,17.738503217697144
roles-baseline,3,64,256,r_le1,7589,32,-72.74416716500515,-70.6680722097773,-22.77524471282959,-24.547618627548218
roles-stream,3,64,256,r_le1,7589,32,-14.35642969128836,-15.153511661615498,18.680787086486816,17.738503217697144
roles-baseline,3,64,256,r_1_2,9163,32,-8.580532208207162,-8.348794063079778,-22.77524471282959,-24.547618627548218
roles-stream,3,64,256,r_1_2,9163,32,-17.399261684427525,-16.795809232784023,18.680787086486816,17.738503217697144
roles-baseline,3,64,256,r_gt2,27436,32,0.0,0.0,-22.77524471282959,-24.547618627548218
roles-stream,3,64,256,r_gt2,27436,32,-2.303155324796021,-1.1444817028721388,18.680787086486816,17.738503217697144
roles-baseline,3,64,256,outside_forward_lightcone,0,0,,,-22.77524471282959,-24.547618627548218
roles-stream,3,64,256,outside_forward_lightcone,0,0,,,18.680787086486816,17.738503217697144
roles-baseline,4,32,64,0_8,1706,32,-100.0,-100.0,-44.862163066864014,-43.1576669216156
roles-stream,4,32,64,0_8,1706,32,-100.0,-100.0,-46.98113203048706,-45.295655727386475
roles-baseline,4,32,64,8_16,2240,32,-99.07778862868055,-98.66071428571429,-44.862163066864014,-43.1576669216156
roles-stream,4,32,64,8_16,2240,32,-100.0,-100.0,-46.98113203048706,-45.295655727386475
roles-baseline,4,32,64,equal_16,276,32,-96.03851877289378,-93.47826086956522,-44.862163066864014,-43.1576669216156
roles-stream,4,32,64,equal_16,276,32,-100.0,-100.0,-46.98113203048706,-45.295655727386475
roles-baseline,4,32,64,strict_16_32,2918,32,-52.398699754948744,-44.756682659355725,-44.862163066864014,-43.1576669216156
roles-stream,4,32,64,strict_16_32,2918,32,-88.89380863613643,-85.91501028101439,-46.98113203048706,-45.295655727386475
roles-baseline,4,32,64,32_64,1555,18,0.0,0.0,-44.862163066864014,-43.1576669216156
roles-stream,4,32,64,32_64,1555,18,-16.634401642850264,-8.167202572347266,-46.98113203048706,-45.295655727386475
roles-baseline,4,32,64,64_128,0,0,,,-44.862163066864014,-43.1576669216156
roles-stream,4,32,64,64_128,0,0,,,-46.98113203048706,-45.295655727386475
roles-baseline,4,32,64,128_inf,0,0,,,-44.862163066864014,-43.1576669216156
roles-stream,4,32,64,128_inf,0,0,,,-46.98113203048706,-45.295655727386475
roles-baseline,4,32,64,far_gt16,4473,32,-45.21478428184322,-29.197406662195398,-44.862163066864014,-43.1576669216156
roles-stream,4,32,64,far_gt16,4473,32,-74.93158787016881,-58.886653252850444,-46.98113203048706,-45.295655727386475
roles-baseline,4,32,64,far_gt32,1418,17,0.0,0.0,-44.862163066864014,-43.1576669216156
roles-stream,4,32,64,far_gt32,1418,17,-12.2042961232619,-5.289139633286319,-46.98113203048706,-45.295655727386475
roles-baseline,4,32,64,r_le1,4222,32,-99.18602138632913,-98.86309805779251,-44.862163066864014,-43.1576669216156
roles-stream,4,32,64,r_le1,4222,32,-100.0,-100.0,-46.98113203048706,-45.295655727386475
roles-baseline,4,32,64,r_1_2,3055,32,-51.01566776426597,-42.749590834697216,-44.862163066864014,-43.1576669216156
roles-stream,4,32,64,r_1_2,3055,32,-87.33579914928686,-83.76432078559738,-46.98113203048706,-45.295655727386475
roles-baseline,4,32,64,r_gt2,1418,17,0.0,0.0,-44.862163066864014,-43.1576669216156
roles-stream,4,32,64,r_gt2,1418,17,-12.2042961232619,-5.289139633286319,-46.98113203048706,-45.295655727386475
roles-baseline,4,32,64,outside_forward_lightcone,0,0,,,-44.862163066864014,-43.1576669216156
roles-stream,4,32,64,outside_forward_lightcone,0,0,,,-46.98113203048706,-45.295655727386475
roles-baseline,4,32,128,0_8,1706,32,-100.0,-100.0,-44.79127526283264,-43.29246282577515
roles-stream,4,32,128,0_8,1706,32,-100.0,-100.0,-49.076372385025024,-47.455018758773804
roles-baseline,4,32,128,8_16,2240,32,-99.24830470210968,-99.19642857142857,-44.79127526283264,-43.29246282577515
roles-stream,4,32,128,8_16,2240,32,-100.0,-100.0,-49.076372385025024,-47.455018758773804
roles-baseline,4,32,128,equal_16,276,32,-95.22750686813185,-92.7536231884058,-44.79127526283264,-43.29246282577515
roles-stream,4,32,128,equal_16,276,32,-100.0,-100.0,-49.076372385025024,-47.455018758773804
roles-baseline,4,32,128,strict_16_32,2918,32,-51.06749294069448,-43.59150102810144,-44.79127526283264,-43.29246282577515
roles-stream,4,32,128,strict_16_32,2918,32,-99.6444610778443,-99.34886908841672,-49.076372385025024,-47.455018758773804
roles-baseline,4,32,128,32_64,1555,18,0.0,0.0,-44.79127526283264,-43.29246282577515
roles-stream,4,32,128,32_64,1555,18,-79.78734533599425,-56.59163987138264,-49.076372385025024,-47.455018758773804
roles-baseline,4,32,128,64_128,0,0,,,-44.79127526283264,-43.29246282577515
roles-stream,4,32,128,64_128,0,0,,,-49.076372385025024,-47.455018758773804
roles-baseline,4,32,128,128_inf,0,0,,,-44.79127526283264,-43.29246282577515
roles-stream,4,32,128,128_inf,0,0,,,-49.076372385025024,-47.455018758773804
roles-baseline,4,32,128,far_gt16,4473,32,-44.51153870488879,-28.437290409121395,-44.79127526283264,-43.29246282577515
roles-stream,4,32,128,far_gt16,4473,32,-93.70025383345167,-84.4846858931366,-49.076372385025024,-47.455018758773804
roles-baseline,4,32,128,far_gt32,1418,17,0.0,0.0,-44.79127526283264,-43.29246282577515
roles-stream,4,32,128,far_gt32,1418,17,-77.01338910803605,-52.89139633286318,-49.076372385025024,-47.455018758773804
roles-baseline,4,32,128,r_le1,4222,32,-99.29484086704197,-99.09995262908573,-44.79127526283264,-43.29246282577515
roles-stream,4,32,128,r_le1,4222,32,-100.0,-100.0,-49.076372385025024,-47.455018758773804
roles-baseline,4,32,128,r_1_2,3055,32,-49.78723147154762,-41.636661211129294,-44.79127526283264,-43.29246282577515
roles-stream,4,32,128,r_1_2,3055,32,-99.54169433918038,-99.14893617021276,-49.076372385025024,-47.455018758773804
roles-baseline,4,32,128,r_gt2,1418,17,0.0,0.0,-44.79127526283264,-43.29246282577515
roles-stream,4,32,128,r_gt2,1418,17,-77.01338910803605,-52.89139633286318,-49.076372385025024,-47.455018758773804
roles-baseline,4,32,128,outside_forward_lightcone,0,0,,,-44.79127526283264,-43.29246282577515
roles-stream,4,32,128,outside_forward_lightcone,0,0,,,-49.076372385025024,-47.455018758773804
roles-baseline,4,32,256,0_8,1706,32,-100.0,-100.0,-44.77032423019409,-43.363481760025024
roles-stream,4,32,256,0_8,1706,32,-100.0,-100.0,-49.44358468055725,-47.993624210357666
roles-baseline,4,32,256,8_16,2240,32,-99.4618990680348,-99.375,-44.77032423019409,-43.363481760025024
roles-stream,4,32,256,8_16,2240,32,-100.0,-100.0,-49.44358468055725,-47.993624210357666
roles-baseline,4,32,256,equal_16,276,32,-97.19551282051282,-94.92753623188406,-44.77032423019409,-43.363481760025024
roles-stream,4,32,256,equal_16,276,32,-100.0,-100.0,-49.44358468055725,-47.993624210357666
roles-baseline,4,32,256,strict_16_32,2918,32,-50.43505350292104,-42.563399588759424,-44.77032423019409,-43.363481760025024
roles-stream,4,32,256,strict_16_32,2918,32,-100.0,-100.0,-49.44358468055725,-47.993624210357666
roles-baseline,4,32,256,32_64,1555,18,0.0,0.0,-44.77032423019409,-43.363481760025024
roles-stream,4,32,256,32_64,1555,18,-91.85827417386707,-74.72668810289389,-49.44358468055725,-47.993624210357666
roles-baseline,4,32,256,64_128,0,0,,,-44.77032423019409,-43.363481760025024
roles-stream,4,32,256,64_128,0,0,,,-49.44358468055725,-47.993624210357666
roles-baseline,4,32,256,128_inf,0,0,,,-44.77032423019409,-43.363481760025024
roles-stream,4,32,256,128_inf,0,0,,,-49.44358468055725,-47.993624210357666
roles-baseline,4,32,256,far_gt16,4473,32,-44.44729239135606,-27.76659959758551,-44.77032423019409,-43.363481760025024
roles-stream,4,32,256,far_gt16,4473,32,-97.173054434882,-91.21395036887995,-49.44358468055725,-47.993624210357666
roles-baseline,4,32,256,far_gt32,1418,17,0.0,0.0,-44.77032423019409,-43.363481760025024
roles-stream,4,32,256,far_gt32,1418,17,-90.80764226211066,-72.28490832157969,-49.44358468055725,-47.993624210357666
roles-baseline,4,32,256,r_le1,4222,32,-99.50313880798234,-99.33680720037896,-44.77032423019409,-43.363481760025024
roles-stream,4,32,256,r_le1,4222,32,-100.0,-100.0,-49.44358468055725,-47.993624210357666
roles-baseline,4,32,256,r_1_2,3055,32,-49.26080037174974,-40.65466448445172,-44.77032423019409,-43.363481760025024
roles-stream,4,32,256,r_1_2,3055,32,-100.0,-100.0,-49.44358468055725,-47.993624210357666
roles-baseline,4,32,256,r_gt2,1418,17,0.0,0.0,-44.77032423019409,-43.363481760025024
roles-stream,4,32,256,r_gt2,1418,17,-90.80764226211066,-72.28490832157969,-49.44358468055725,-47.993624210357666
roles-baseline,4,32,256,outside_forward_lightcone,0,0,,,-44.77032423019409,-43.363481760025024
roles-stream,4,32,256,outside_forward_lightcone,0,0,,,-49.44358468055725,-47.993624210357666
roles-baseline,4,64,64,0_8,2545,32,-100.0,-100.0,-31.418704986572266,-34.34170484542847
roles-stream,4,64,64,0_8,2545,32,-93.75,-93.28094302554028,-43.84111166000366,-38.73114585876465
roles-baseline,4,64,64,8_16,4510,32,-100.0,-100.0,-31.418704986572266,-34.34170484542847
roles-stream,4,64,64,8_16,4510,32,-93.75,-94.01330376940133,-43.84111166000366,-38.73114585876465
roles-baseline,4,64,64,equal_16,534,32,-92.5309490450944,-92.13483146067416,-31.418704986572266,-34.34170484542847
roles-stream,4,64,64,equal_16,534,32,-93.75,-94.3820224719101,-43.84111166000366,-38.73114585876465
roles-baseline,4,64,64,strict_16_32,8618,32,-33.520248322577224,-35.15896959851474,-31.418704986572266,-34.34170484542847
roles-stream,4,64,64,strict_16_32,8618,32,-93.01408768673849,-93.50197261545603,-43.84111166000366,-38.73114585876465
roles-baseline,4,64,64,32_64,15892,32,0.0,0.0,-31.418704986572266,-34.34170484542847
roles-stream,4,64,64,32_64,15892,32,-34.44977886098606,-24.590989176944376,-43.84111166000366,-38.73114585876465
roles-baseline,4,64,64,64_128,11718,24,0.0,0.0,-31.418704986572266,-34.34170484542847
roles-stream,4,64,64,64_128,11718,24,0.0,0.0,-43.84111166000366,-38.73114585876465
roles-baseline,4,64,64,128_inf,371,3,0.0,0.0,-31.418704986572266,-34.34170484542847
roles-stream,4,64,64,128_inf,371,3,0.0,0.0,-43.84111166000366,-38.73114585876465
roles-baseline,4,64,64,far_gt16,36599,32,-12.108246790461703,-8.278914724446023,-31.418704986572266,-34.34170484542847
roles-stream,4,64,64,far_gt16,36599,32,-44.36836368086824,-32.69488237383535,-43.84111166000366,-38.73114585876465
roles-baseline,4,64,64,far_gt32,27436,32,0.0,0.0,-31.418704986572266,-34.34170484542847
roles-stream,4,64,64,far_gt32,27436,32,-26.31864231948753,-12.483598192156292,-43.84111166000366,-38.73114585876465
roles-baseline,4,64,64,r_le1,7589,32,-99.4778715360719,-99.44656740018448,-31.418704986572266,-34.34170484542847
roles-stream,4,64,64,r_le1,7589,32,-93.75,-93.7936487020688,-43.84111166000366,-38.73114585876465
roles-baseline,4,64,64,r_1_2,9163,32,-31.579150656801996,-33.067772563570884,-31.418704986572266,-34.34170484542847
roles-stream,4,64,64,r_1_2,9163,32,-92.91785831929883,-93.2118301866201,-43.84111166000366,-38.73114585876465
roles-baseline,4,64,64,r_gt2,27436,32,0.0,0.0,-31.418704986572266,-34.34170484542847
roles-stream,4,64,64,r_gt2,27436,32,-26.31864231948753,-12.483598192156292,-43.84111166000366,-38.73114585876465
roles-baseline,4,64,64,outside_forward_lightcone,337,3,0.0,0.0,-31.418704986572266,-34.34170484542847
roles-stream,4,64,64,outside_forward_lightcone,337,3,0.0,0.0,-43.84111166000366,-38.73114585876465
roles-baseline,4,64,128,0_8,2545,32,-100.0,-100.0,-32.56382346153259,-35.50342917442322
roles-stream,4,64,128,0_8,2545,32,-93.75,-93.28094302554028,-46.75559997558594,-41.934847831726074
roles-baseline,4,64,128,8_16,4510,32,-100.0,-100.0,-32.56382346153259,-35.50342917442322
roles-stream,4,64,128,8_16,4510,32,-93.75,-94.01330376940133,-46.75559997558594,-41.934847831726074
roles-baseline,4,64,128,equal_16,534,32,-98.16787020450815,-98.31460674157303,-32.56382346153259,-35.50342917442322
roles-stream,4,64,128,equal_16,534,32,-93.75,-94.3820224719101,-46.75559997558594,-41.934847831726074
roles-baseline,4,64,128,strict_16_32,8618,32,-35.47142748330682,-37.06196333255976,-32.56382346153259,-35.50342917442322
roles-stream,4,64,128,strict_16_32,8618,32,-93.38849614395886,-94.32582965885356,-46.75559997558594,-41.934847831726074
roles-baseline,4,64,128,32_64,15892,32,0.0,0.0,-32.56382346153259,-35.50342917442322
roles-stream,4,64,128,32_64,15892,32,-74.71793326441349,-68.15378806946892,-46.75559997558594,-41.934847831726074
roles-baseline,4,64,128,64_128,11718,24,0.0,0.0,-32.56382346153259,-35.50342917442322
roles-stream,4,64,128,64_128,11718,24,-9.429531420630932,-2.1590715139102237,-46.75559997558594,-41.934847831726074
roles-baseline,4,64,128,128_inf,371,3,0.0,0.0,-32.56382346153259,-35.50342917442322
roles-stream,4,64,128,128_inf,371,3,0.0,0.0,-46.75559997558594,-41.934847831726074
roles-baseline,4,64,128,far_gt16,36599,32,-12.688400267349632,-8.727014399300527,-32.56382346153259,-35.50342917442322
roles-stream,4,64,128,far_gt16,36599,32,-63.458938658930265,-52.4959698352414,-46.75559997558594,-41.934847831726074
roles-baseline,4,64,128,far_gt32,27436,32,0.0,0.0,-32.56382346153259,-35.50342917442322
roles-stream,4,64,128,far_gt32,27436,32,-55.77856581302454,-38.595276279341014,-46.75559997558594,-41.934847831726074
roles-baseline,4,64,128,r_le1,7589,32,-99.89161661461578,-99.88140730003953,-32.56382346153259,-35.50342917442322
roles-stream,4,64,128,r_le1,7589,32,-93.75,-93.7936487020688,-46.75559997558594,-41.934847831726074
roles-baseline,4,64,128,r_1_2,9163,32,-33.40911211439314,-34.857579395394524,-32.56382346153259,-35.50342917442322
roles-stream,4,64,128,r_1_2,9163,32,-93.34463443396226,-94.11764705882352,-46.75559997558594,-41.934847831726074
roles-baseline,4,64,128,r_gt2,27436,32,0.0,0.0,-32.56382346153259,-35.50342917442322
roles-stream,4,64,128,r_gt2,27436,32,-55.77856581302454,-38.595276279341014,-46.75559997558594,-41.934847831726074
roles-baseline,4,64,128,outside_forward_lightcone,0,0,,,-32.56382346153259,-35.50342917442322
roles-stream,4,64,128,outside_forward_lightcone,0,0,,,-46.75559997558594,-41.934847831726074
roles-baseline,4,64,256,0_8,2545,32,-100.0,-100.0,-32.52859115600586,-35.411953926086426
roles-stream,4,64,256,0_8,2545,32,-93.75,-93.28094302554028,-48.24604392051697,-44.073134660720825
roles-baseline,4,64,256,8_16,4510,32,-100.0,-100.0,-32.52859115600586,-35.411953926086426
roles-stream,4,64,256,8_16,4510,32,-93.75,-94.01330376940133,-48.24604392051697,-44.073134660720825
roles-baseline,4,64,256,equal_16,534,32,-98.91322699825203,-98.68913857677903,-32.52859115600586,-35.411953926086426
roles-stream,4,64,256,equal_16,534,32,-93.75,-94.3820224719101,-48.24604392051697,-44.073134660720825
roles-baseline,4,64,256,strict_16_32,8618,32,-32.89654452779411,-34.265490833139935,-32.52859115600586,-35.411953926086426
roles-stream,4,64,256,strict_16_32,8618,32,-93.75,-94.84799257368299,-48.24604392051697,-44.073134660720825
roles-baseline,4,64,256,32_64,15892,32,0.0,0.0,-32.52859115600586,-35.411953926086426
roles-stream,4,64,256,32_64,15892,32,-90.65343859076107,-88.47218726403221,-48.24604392051697,-44.073134660720825
roles-baseline,4,64,256,64_128,11718,24,0.0,0.0,-32.52859115600586,-35.411953926086426
roles-stream,4,64,256,64_128,11718,24,-49.989498517705165,-23.46816862945895,-48.24604392051697,-44.073134660720825
roles-baseline,4,64,256,128_inf,371,3,0.0,0.0,-32.52859115600586,-35.411953926086426
roles-stream,4,64,256,128_inf,371,3,0.0,0.0,-48.24604392051697,-44.073134660720825
roles-baseline,4,64,256,far_gt16,36599,32,-11.687369868912128,-8.068526462471652,-32.52859115600586,-35.411953926086426
roles-stream,4,64,256,far_gt16,36599,32,-77.72504246121747,-68.26416022295692,-48.24604392051697,-44.073134660720825
roles-baseline,4,64,256,far_gt32,27436,32,0.0,0.0,-32.52859115600586,-35.411953926086426
roles-stream,4,64,256,far_gt32,27436,32,-74.9900691258865,-59.429217087038936,-48.24604392051697,-44.073134660720825
roles-baseline,4,64,256,r_le1,7589,32,-99.91653852496067,-99.90776123336408,-32.52859115600586,-35.411953926086426
roles-stream,4,64,256,r_le1,7589,32,-93.75,-93.7936487020688,-48.24604392051697,-44.073134660720825
roles-baseline,4,64,256,r_1_2,9163,32,-30.98262382163039,-32.2274364291171,-32.52859115600586,-35.411953926086426
roles-stream,4,64,256,r_1_2,9163,32,-93.75,-94.71788715486194,-48.24604392051697,-44.073134660720825
roles-baseline,4,64,256,r_gt2,27436,32,0.0,0.0,-32.52859115600586,-35.411953926086426
roles-stream,4,64,256,r_gt2,27436,32,-74.9900691258865,-59.429217087038936,-48.24604392051697,-44.073134660720825
roles-baseline,4,64,256,outside_forward_lightcone,0,0,,,-32.52859115600586,-35.411953926086426
roles-stream,4,64,256,outside_forward_lightcone,0,0,,,-48.24604392051697,-44.073134660720825
roles-baseline,5,32,64,0_8,1706,32,-9.672193564021114,-11.254396248534581,-15.76296091079712,-19.05837059020996
roles-stream,5,32,64,0_8,1706,32,8.981996936557913,9.026963657678788,-4.9623191356658936,-9.501999616622925
roles-baseline,5,32,64,8_16,2240,32,-74.11114144226026,-74.91071428571429,-15.76296091079712,-19.05837059020996
roles-stream,5,32,64,8_16,2240,32,-55.976498585138415,-51.473214285714285,-4.9623191356658936,-9.501999616622925
roles-baseline,5,32,64,equal_16,276,32,-92.9710046897547,-93.11594202898551,-15.76296091079712,-19.05837059020996
roles-stream,5,32,64,equal_16,276,32,-61.90750222000222,-52.89855072463768,-4.9623191356658936,-9.501999616622925
roles-baseline,5,32,64,strict_16_32,2918,32,-94.64629324943206,-94.10555174777244,-15.76296091079712,-19.05837059020996
roles-stream,5,32,64,strict_16_32,2918,32,-14.252462327763055,-11.446196024674435,-4.9623191356658936,-9.501999616622925
roles-baseline,5,32,64,32_64,1555,18,-28.731132235783917,-32.47588424437299,-15.76296091079712,-19.05837059020996
roles-stream,5,32,64,32_64,1555,18,5.0,0.5787781350482315,-4.9623191356658936,-9.501999616622925
roles-baseline,5,32,64,64_128,0,0,,,-15.76296091079712,-19.05837059020996
roles-stream,5,32,64,64_128,0,0,,,-4.9623191356658936,-9.501999616622925
roles-baseline,5,32,64,128_inf,0,0,,,-15.76296091079712,-19.05837059020996
roles-stream,5,32,64,128_inf,0,0,,,-4.9623191356658936,-9.501999616622925
roles-baseline,5,32,64,far_gt16,4473,32,-82.86103200169079,-72.68052761010507,-15.76296091079712,-19.05837059020996
roles-stream,5,32,64,far_gt16,4473,32,-11.143717489187862,-7.265817124972054,-4.9623191356658936,-9.501999616622925
roles-baseline,5,32,64,far_gt32,1418,17,-27.317104478289515,-29.90126939351199,-15.76296091079712,-19.05837059020996
roles-stream,5,32,64,far_gt32,1418,17,4.901960784313726,0.3526093088857546,-4.9623191356658936,-9.501999616622925
roles-baseline,5,32,64,r_le1,4222,32,-48.09550425319578,-50.378967314069165,-15.76296091079712,-19.05837059020996
roles-stream,5,32,64,r_le1,4222,32,-29.173622630020756,-27.119848413074372,-4.9623191356658936,-9.501999616622925
roles-baseline,5,32,64,r_1_2,3055,32,-93.4669378269135,-92.53682487725041,-15.76296091079712,-19.05837059020996
roles-stream,5,32,64,r_1_2,3055,32,-13.593534555582409,-10.801963993453354,-4.9623191356658936,-9.501999616622925
roles-baseline,5,32,64,r_gt2,1418,17,-27.317104478289515,-29.90126939351199,-15.76296091079712,-19.05837059020996
roles-stream,5,32,64,r_gt2,1418,17,4.901960784313726,0.3526093088857546,-4.9623191356658936,-9.501999616622925
roles-baseline,5,32,64,outside_forward_lightcone,0,0,,,-15.76296091079712,-19.05837059020996
roles-stream,5,32,64,outside_forward_lightcone,0,0,,,-4.9623191356658936,-9.501999616622925
roles-baseline,5,32,128,0_8,1706,32,-10.373244182675068,-11.957796014068,-16.050970554351807,-18.98186206817627
roles-stream,5,32,128,0_8,1706,32,8.287194646364625,8.32356389214537,-5.037593841552734,-9.515058994293213
roles-baseline,5,32,128,8_16,2240,32,-74.3136725941478,-74.0625,-16.050970554351807,-18.98186206817627
roles-stream,5,32,128,8_16,2240,32,-55.41509369730946,-49.77678571428571,-5.037593841552734,-9.515058994293213
roles-baseline,5,32,128,equal_16,276,32,-91.66520111832612,-91.30434782608697,-16.050970554351807,-18.98186206817627
roles-stream,5,32,128,equal_16,276,32,-62.01500756188256,-52.89855072463767,-5.037593841552734,-9.515058994293213
roles-baseline,5,32,128,strict_16_32,2918,32,-93.41935853524417,-93.1117203564085,-16.050970554351807,-18.98186206817627
roles-stream,5,32,128,strict_16_32,2918,32,-14.391709456394059,-11.925976696367375,-5.037593841552734,-9.515058994293213
roles-baseline,5,32,128,32_64,1555,18,-31.448987929438744,-30.289389067524112,-16.050970554351807,-18.98186206817627
roles-stream,5,32,128,32_64,1555,18,-0.12345679012345678,-0.3858520900321543,-5.037593841552734,-9.515058994293213
roles-baseline,5,32,128,64_128,0,0,,,-16.050970554351807,-18.98186206817627
roles-stream,5,32,128,64_128,0,0,,,-5.037593841552734,-9.515058994293213
roles-baseline,5,32,128,128_inf,0,0,,,-16.050970554351807,-18.98186206817627
roles-stream,5,32,128,128_inf,0,0,,,-5.037593841552734,-9.515058994293213
roles-baseline,5,32,128,far_gt16,4473,32,-81.44856313461902,-71.27207690587973,-16.050970554351807,-18.98186206817627
roles-stream,5,32,128,far_gt16,4473,32,-11.038436560117182,-7.914151576123407,-5.037593841552734,-9.515058994293213
roles-baseline,5,32,128,far_gt32,1418,17,-28.857613975466545,-26.939351198871652,-16.050970554351807,-18.98186206817627
roles-stream,5,32,128,far_gt32,1418,17,-0.09487666034155597,-0.2820874471086037,-5.037593841552734,-9.515058994293213
roles-baseline,5,32,128,r_le1,4222,32,-48.29718391684808,-50.0947418285173,-16.050970554351807,-18.98186206817627
roles-stream,5,32,128,r_le1,4222,32,-29.093579661228432,-26.504026527711982,-5.037593841552734,-9.515058994293213
roles-baseline,5,32,128,r_1_2,3055,32,-92.52453805435559,-91.84942716857611,-16.050970554351807,-18.98186206817627
roles-stream,5,32,128,r_1_2,3055,32,-13.78833242117556,-11.456628477905074,-5.037593841552734,-9.515058994293213
roles-baseline,5,32,128,r_gt2,1418,17,-28.857613975466545,-26.939351198871652,-16.050970554351807,-18.98186206817627
roles-stream,5,32,128,r_gt2,1418,17,-0.09487666034155597,-0.2820874471086037,-5.037593841552734,-9.515058994293213
roles-baseline,5,32,128,outside_forward_lightcone,0,0,,,-16.050970554351807,-18.98186206817627
roles-stream,5,32,128,outside_forward_lightcone,0,0,,,-5.037593841552734,-9.515058994293213
roles-baseline,5,32,256,0_8,1706,32,-10.99188825599937,-12.661195779601409,-16.316640377044678,-19.327151775360107
roles-stream,5,32,256,0_8,1706,32,11.851627438124734,12.07502930832356,-4.379552602767944,-8.951419591903687
roles-baseline,5,32,256,8_16,2240,32,-75.72557278411377,-75.26785714285714,-16.316640377044678,-19.327151775360107
roles-stream,5,32,256,8_16,2240,32,-52.63192018629126,-47.54464285714286,-4.379552602767944,-8.951419591903687
roles-baseline,5,32,256,equal_16,276,32,-92.91892135642136,-93.47826086956522,-16.316640377044678,-19.327151775360107
roles-stream,5,32,256,equal_16,276,32,-63.70523573648573,-57.971014492753625,-4.379552602767944,-8.951419591903687
roles-baseline,5,32,256,strict_16_32,2918,32,-91.88756385488487,-91.50102810143935,-16.316640377044678,-19.327151775360107
roles-stream,5,32,256,strict_16_32,2918,32,-17.167395777029544,-15.010281014393422,-4.379552602767944,-8.951419591903687
roles-baseline,5,32,256,32_64,1555,18,-38.36698287283504,-28.810289389067524,-16.316640377044678,-19.327151775360107
roles-stream,5,32,256,32_64,1555,18,-0.11595255386105058,-0.12861736334405144,-4.379552602767944,-8.951419591903687
roles-baseline,5,32,256,64_128,0,0,,,-16.316640377044678,-19.327151775360107
roles-stream,5,32,256,64_128,0,0,,,-4.379552602767944,-8.951419591903687
roles-baseline,5,32,256,128_inf,0,0,,,-16.316640377044678,-19.327151775360107
roles-stream,5,32,256,128_inf,0,0,,,-4.379552602767944,-8.951419591903687
roles-baseline,5,32,256,far_gt16,4473,32,-79.88048350253536,-69.70713167896267,-16.316640377044678,-19.327151775360107
roles-stream,5,32,256,far_gt16,4473,32,-13.25150738512701,-9.836798569192934,-4.379552602767944,-8.951419591903687
roles-baseline,5,32,256,far_gt32,1418,17,-26.879452037672415,-24.47108603667137,-16.316640377044678,-19.327151775360107
roles-stream,5,32,256,far_gt32,1418,17,-0.13682657529031028,-0.14104372355430184,-4.379552602767944,-8.951419591903687
roles-baseline,5,32,256,r_le1,4222,32,-49.297495497034824,-51.16058739933681,-16.316640377044678,-19.327151775360107
roles-stream,5,32,256,r_le1,4222,32,-26.428469433863167,-24.13548081477973,-4.379552602767944,-8.951419591903687
roles-baseline,5,32,256,r_1_2,3055,32,-91.32187682426625,-90.7037643207856,-16.316640377044678,-19.327151775360107
roles-stream,5,32,256,r_1_2,3055,32,-16.42977611678319,-14.337152209492634,-4.379552602767944,-8.951419591903687
roles-baseline,5,32,256,r_gt2,1418,17,-26.879452037672415,-24.47108603667137,-16.316640377044678,-19.327151775360107
roles-stream,5,32,256,r_gt2,1418,17,-0.13682657529031028,-0.14104372355430184,-4.379552602767944,-8.951419591903687
roles-baseline,5,32,256,outside_forward_lightcone,0,0,,,-16.316640377044678,-19.327151775360107
roles-stream,5,32,256,outside_forward_lightcone,0,0,,,-4.379552602767944,-8.951419591903687
roles-baseline,5,64,64,0_8,2545,32,-19.141315157538585,-19.80353634577603,-12.303131818771362,-14.973700046539307
roles-stream,5,64,64,0_8,2545,32,10.088560952900828,10.923379174852654,-3.3518433570861816,-0.5010843276977539
roles-baseline,5,64,64,8_16,4510,32,-27.498499868521765,-31.529933481152995,-12.303131818771362,-14.973700046539307
roles-stream,5,64,64,8_16,4510,32,-2.9345810788739546,-6.008869179600884,-3.3518433570861816,-0.5010843276977539
roles-baseline,5,64,64,equal_16,534,32,-51.48126181333779,-59.737827715355806,-12.303131818771362,-14.973700046539307
roles-stream,5,64,64,equal_16,534,32,-23.58905545693587,-32.58426966292135,-3.3518433570861816,-0.5010843276977539
roles-baseline,5,64,64,strict_16_32,8618,32,-86.08066630338041,-88.14110002320724,-12.303131818771362,-14.973700046539307
roles-stream,5,64,64,strict_16_32,8618,32,-15.319291394895881,-15.885356231144119,-3.3518433570861816,-0.5010843276977539
roles-baseline,5,64,64,32_64,15892,32,-27.083547225422866,-19.613642084067457,-12.303131818771362,-14.973700046539307
roles-stream,5,64,64,32_64,15892,32,-3.435932895474708,-1.1515227787566071,-3.3518433570861816,-0.5010843276977539
roles-baseline,5,64,64,64_128,11718,24,-1.8439980158730156,-0.042669397508107186,-12.303131818771362,-14.973700046539307
roles-stream,5,64,64,64_128,11718,24,0.0,0.0,-3.3518433570861816,-0.5010843276977539
roles-baseline,5,64,64,128_inf,371,3,0.0,0.0,-12.303131818771362,-14.973700046539307
roles-stream,5,64,64,128_inf,371,3,0.0,0.0,-3.3518433570861816,-0.5010843276977539
roles-baseline,5,64,64,far_gt16,36599,32,-38.6580500579773,-29.284953140796194,-12.303131818771362,-14.973700046539307
roles-stream,5,64,64,far_gt16,36599,32,-5.544677864300289,-4.240553020574334,-3.3518433570861816,-0.5010843276977539
roles-baseline,5,64,64,far_gt32,27436,32,-20.533614584502832,-9.782767167225542,-12.303131818771362,-14.973700046539307
roles-stream,5,64,64,far_gt32,27436,32,-3.4713392202631894,-0.5795305438110512,-3.3518433570861816,-0.5010843276977539
roles-baseline,5,64,64,r_le1,7589,32,-26.884670875522822,-29.5822901568059,-12.303131818771362,-14.973700046539307
roles-stream,5,64,64,r_le1,7589,32,-1.3564700841214306,-2.2005534325998166,-3.3518433570861816,-0.5010843276977539
roles-baseline,5,64,64,r_1_2,9163,32,-86.15409530951129,-87.67870784677507,-12.303131818771362,-14.973700046539307
roles-stream,5,64,64,r_1_2,9163,32,-14.756864730254971,-15.202444614209318,-3.3518433570861816,-0.5010843276977539
roles-baseline,5,64,64,r_gt2,27436,32,-20.533614584502832,-9.782767167225542,-12.303131818771362,-14.973700046539307
roles-stream,5,64,64,r_gt2,27436,32,-3.4713392202631894,-0.5795305438110512,-3.3518433570861816,-0.5010843276977539
roles-baseline,5,64,64,outside_forward_lightcone,337,3,0.0,0.0,-12.303131818771362,-14.973700046539307
roles-stream,5,64,64,outside_forward_lightcone,337,3,0.0,0.0,-3.3518433570861816,-0.5010843276977539
roles-baseline,5,64,128,0_8,2545,32,-7.187916913348991,-6.7190569744597255,-7.999855279922485,-11.073470115661621
roles-stream,5,64,128,0_8,2545,32,20.14961180834406,21.650294695481332,2.3162424564361572,4.990339279174805
roles-baseline,5,64,128,8_16,4510,32,-18.44562460596375,-22.705099778270508,-7.999855279922485,-11.073470115661621
roles-stream,5,64,128,8_16,4510,32,5.378303345095592,3.458980044345894,2.3162424564361572,4.990339279174805
roles-baseline,5,64,128,equal_16,534,32,-43.49713759615055,-53.18352059925093,-7.999855279922485,-11.073470115661621
roles-stream,5,64,128,equal_16,534,32,-16.4335098960965,-25.842696629213485,2.3162424564361572,4.990339279174805
roles-baseline,5,64,128,strict_16_32,8618,32,-82.45366152714377,-84.78765374796937,-7.999855279922485,-11.073470115661621
roles-stream,5,64,128,strict_16_32,8618,32,-12.419702972181415,-12.253423067997215,2.3162424564361572,4.990339279174805
roles-baseline,5,64,128,32_64,15892,32,-28.060240355036427,-20.557513214195822,-7.999855279922485,-11.073470115661621
roles-stream,5,64,128,32_64,15892,32,-4.0094831780656826,-1.686383085829348,2.3162424564361572,4.990339279174805
roles-baseline,5,64,128,64_128,11718,24,-1.0940152008057584,-0.8107185526540365,-7.999855279922485,-11.073470115661621
roles-stream,5,64,128,64_128,11718,24,0.0,0.0,2.3162424564361572,4.990339279174805
roles-baseline,5,64,128,128_inf,371,3,0.0,0.0,-7.999855279922485,-11.073470115661621
roles-stream,5,64,128,128_inf,371,3,0.0,0.0,2.3162424564361572,4.990339279174805
roles-baseline,5,64,128,far_gt16,36599,32,-38.254065373328885,-29.15106970135796,-7.999855279922485,-11.073470115661621
roles-stream,5,64,128,far_gt16,36599,32,-4.601874025464619,-3.617585179922948,2.3162424564361572,4.990339279174805
roles-baseline,5,64,128,far_gt32,27436,32,-21.35654507576052,-10.55547455897361,-7.999855279922485,-11.073470115661621
roles-stream,5,64,128,far_gt32,27436,32,-3.945870710376516,-0.8346697769354132,2.3162424564361572,4.990339279174805
roles-baseline,5,64,128,r_le1,7589,32,-16.992042976060095,-19.488733693503757,-7.999855279922485,-11.073470115661621
roles-stream,5,64,128,r_le1,7589,32,7.632172023520523,7.497694030834101,2.3162424564361572,4.990339279174805
roles-baseline,5,64,128,r_1_2,9163,32,-83.1431557607224,-84.8302957546655,-7.999855279922485,-11.073470115661621
roles-stream,5,64,128,r_1_2,9163,32,-12.46080918218546,-11.95023463931027,2.3162424564361572,4.990339279174805
roles-baseline,5,64,128,r_gt2,27436,32,-21.35654507576052,-10.55547455897361,-7.999855279922485,-11.073470115661621
roles-stream,5,64,128,r_gt2,27436,32,-3.945870710376516,-0.8346697769354132,2.3162424564361572,4.990339279174805
roles-baseline,5,64,128,outside_forward_lightcone,0,0,,,-7.999855279922485,-11.073470115661621
roles-stream,5,64,128,outside_forward_lightcone,0,0,,,2.3162424564361572,4.990339279174805
roles-baseline,5,64,256,0_8,2545,32,-4.230262784257843,-4.007858546168963,-7.969486713409424,-10.13181209564209
roles-stream,5,64,256,0_8,2545,32,24.8402740576789,26.247544204322192,3.237050771713257,5.231660604476929
roles-baseline,5,64,256,8_16,4510,32,-17.465736300023938,-21.39689578713969,-7.969486713409424,-10.13181209564209
roles-stream,5,64,256,8_16,4510,32,9.131152538765253,7.871396895787141,3.237050771713257,5.231660604476929
roles-baseline,5,64,256,equal_16,534,32,-42.41751447368877,-51.685393258426956,-7.969486713409424,-10.13181209564209
roles-stream,5,64,256,equal_16,534,32,-11.119519719021886,-20.786516853932586,3.237050771713257,5.231660604476929
roles-baseline,5,64,256,strict_16_32,8618,32,-80.89823085053607,-83.31399396611742,-7.969486713409424,-10.13181209564209
roles-stream,5,64,256,strict_16_32,8618,32,-14.894512526367858,-14.492921791598977,3.237050771713257,5.231660604476929
roles-baseline,5,64,256,32_64,15892,32,-31.685107865567495,-23.87364711804682,-7.969486713409424,-10.13181209564209
roles-stream,5,64,256,32_64,15892,32,-4.481065622062965,-1.9317895796627234,3.237050771713257,5.231660604476929
roles-baseline,5,64,256,64_128,11718,24,-11.197498494048588,-5.70063150708312,-7.969486713409424,-10.13181209564209
roles-stream,5,64,256,64_128,11718,24,0.0,0.0,3.237050771713257,5.231660604476929
roles-baseline,5,64,256,128_inf,371,3,-2.032557156232068,-3.234501347708895,-7.969486713409424,-10.13181209564209
roles-stream,5,64,256,128_inf,371,3,0.0,0.0,3.237050771713257,5.231660604476929
roles-baseline,5,64,256,far_gt16,36599,32,-41.28546841128932,-31.84240006557556,-7.969486713409424,-10.13181209564209
roles-stream,5,64,256,far_gt16,36599,32,-5.806326606719403,-4.251482280936638,3.237050771713257,5.231660604476929
roles-baseline,5,64,256,far_gt32,27436,32,-25.391830976566443,-14.590319288526024,-7.969486713409424,-10.13181209564209
roles-stream,5,64,256,far_gt32,27436,32,-4.142962516537521,-0.9913981629975217,3.237050771713257,5.231660604476929
roles-baseline,5,64,256,r_le1,7589,32,-15.289585601270407,-17.69666622743444,-7.969486713409424,-10.13181209564209
roles-stream,5,64,256,r_le1,7589,32,11.782053299633766,12.017393595994207,3.237050771713257,5.231660604476929
roles-baseline,5,64,256,r_1_2,9163,32,-81.67050797368164,-83.49885408708938,-7.969486713409424,-10.13181209564209
roles-stream,5,64,256,r_1_2,9163,32,-14.675442036308532,-14.0128778784241,3.237050771713257,5.231660604476929
roles-baseline,5,64,256,r_gt2,27436,32,-25.391830976566443,-14.590319288526024,-7.969486713409424,-10.13181209564209
roles-stream,5,64,256,r_gt2,27436,32,-4.142962516537521,-0.9913981629975217,3.237050771713257,5.231660604476929
roles-baseline,5,64,256,outside_forward_lightcone,0,0,,,-7.969486713409424,-10.13181209564209
roles-stream,5,64,256,outside_forward_lightcone,0,0,,,3.237050771713257,5.231660604476929
