block,initialization_seed,schedule_seed,arm,update,size,R_strict_pooled_T64,R_strict_mean_T64,S_retention64_to256,S_continuous_survival64_to256,retention_reference_pixels,retention_reference_maps,ever_regressed_fraction,coverage_gain64_to256,joint_readiness,full_pass
0,96001,97001,reset64x4,0,32,0.0,0.0,,,0,0,,0.0,False,
0,96001,97001,reset64x4,0,64,0.0,0.0,,,0,0,,0.0,,
0,96001,97001,reset64x4,25,32,0.00294811320754717,0.004743833017077799,0.8880335899230231,0.8824352694191743,1429,32,0.8109393579072532,-0.008069865133760762,False,
0,96001,97001,reset64x4,25,64,0.009433962264150943,0.009100740226467466,0.004849137931034483,0.004849137931034483,1856,32,0.9988488735405361,-0.044768160554572556,,
0,96001,97001,reset64x4,50,32,0.015035377358490566,0.020599001218913077,0.46171829339567505,0.4582115721800117,1711,32,0.9253164556962026,-0.07218660181295598,False,
0,96001,97001,reset64x4,50,64,0.0704955421936554,0.10780325484908984,0.7394298306018455,0.7296515631455722,7261,32,0.9699660746358012,-0.027825581113507997,,
0,96001,97001,reset64x4,75,32,0.00589622641509434,0.006875168391115468,0.7770700636942676,0.7473460721868365,1413,30,0.7841845140032949,-0.021114304665045325,False,
0,96001,97001,reset64x4,75,64,0.08853410740203194,0.11873074243975804,0.8255095738109944,0.7782581840642372,6476,32,0.723373090604729,-0.002932835640012621,,
0,96001,97001,reset64x4,100,32,0.001768867924528302,0.0018994764051996102,0.815954415954416,0.8056980056980056,1755,32,0.5386294194674814,-0.0017687375635640212,False,
0,96001,97001,reset64x4,100,64,0.0005183495749533486,0.0004177807486631016,0.7565236144058659,0.7284882467112357,4637,32,0.6881079385001568,-0.006810965411930089,,
0,96001,97001,reset64x4,125,32,0.001768867924528302,0.0025144663021874256,0.8593903638151426,0.8480825958702065,2034,32,0.5532292405961675,-0.025978332964846335,False,
0,96001,97001,reset64x4,125,64,0.008397263114244246,0.007299819836272189,0.9240148436119455,0.8975083937091359,5659,32,0.44311926605504587,-0.003975083016215436,,
0,96001,97001,reset64x4,150,32,0.01061320754716981,0.013744534164746894,0.5411116214974736,0.5231970601745521,2177,32,0.6683002321382512,-0.06732257351315499,False,
0,96001,97001,reset64x4,150,64,0.013995438523740411,0.01536901311489828,0.642810564069123,0.6374307140528204,6134,32,0.5437458257799829,-0.013403786024189845,,
0,96001,97001,reset64x4,175,32,0.01061320754716981,0.008691677539412608,0.35031234983181164,0.347909658817876,2081,32,0.7589803012746235,-0.09915984965730709,False,
0,96001,97001,reset64x4,175,64,0.007671573709309558,0.007270058827353278,0.2977828127528726,0.2960025894157631,6179,32,0.7841048750512085,-0.07603558184065733,,
0,96001,97001,reset64x4,200,32,0.0047169811320754715,0.004803686341636349,0.6714345814051326,0.6604964240639462,2377,32,0.595542198847984,-0.0023214680521777553,False,
0,96001,97001,reset64x4,200,64,0.01088534107402032,0.011975148536329916,0.5317815577439571,0.5247687257535064,6702,32,0.5743589743589743,-0.03541217247982162,,
0,96001,97001,reset64x4,225,32,0.11851415094339622,0.1511044716889902,0.06583688175565018,0.05437274811660662,3053,32,0.9818421921426214,-0.30289630776033605,False,
0,96001,97001,reset64x4,225,64,0.20391872278664733,0.21807448102310867,0.0813615608136156,0.06330427563304275,4818,31,0.9888122227698374,-0.09629880989892624,,
0,96001,97001,reset64x4,250,32,0.14150943396226415,0.15861097419299078,0.06793002915451896,0.06209912536443149,3430,32,0.9645533141210375,-0.3415874419632987,False,
0,96001,97001,reset64x4,250,64,0.22600041467965995,0.22830403779691197,0.06944162436548224,0.02233502538071066,4925,31,0.9882174986067989,-0.10172819157961073,,
0,96001,97001,reset64x4,275,32,0.08195754716981132,0.08722986050823872,0.7901137701059239,0.6528050215770891,2549,32,0.817849839322232,0.10767189918195891,False,
0,96001,97001,reset64x4,275,64,0.03566245075679038,0.044587727309769905,0.41445270988310307,0.3528161530286929,1882,28,0.9080274686242008,0.08039847783406451,,
0,96001,97001,reset64x4,300,32,0.027712264150943397,0.022394103804669534,0.7991026919242273,0.7128614157527418,2006,32,0.807028173280824,0.12546982091532172,False,False
0,96001,97001,reset64x4,300,64,0.02477710968277006,0.03190504213090148,0.6065899166335847,0.5009924573243351,2519,21,0.8143741304034928,0.07821702983736092,,False
0,96001,97001,continuous256,0,32,0.0,0.0,,,0,0,,0.0,False,
0,96001,97001,continuous256,0,64,0.0,0.0,,,0,0,,0.0,,
0,96001,97001,continuous256,25,32,0.00029481132075471697,0.0004743833017077799,0.721259842519685,0.25196850393700787,635,32,0.9887436456063907,0.05648905593632546,False,
0,96001,97001,continuous256,25,64,0.00041467965996267884,0.00026991102430555557,0.8888888888888888,0.044444444444444446,945,31,0.9922245651027939,0.09952250527183265,,
0,96001,97001,continuous256,50,32,0.001768867924528302,0.002104050808984395,0.7859281437125748,0.6826347305389222,1336,32,0.9128094725511302,-0.008622595622374524,False,
0,96001,97001,continuous256,50,64,0.037113829566659755,0.04906291709478024,0.9701138519924098,0.920303605313093,6324,32,0.8093116507017153,0.029546501199796404,,
0,96001,97001,continuous256,75,32,0.001474056603773585,0.001480545598192657,0.9609665427509294,0.929368029739777,1076,30,0.7467613873798579,0.017245191244749047,False,
0,96001,97001,continuous256,75,64,0.011403690648973668,0.01175885130913221,0.9661054994388327,0.9519640852974186,4455,32,0.6574602221555088,0.012700875003029785,,
0,96001,97001,continuous256,100,32,0.0011792452830188679,0.0017410825522779984,0.9102189781021898,0.8824817518248175,1370,29,0.8151898734177215,0.01934556710148133,False,
0,96001,97001,continuous256,100,64,0.012647729628861704,0.015147472406018677,0.9712465564738292,0.9404269972451791,5808,32,0.806430531956607,0.022784012410015292,,
0,96001,97001,continuous256,125,32,0.014150943396226415,0.015515608823903364,0.8189386056191468,0.7944849115504683,1922,30,0.7717879604672058,-0.013265531726730034,False,
0,96001,97001,continuous256,125,64,0.09112585527679867,0.1260392659997531,0.9261663286004057,0.921027721433401,7395,32,0.6335955056179775,-0.001987541508107704,,
0,96001,97001,continuous256,150,32,0.006780660377358491,0.0051787423773017255,0.8985976267529665,0.8856526429341963,927,24,0.8100498930862438,0.04764536811850542,False,
0,96001,97001,continuous256,150,64,0.04509641302094132,0.06482949147635506,0.9676308539944903,0.9431818181818182,5808,32,0.621769436997319,0.03989626002860122,,
0,96001,97001,continuous256,175,32,0.003242924528301887,0.0015344090526192501,0.8850806451612904,0.8487903225806451,496,21,0.9048702776513428,0.02653106345346009,False,
0,96001,97001,continuous256,175,64,0.01078167115902965,0.016771089917116094,0.8792884371029225,0.8462515883100381,3935,32,0.7944697833523375,0.008265264076399145,,
0,96001,97001,continuous256,200,32,0.0023584905660377358,0.0014179369018078698,0.9804270462633452,0.9590747330960854,562,14,0.8982088248143294,0.006301127570196768,False,
0,96001,97001,continuous256,200,64,0.048932199875596105,0.06766892546622201,0.9183943537715042,0.8451698279664756,4534,32,0.8167008567636056,0.002132971374554621,,
0,96001,97001,continuous256,225,32,0.00029481132075471697,0.00038402457757296467,0.7942857142857143,0.7857142857142857,350,10,0.9505070993914807,0.06621711253592748,False,
0,96001,97001,continuous256,225,64,0.026021148662658096,0.03458494628149941,0.4179675994108984,0.38438880706921946,3395,32,0.9331744716121011,-0.0010180090651283474,,
0,96001,97001,continuous256,250,32,0.00029481132075471697,0.00023207240659085636,0.6733449477351916,0.6594076655052264,1148,25,0.8814975247524752,0.03449038248949812,False,
0,96001,97001,continuous256,250,64,0.03317437279701431,0.04410782484386355,0.6463721264367817,0.6215876436781609,5568,32,0.7884892086330936,-0.011319291271784188,,
0,96001,97001,continuous256,275,32,0.008549528301886792,0.00966641662585856,0.585635359116022,0.5643251775848461,1267,24,0.8760951188986232,0.021777581251381822,False,
0,96001,97001,continuous256,275,64,0.03939456769645449,0.05757499030850671,0.6305125148986889,0.5991259435836314,5034,32,0.797787979966611,0.0001454298664469028,,
0,96001,97001,continuous256,300,32,0.014445754716981132,0.016074662803175013,0.5378031383737518,0.5249643366619116,1402,28,0.8675771971496437,0.008290957329206289,False,False
0,96001,97001,continuous256,300,64,0.03472942152187435,0.044939314315172944,0.5981053307642903,0.5899165061014772,6228,32,0.7109638161469086,-0.037908718520493476,,False
1,96002,97002,continuous256,0,32,0.0,0.0,,,0,0,,0.0,False,
1,96002,97002,continuous256,0,64,0.0,0.0,,,0,0,,0.0,,
1,96002,97002,continuous256,25,32,0.0,0.0,0.8475499092558983,0.8239564428312159,551,32,0.9032258064516129,0.14592084899403052,False,
1,96002,97002,continuous256,25,64,0.0,0.0,1.0,0.9375,32,31,0.829957356076759,0.17507332089100033,,
1,96002,97002,continuous256,50,32,0.006780660377358491,0.00728985487890053,0.3314470493128537,0.30719482619240096,1237,32,0.8562628336755647,-0.07528189254919301,False,
1,96002,97002,continuous256,50,64,0.02177068214804064,0.028211097417139085,0.6135864135864136,0.5858141858141858,5005,32,0.6929203539823009,-0.02937683302227502,,
1,96002,97002,continuous256,75,32,0.003242924528301887,0.0045614925565344855,0.8990719257540604,0.8903712296983759,1724,32,0.5183721849071513,0.008733141720097287,False,
1,96002,97002,continuous256,75,64,0.010263321584076302,0.012494917185839805,0.8698606863744478,0.8618756371049949,5886,32,0.40351941747572817,-0.010301282206655826,,
1,96002,97002,continuous256,100,32,0.0038325471698113208,0.0038019739366441895,0.8976377952755905,0.8867353119321624,1651,31,0.4905015197568389,0.013044439531284535,False,
1,96002,97002,continuous256,100,64,0.008708272859216255,0.010221549308520905,0.9207571382739814,0.9133782483156881,6234,32,0.20712794512376975,-0.008725791986814363,,
1,96002,97002,continuous256,125,32,0.012382075471698114,0.01624895550241119,0.916728624535316,0.8940520446096655,2690,32,0.5178197064989518,0.07638735352642051,False,
1,96002,97002,continuous256,125,64,0.04499274310595065,0.07202771335371161,0.9983484723369116,0.9870630333058079,7266,32,0.40443145848551254,0.0205783261022372,,
1,96002,97002,continuous256,150,32,0.15271226415094338,0.20270958223910637,0.48928332217012727,0.4879437374413932,2986,31,0.7302585604472397,-0.07837718328543003,False,
1,96002,97002,continuous256,150,64,0.22952519178934272,0.25237256155885723,0.9286389910667368,0.9243300052548608,9515,32,0.41448183575358083,0.22403470926145866,,
1,96002,97002,continuous256,175,32,0.14386792452830188,0.17709552221971395,0.8963531669865643,0.8741431313408281,3647,32,0.6860113421550095,0.05648905593632547,False,
1,96002,97002,continuous256,175,64,0.1571635911258553,0.18507435020285984,0.9903010033444816,0.9659977703455964,8970,32,0.7951470494823096,0.15510095256562523,,
1,96002,97002,continuous256,200,32,0.20931603773584906,0.29339517783961766,0.7434706906558328,0.7365060940220546,3446,30,0.6438569206842923,0.013044439531284535,False,
1,96002,97002,continuous256,200,64,0.3084179970972424,0.33985479561152265,0.8412778393630959,0.8213241963115994,9923,32,0.6832958495195257,0.15922146544828755,,
1,96002,97002,continuous256,225,32,0.1948702830188679,0.27371626637996777,0.4027276373846771,0.3802647412755716,2493,27,0.850887127217818,-0.12093743090868889,False,
1,96002,97002,continuous256,225,64,0.41322828115280946,0.41763713812397085,0.5106291140606453,0.4734002374015323,9267,32,0.8296607941099132,-0.028625445378965997,,
1,96002,97002,continuous256,250,32,0.01179245283018868,0.013210102971386993,0.7949090909090909,0.7425454545454545,1375,26,0.8331374853113983,-0.0019898297590095204,False,
1,96002,97002,continuous256,250,64,0.01752021563342318,0.019565429092174076,0.6810576327205123,0.6234249122082215,4841,32,0.8579677844190051,-0.005138521947790672,,
1,96002,97002,continuous256,275,32,0.004422169811320755,0.024999942598826846,0.9147180192572214,0.889958734525447,727,19,0.7886959734022904,-0.0008843687817820106,False,
1,96002,97002,continuous256,275,64,0.014824797843665768,0.023568066942122268,0.8492239467849224,0.828634779854292,3157,32,0.6815789473684211,-0.0063989141236638625,,
1,96002,97002,continuous256,300,32,0.3004127358490566,0.3909754787459253,0.9328032828930495,0.9315209027955886,3899,30,0.3412579558217896,0.005637850983860271,False,False
1,96002,97002,continuous256,300,64,0.4388347501555049,0.4659569391904441,0.9061379455811011,0.8990719257540604,9482,32,0.45590199152296346,0.07753835712727539,,False
1,96002,97002,reset64x4,0,32,0.0,0.0,,,0,0,,0.0,False,
1,96002,97002,reset64x4,0,64,0.0,0.0,,,0,0,,0.0,,
1,96002,97002,reset64x4,25,32,0.00589622641509434,0.007186175073587523,0.2615868028279654,0.24901806755695208,1273,32,0.9566088117489987,-0.10380278576166262,False,
1,96002,97002,reset64x4,25,64,0.008811942774206926,0.008500490097961746,0.02373887240356083,0.02195845697329377,1685,32,0.9591705857203934,-0.02898902004508326,,
1,96002,97002,reset64x4,50,32,0.022110849056603772,0.025767290324095197,0.9461308251389483,0.943993159469859,2339,32,0.6532022322614935,0.002210921954454992,False,
1,96002,97002,reset64x4,50,64,0.004768816089570807,0.0052169068941974395,0.3904761904761905,0.3904761904761905,840,18,0.9392446633825944,-0.01236153864798701,,
1,96002,97002,reset64x4,75,32,0.0,0.0,0.7793650793650794,0.773015873015873,630,24,0.8411764705882353,-0.014260446606234801,False,
1,96002,97002,reset64x4,75,64,0.04457806344598798,0.07024957233393869,0.9200585651537335,0.9185944363103953,3415,32,0.44189212183086607,0.019124027437768143,,
1,96002,97002,reset64x4,100,32,0.001474056603773585,0.0017901453385324355,0.9579780755176613,0.9573690621193667,1642,32,0.4970568999345978,-0.0038691134202962496,False,
1,96002,97002,reset64x4,100,64,0.01389176860874974,0.021809454152935673,0.8057237204182719,0.8057237204182719,1817,32,0.6644214577820544,0.010713333494922074,,
1,96002,97002,reset64x4,125,32,0.002063679245283019,0.0022542421735970127,0.9843648208469056,0.9824104234527687,1535,31,0.48813169984686067,0.02465177979217334,False,
1,96002,97002,reset64x4,125,64,0.014928467758656437,0.019624010881447145,0.8856889676561808,0.874612317235268,2257,32,0.5650568181818182,0.03516978936907676,,
1,96002,97002,reset64x4,150,32,0.016214622641509434,0.02184141252269973,0.09763440860215054,0.09763440860215054,2325,32,0.9750049202912813,-0.22960424497015255,False,
1,96002,97002,reset64x4,150,64,0.019697283848227245,0.02395847533739272,0.2435450104675506,0.22191207257501744,1433,32,0.9606884228345716,-0.019826938458928182,,
1,96002,97002,reset64x4,175,32,0.00294811320754717,0.004582634807759621,0.06351791530944625,0.06297502714440825,1842,32,0.9897321428571428,-0.19058147247402168,False,
1,96002,97002,reset64x4,175,64,0.003110097449720091,0.0031279615583068472,0.045779685264663805,0.04005722460658083,1398,25,0.9878231712697433,-0.02952226288872191,,
1,96002,97002,reset64x4,200,32,0.006780660377358491,0.011367606907258807,0.03035964502568893,0.03035964502568893,2141,32,0.9965293845441925,-0.22949369887242982,False,
1,96002,97002,reset64x4,200,64,0.0,0.0,,,0,0,0.9995640802092415,0.00029085973289381197,,
1,96002,97002,reset64x4,225,32,0.01945754716981132,0.03243389584264154,0.8955745341614907,0.8955745341614907,2576,32,0.33137003841229196,0.1062347999115631,False,
1,96002,97002,reset64x4,225,64,0.0,0.0,,,0,0,1.0,0.0,,
1,96002,97002,reset64x4,250,32,0.03596698113207547,0.04901016311237627,0.7650214592274678,0.7628755364806867,2796,32,0.504653257280096,-0.04068096396197213,False,
1,96002,97002,reset64x4,250,64,0.00010366991499066971,0.00016801075268817206,0.0,0.0,12,3,1.0,-0.00029085973289381197,,
1,96002,97002,reset64x4,275,32,0.026238207547169812,0.029237695806263373,0.7942238267148014,0.7901624548736462,2216,32,0.4308365226899945,0.039686049082467395,False,
1,96002,97002,reset64x4,275,64,0.0,0.0,0.34235668789808915,0.3359872611464968,628,20,0.9621301775147929,-0.009162081586155075,,
1,96002,97002,reset64x4,300,32,0.09964622641509434,0.15035466230588843,0.0,0.0,2761,32,1.0,-0.3052177758125138,False,False
1,96002,97002,reset64x4,300,64,0.08345428156748912,0.08467598325342995,0.012754616409670664,0.012564249000571102,5253,32,0.9957666581999831,-0.12548173643260538,,False
2,96003,97003,reset64x4,0,32,0.0,0.0,,,0,0,,0.0,False,
2,96003,97003,reset64x4,0,64,0.0,0.0,,,0,0,,0.0,,
2,96003,97003,reset64x4,25,32,0.001474056603773585,0.0016835232576737475,0.020100502512562814,0.020100502512562814,796,32,0.9950076804915514,-0.0848994030510723,False,
2,96003,97003,reset64x4,25,64,0.0018660584698320546,0.0023547390454202906,0.004415011037527594,0.0,453,32,0.9822689706987228,-0.007610829677388079,,
2,96003,97003,reset64x4,50,32,0.010023584905660377,0.01006370034404694,0.9240356083086053,0.8991097922848664,1685,32,0.9445851804939835,0.012491709042670773,False,
2,96003,97003,reset64x4,50,64,0.015239477503628448,0.01772321204511844,0.8826466916354557,0.8639200998751561,1602,28,0.8977601706536645,0.0072714933223453,,
2,96003,97003,reset64x4,75,32,0.0,0.0,0.9769470404984424,0.9763239875389408,1605,32,0.7445191464484069,-0.003758567322573514,False,
2,96003,97003,reset64x4,75,64,0.04105328633630521,0.06948328108022953,0.9484170909895948,0.9127739650210317,4517,26,0.7308305118502291,-0.0005090045325641807,,
2,96003,97003,reset64x4,100,32,0.0,0.0,0.7528409090909091,0.7315340909090909,704,32,0.8882896764252697,0.038691134202962635,False,
2,96003,97003,reset64x4,100,64,0.00352477710968277,0.0035852151931571375,0.09363295880149813,0.06179775280898876,534,31,0.9852651417801764,0.008192549143175703,,
2,96003,97003,reset64x4,125,32,0.006780660377358491,0.01008056655769801,0.25524769101595296,0.24601175482787574,1191,31,0.9628428192273666,-0.08921070086225957,False,
2,96003,97003,reset64x4,125,64,0.008086253369272238,0.007723078046182519,0.4169996367598983,0.3697784235379586,2753,32,0.9367111431662459,-0.009137843275080597,,
2,96003,97003,reset64x4,150,32,0.01267688679245283,0.016858444941325854,0.7657295850066934,0.7295850066934404,1494,32,0.7971204188481675,0.00950696440415652,False,
2,96003,97003,reset64x4,150,64,0.01834957495334854,0.023371441517551564,0.7097253155159614,0.6310319227913883,2694,31,0.8935966868429436,-0.00438713430448167,,
2,96003,97003,reset64x4,175,32,0.023879716981132077,0.045586547380247186,0.520652728199898,0.5145334013258541,1961,32,0.8992843890803075,-0.0973911120937431,False,
2,96003,97003,reset64x4,175,64,0.10667634252539913,0.11643413912652749,0.8301029678982434,0.8096608116293156,6604,32,0.8159641553269167,-0.006374675812589381,,
2,96003,97003,reset64x4,200,32,0.031839622641509434,0.0334793697595965,0.5410138248847927,0.5313364055299539,2170,32,0.9209431345353676,-0.10214459429582134,False,
2,96003,97003,reset64x4,200,64,0.14565623056189095,0.1545220106061539,0.7808658471405665,0.7642971672902191,7484,32,0.8145922030219551,-0.009768039363017178,,
2,96003,97003,reset64x4,225,32,0.010318396226415094,0.01256864303339885,0.6830548926014319,0.6782816229116945,2095,32,0.8758045292014303,-0.06466946716780897,False,
2,96003,97003,reset64x4,225,64,0.102011196350819,0.11789506295954122,0.8935148118494796,0.8873765679210035,7494,32,0.6949741503517247,0.009137843275080604,,
2,96003,97003,reset64x4,250,32,0.012382075471698114,0.025570772565324806,0.8316076294277929,0.8277929155313352,1835,32,0.7854706684856753,-0.03128454565553837,False,
2,96003,97003,reset64x4,250,64,0.11849471283433548,0.15291654269663832,0.8609577609449224,0.855437154962126,7789,32,0.6455115604231021,-0.012846304869476688,,
2,96003,97003,reset64x4,275,32,0.0005896226415094339,0.000639024127906057,0.8542842483324782,0.8517188301693176,1949,32,0.6924040066777963,-0.03128454565553834,False,
2,96003,97003,reset64x4,275,64,0.040638606676342524,0.05605185301911182,0.8793054369484771,0.8670651864503274,7026,32,0.677056479962503,-0.016191191797755522,,
2,96003,97003,reset64x4,300,32,0.00029481132075471697,0.00038402457757296467,0.8764415156507414,0.8698517298187809,1821,32,0.7250706499798143,-0.015255361485739555,False,False
2,96003,97003,reset64x4,300,64,0.012751399543852375,0.01557142716458349,0.8265486725663717,0.8185036202735317,6215,32,0.6961445133459153,-0.024504932496303644,,False
2,96003,97003,continuous256,0,32,0.0,0.0,,,0,0,,0.0,False,
2,96003,97003,continuous256,0,64,0.0,0.0,,,0,0,,0.0,,
2,96003,97003,continuous256,25,32,0.0,0.0,0.9821428571428571,0.7053571428571429,112,32,0.9137371552190373,0.18151669246075613,False,
2,96003,97003,continuous256,25,64,0.0,0.0,0.9642857142857143,0.6785714285714286,56,32,0.9063334605112553,0.10626075575053931,,
2,96003,97003,continuous256,50,32,0.0,0.0,0.008448540706605223,0.007680491551459293,1302,32,1.0,-0.1321025867786867,False,
2,96003,97003,continuous256,50,64,0.00010366991499066971,0.00011120996441281138,0.0,0.0,1785,32,0.9995164744076811,-0.020117798191821995,,
2,96003,97003,continuous256,75,32,0.00972877358490566,0.010267603640989706,0.4935897435897436,0.25997150997151,1404,32,0.9995297437103221,-0.02166703515365906,False,
2,96003,97003,continuous256,75,64,0.04499274310595065,0.04971458188766408,0.503731343283582,0.24792703150912107,2412,32,0.9988365849293002,0.00499309208134377,,
2,96003,97003,continuous256,100,32,0.0023584905660377358,0.003193302410569963,0.8748473748473748,0.8284493284493285,1638,32,0.9995874587458746,0.008180411231483525,False,
2,96003,97003,continuous256,100,64,0.003213767364710761,0.004215288613921991,0.9758426966292135,0.8772471910112359,3560,32,0.9993324432576769,0.050391448723852914,,
2,96003,97003,continuous256,125,32,0.00294811320754717,0.002514522129506521,0.9625603864734299,0.9396135265700483,1656,32,0.9742951907131011,0.008290957329206289,False,
2,96003,97003,continuous256,125,64,0.030271615177275554,0.04896918437242376,0.9531785306433194,0.9111153406928055,5254,32,0.952280701754386,0.009816515985166141,,
2,96003,97003,continuous256,150,32,0.006485849056603774,0.006854927816887758,0.8730267673301304,0.8002745367192862,1457,31,0.9939495798319328,0.0,False,
2,96003,97003,continuous256,150,64,0.013580758863777732,0.01913275456713509,0.5868089233753637,0.4728419010669253,2062,32,0.9995121356262959,-0.003805414838694038,,
2,96003,97003,continuous256,175,32,0.013561320754716982,0.017597957292209605,0.9002808988764045,0.8431647940074907,2136,32,0.9755018713848248,0.02619942516029186,False,
2,96003,97003,continuous256,175,64,0.06583039601907527,0.08421715080244443,0.6561420818944252,0.4351258016773557,2027,31,0.9975520195838433,0.0035387934168747137,,
2,96003,97003,continuous256,200,32,0.03567216981132076,0.05203187337659965,0.9687282835302293,0.9360667129951356,2878,32,0.8828273244781784,0.0672120274154322,False,
2,96003,97003,continuous256,200,64,0.15477918308106986,0.15245780696027805,0.7774070543374643,0.6320305052430887,4196,31,0.9818835264779229,0.028746636934338418,,
2,96003,97003,continuous256,225,32,0.06869103773584906,0.12007738608549233,0.884756269371654,0.8667230205691744,3549,32,0.7527244421380384,-0.04267079372098165,False,
2,96003,97003,continuous256,225,64,0.24922247563756997,0.2685273511350286,0.8360046457607433,0.8054587688734031,8610,32,0.9290922347794386,-0.023753544852994635,,
2,96003,97003,continuous256,250,32,0.1409198113207547,0.19009111251940225,0.9849812265331664,0.9754693366708386,3995,32,0.6275948836234011,0.06102144594295822,False,
2,96003,97003,continuous256,250,64,0.4825834542815675,0.49420554033132846,0.9755373756817453,0.9583734359961501,12468,32,0.7935404019567396,0.09210558208304048,,
2,96003,97003,continuous256,275,32,0.047759433962264154,0.09498493909290444,0.9791053560918187,0.9735138316656857,3398,32,0.7219394588802571,0.01536590758346229,False,
2,96003,97003,continuous256,275,64,0.1546755131660792,0.18509205289468594,0.9387934278188887,0.9263765207575567,7973,32,0.8612820003969042,0.0057687180357272605,,
2,96003,97003,continuous256,300,32,0.04274764150943396,0.08531401262454795,0.8766355140186916,0.8613084112149533,2675,32,0.8871883485559121,0.01602918416979876,False,False
2,96003,97003,continuous256,300,64,0.10968277006012855,0.12696634514377866,0.7670196671709532,0.7365943856110271,5949,32,0.9607043719639139,0.017960588506192893,,False
3,96004,97004,continuous256,0,32,0.0,0.0,,,0,0,,0.0,False,
3,96004,97004,continuous256,0,64,0.0,0.0,,,0,0,,0.0,,
3,96004,97004,continuous256,25,32,0.0,0.0,0.14713896457765668,0.12534059945504086,367,32,0.9969460468272819,-0.03371655980543887,False,
3,96004,97004,continuous256,25,64,0.0003110097449720091,0.0002716833242059146,0.0,0.0,202,32,1.0,-0.004896138837045835,,
3,96004,97004,continuous256,50,32,0.009139150943396226,0.012092646298456444,0.1830102622576967,0.13568985176738882,1754,32,0.9868995633187773,-0.15365907583462302,False,
3,96004,97004,continuous256,50,64,0.018142235123367198,0.018751534098876744,0.0,0.0,2417,32,0.9987325728770595,-0.05773565697942168,,
3,96004,97004,continuous256,75,32,0.008254716981132075,0.007841602656763126,0.163575042158516,0.112141652613828,1186,32,0.9576599870717518,-0.10656643820473137,False,
3,96004,97004,continuous256,75,64,0.008397263114244246,0.009618362573661946,0.03291880029261156,0.005120702267739576,1367,32,0.9972205064854849,-0.029085973289381197,,
3,96004,97004,continuous256,100,32,0.0,0.0,0.8778625954198473,0.6564885496183206,131,32,0.9799592391304348,0.05715233252266195,False,
3,96004,97004,continuous256,100,64,0.0003110097449720091,0.0004894625756048387,0.2950191570881226,0.08045977011494253,261,29,0.9963836748751507,0.005841432968950723,,
3,96004,97004,continuous256,125,32,0.002063679245283019,0.002870707051823325,0.2554002541296061,0.1181702668360864,787,32,0.9824299065420561,-0.06091089984523546,False,
3,96004,97004,continuous256,125,64,0.0008293593199253577,0.0010116234237621102,0.14611260053619302,0.00804289544235925,746,32,0.9905172413793103,-0.009355988074750951,,
3,96004,97004,continuous256,150,32,0.001474056603773585,0.0018974431282605415,0.6842105263157895,0.05847953216374269,513,32,0.9862511457378552,0.00298474463851426,False,
3,96004,97004,continuous256,150,64,0.001451378809869376,0.0016841955875644761,0.37,0.047142857142857146,700,32,0.9953932775976796,-0.005671764791429333,,
3,96004,97004,continuous256,175,32,0.0,0.0,0.52,0.3333333333333333,75,26,0.8721709974853311,0.05914216228167146,False,
3,96004,97004,continuous256,175,64,0.00020733982998133942,0.00044040930979133224,0.5225225225225225,0.40540540540540543,111,24,0.8740569668976136,0.027534721380614198,,
3,96004,97004,continuous256,200,32,0.0038325471698113208,0.003988435443222295,0.8482412060301507,0.6703517587939698,995,32,0.848881239242685,0.06533274375414547,False,
3,96004,97004,continuous256,200,64,0.003835786854654779,0.004014233218265879,0.8611393692777213,0.6012207527975585,1966,32,0.8254665203073546,0.04537411833143467,,
3,96004,97004,continuous256,225,32,0.0,0.0,0.9221835075493612,0.9198606271777003,861,27,0.6848816029143898,0.0035374751271280147,False,
3,96004,97004,continuous256,225,64,0.00020733982998133942,0.00016937669376693767,1.0,1.0,1974,28,0.7051166965888689,0.016894102818915582,,
3,96004,97004,continuous256,250,32,0.0,0.0,0.9587988826815642,0.9497206703910615,1432,31,0.5563695563695563,0.06500110546097723,False,
3,96004,97004,continuous256,250,64,0.0066348745594028615,0.00715398193292672,0.9796291459911204,0.9754505092713502,3829,32,0.44247357550722877,0.09319630608139223,,
3,96004,97004,continuous256,275,32,0.0,0.0,0.9698870765370138,0.9686323713927227,1594,32,0.37976961843052554,0.09993367234136633,False,
3,96004,97004,continuous256,275,64,0.0147211279286751,0.013803057643725025,0.9991039426523297,0.9991039426523297,4464,32,0.27465806738574444,0.1089027316576581,,
3,96004,97004,continuous256,300,32,0.04805424528301887,0.05440529046292382,0.7402452619843924,0.7398736529171311,2691,32,0.5047097480832421,0.013265531726730007,False,False
3,96004,97004,continuous256,300,64,0.1215011403690649,0.12740271921774005,0.9324775353016688,0.9317073170731708,7790,32,0.23932208542331662,0.10376420970986741,,False
3,96004,97004,reset64x4,0,32,0.0,0.0,,,0,0,,0.0,False,
3,96004,97004,reset64x4,0,64,0.0,0.0,,,0,0,,0.0,,
3,96004,97004,reset64x4,25,32,0.004127358490566038,0.005258223108121688,0.6417218543046358,0.6033112582781457,1510,32,0.9697885196374623,-0.05184611983196992,False,
3,96004,97004,reset64x4,25,64,0.0068422143893842,0.007826122295785394,0.025867507886435333,0.012618296529968454,1585,32,0.9693430656934306,-0.012773589936253243,,
3,96004,97004,reset64x4,50,32,0.0,0.0,0.936761640027797,0.9291174426685198,1439,32,0.9038388445458001,-0.006964404156533294,False,
3,96004,97004,reset64x4,50,64,0.0,0.0,0.0,0.0,102,11,1.0,-0.0024723077295974016,,
3,96004,97004,reset64x4,75,32,0.08107311320754718,0.09721855412154208,0.9532520325203252,0.9515582655826558,2952,32,0.65995085995086,-0.0005527304886137618,False,
3,96004,97004,reset64x4,75,64,0.043334024466099935,0.07273326270493138,0.832289156626506,0.8320481927710843,4150,31,0.7546871195519844,-0.011876772426497331,,
3,96004,97004,reset64x4,100,32,0.02830188679245283,0.031649277298034684,0.9337868480725624,0.9328798185941043,2205,32,0.6930163447251114,0.010833517576829516,False,
3,96004,97004,reset64x4,100,64,0.00010366991499066971,0.0001838235294117647,0.125,0.125,184,8,0.9967147289651396,-0.0039023680829919772,,
3,96004,97004,reset64x4,125,32,0.0011792452830188679,0.001198964434258552,0.0,0.0,425,30,1.0,-0.04698209153216892,False,
3,96004,97004,reset64x4,125,64,0.00362844702467344,0.002965601865611215,0.0,0.0,139,26,1.0,-0.003369125239353322,,
3,96004,97004,reset64x4,150,32,0.00884433962264151,0.008598014715435203,0.0019206145966709346,0.0012804097311139564,1562,31,1.0,-0.17234136634976785,False,
3,96004,97004,reset64x4,150,64,0.00020733982998133942,0.00016711229946524063,0.0,0.0,31,6,1.0,-0.0007513876433090142,,
3,96004,97004,reset64x4,175,32,0.01061320754716981,0.013229259066497984,0.896640826873385,0.8940568475452196,2322,32,0.37507543753771877,0.04167587884147689,False,
3,96004,97004,reset64x4,175,64,0.0,0.0,,,0,0,1.0,0.0,,
3,96004,97004,reset64x4,200,32,0.0852004716981132,0.08437997019684867,0.02025036818851252,0.02025036818851252,2716,32,0.9527027027027027,-0.27194340039796594,False,
3,96004,97004,reset64x4,200,64,0.013788098693759071,0.022502920588780857,0.0,0.0,1581,29,1.0,-0.03832076980875972,,
3,96004,97004,reset64x4,225,32,0.009433962264150943,0.008323050264947436,0.0,0.0,996,32,1.0,-0.11010391333185938,False,
3,96004,97004,reset64x4,225,64,0.00020733982998133942,0.00019431984444786692,0.0,0.0,134,21,1.0,-0.0032479336839809003,,
3,96004,97004,reset64x4,250,32,0.032134433962264154,0.04734893449500404,0.018214936247723135,0.017304189435336976,2196,32,0.9943147208121828,-0.23656864912668582,False,
3,96004,97004,reset64x4,250,64,0.030686294837238233,0.030493574731610313,0.0,0.0,1114,27,1.0,-0.027001478536975543,,
3,96004,97004,reset64x4,275,32,0.00294811320754717,0.004816983621537702,0.6449893390191898,0.6428571428571429,1876,32,0.5512544802867384,-0.0254256024762326,False,
3,96004,97004,reset64x4,275,64,0.21791416131038774,0.23566356136188063,0.813665898134563,0.7932299308321107,9542,32,0.4632888135114126,0.020917662457279967,,
3,96004,97004,reset64x4,300,32,0.07075471698113207,0.11914492881433861,0.7746327481189538,0.7689000358294518,2791,32,0.5051595872330213,-0.00165819146584123,False,False
3,96004,97004,reset64x4,300,64,0.19324072154260832,0.21285481325488087,0.7013748027946811,0.6647509578544061,8874,32,0.6175794119475353,-0.009501417941197854,,False
4,96005,97005,reset64x4,0,32,0.0,0.0,,,0,0,,0.0,False,
4,96005,97005,reset64x4,0,64,0.0,0.0,,,0,0,,0.0,,
4,96005,97005,reset64x4,25,32,0.001768867924528302,0.0012672512672512674,0.292177191328935,0.28180961357210177,1061,32,0.9643652561247216,-0.08125138182622155,False,
4,96005,97005,reset64x4,25,64,0.0068422143893842,0.007010342131057817,0.0,0.0,849,32,1.0,-0.020578326102237195,,
4,96005,97005,reset64x4,50,32,0.0,0.0,0.9161716171617161,0.9141914191419142,1515,32,0.8716744913928013,-0.011054609772275042,False,
4,96005,97005,reset64x4,50,64,0.0,0.0,,,0,0,1.0,0.0,,
4,96005,97005,reset64x4,75,32,0.0,0.0,0.9558263518659559,0.955064737242955,1313,31,0.6490066225165563,-0.0044218439089100114,False,
4,96005,97005,reset64x4,75,64,0.0,0.0,0.0,0.0,6,2,1.0,-0.00014542986644690598,,
4,96005,97005,reset64x4,100,32,0.00029481132075471697,0.0004743833017077799,0.9860935524652339,0.9854614412136536,1582,32,0.522066034651847,0.005306212690692036,False,
4,96005,97005,reset64x4,100,64,0.0,0.0,0.0,0.0,63,7,1.0,-0.0015270135976925127,,
4,96005,97005,reset64x4,125,32,0.001474056603773585,0.0016791662901719827,0.9336521219366407,0.931261207411835,1673,32,0.6425406203840472,-0.007406588547424264,False,
4,96005,97005,reset64x4,125,64,0.047066141405764046,0.04930414283695145,0.6394316163410302,0.6394316163410302,2815,29,0.8779496443491024,0.024359502629856755,,
4,96005,97005,reset64x4,150,32,0.005306603773584905,0.006196545390093778,0.9665407447382622,0.9579060982191041,1853,32,0.5541937954806587,0.004532390006632747,False,
4,96005,97005,reset64x4,150,64,0.05328633630520423,0.06439827089972323,0.9063906390639064,0.8942394239423942,2222,28,0.8262556359442172,0.045931599486147806,,
4,96005,97005,reset64x4,175,32,0.001768867924528302,0.0033488471620392664,0.8597449908925319,0.8579234972677595,1647,32,0.6776781500707881,-0.015034269290294056,False,
4,96005,97005,reset64x4,175,64,0.025710138917686087,0.03476503415831298,0.7159468438538206,0.7159468438538206,602,24,0.7385910022656166,0.06934580798409967,,
4,96005,97005,reset64x4,200,32,0.022700471698113206,0.023537228493456467,0.9410905550146057,0.9250243427458618,2054,32,0.5454856361149111,0.0035374751271280147,False,
4,96005,97005,reset64x4,200,64,0.0,0.0,,,0,0,1.0,0.0,,
4,96005,97005,reset64x4,225,32,0.00972877358490566,0.014423393967010888,0.9820441988950276,0.9792817679558011,2172,32,0.3580669710806697,0.013044439531284535,False,
4,96005,97005,reset64x4,225,64,0.009019282604188265,0.007822637552749954,0.21663778162911612,0.21273830155979204,2308,32,0.9312177583242145,-0.04302300215720969,,
4,96005,97005,reset64x4,250,32,0.010318396226415094,0.013642454476393982,0.9915140687807057,0.9915140687807057,2239,32,0.27003891050583656,0.023546318814945816,False,
4,96005,97005,reset64x4,250,64,0.0021770682148040637,0.001838235294117647,0.5439560439560439,0.510989010989011,910,32,0.8580489938757655,0.0029570739510870886,,
4,96005,97005,reset64x4,275,32,0.015035377358490566,0.0190217587711599,0.14877300613496933,0.14877300613496933,2608,32,0.9193617021276596,-0.23800574839708155,False,
4,96005,97005,reset64x4,275,64,0.004457806344598797,0.004348871792306736,0.49191246431969554,0.46336822074215034,2102,32,0.7127507163323782,0.027195385025571416,,
4,96005,97005,reset64x4,300,32,0.0294811320754717,0.03508069257202919,0.928996282527881,0.928996282527881,2690,32,0.32350597609561754,0.04775591421622816,False,False
4,96005,97005,reset64x4,300,64,0.02135600248807796,0.018816582952408407,0.9901778603663393,0.9827448898327582,3767,32,0.27873734365693864,0.05858399786702863,,False
4,96005,97005,continuous256,0,32,0.0,0.0,,,0,0,,0.0,False,
4,96005,97005,continuous256,0,64,0.0,0.0,,,0,0,,0.0,,
4,96005,97005,continuous256,25,32,0.0,0.0,0.15742397137745975,0.14311270125223613,559,32,0.9239586245457087,0.03028963077603361,False,
4,96005,97005,continuous256,25,64,0.0,0.0,0.6923076923076923,0.5384615384615384,13,8,0.8636096906697963,0.12429405918995563,,
4,96005,97005,continuous256,50,32,0.0038325471698113208,0.005550957020780122,0.9311701081612586,0.7482792527040315,1017,32,0.9675550405561993,0.03382710590316161,False,
4,96005,97005,continuous256,50,64,0.0171055359734605,0.024129965334066104,0.9477937964176496,0.8171690694626474,4578,32,0.9241333481005648,0.037932956831567985,,
4,96005,97005,continuous256,75,32,0.0011792452830188679,0.0012674997158072386,0.9441375076734193,0.9165131982811541,1629,32,0.80926019124308,-0.002210921954454992,False,
4,96005,97005,continuous256,75,64,0.009848641924113622,0.012648953858307877,0.9785337456794615,0.9523376387120247,5497,32,0.8133116883116883,0.006035339457546585,,
4,96005,97005,continuous256,100,32,0.002063679245283019,0.0030278325781062103,0.8311688311688312,0.7333333333333333,1155,30,0.9187082405345212,0.01613973026752155,False,
4,96005,97005,continuous256,100,64,0.026332158407630105,0.0397384596501465,0.8886824010406987,0.8310722913956514,5381,32,0.9033592989289192,0.014542986644690586,,
4,96005,97005,continuous256,125,32,0.01945754716981132,0.024824313020389815,0.7204703367183325,0.6932121859967931,1871,32,0.8394183168316832,-0.004090205615741749,False,
4,96005,97005,continuous256,125,64,0.057951482479784364,0.08227181812903553,0.6292697290930507,0.5700824499411072,6792,32,0.8086290153264749,-0.03788448020941901,,
4,96005,97005,continuous256,150,32,0.028596698113207548,0.03183497438072673,0.7942908926144087,0.7784322609877662,2207,32,0.6778364116094987,-0.020451028078708827,False,
4,96005,97005,continuous256,150,64,0.08376529131246112,0.1206142159896014,0.9305162922184199,0.9165302782324058,6721,31,0.43928491117607377,0.011440482827156595,,
4,96005,97005,continuous256,175,32,0.041568396226415096,0.042731542768688686,0.8134358559287738,0.7907729664103602,2471,32,0.5355206073752712,0.01039133318593849,False,
4,96005,97005,continuous256,175,64,0.0999377980510056,0.1344975919787459,0.9515197186636524,0.9473750313991459,7962,32,0.22291715836676895,-0.006059577768621094,,
4,96005,97005,continuous256,200,32,0.1650943396226415,0.19680868312361338,0.4769481844145247,0.26438188494492043,2451,27,0.8998096556497664,-0.08279902719434001,False,
4,96005,97005,continuous256,200,64,0.5789964752228903,0.5743384783307153,0.5967729423628888,0.4041579396478163,12891,32,0.7700118740531466,-0.011173861405337271,,
4,96005,97005,continuous256,225,32,0.10436320754716981,0.13919482048303697,0.9555436529191216,0.9014461703267274,3734,32,0.5550541516245487,0.009506964404156548,False,
4,96005,97005,continuous256,225,64,0.18867924528301888,0.21101364497142489,0.9712882096069869,0.9281659388646288,9160,32,0.5227599020353011,0.030273650532030905,,
4,96005,97005,continuous256,250,32,0.08018867924528301,0.11806637241922315,0.6467158958414302,0.6354450058297707,2573,30,0.7589653145208701,-0.010501879283661308,False,
4,96005,97005,continuous256,250,64,0.19282604188264565,0.2097487496865783,0.7461406518010292,0.7365994854202401,9328,32,0.7283830744071954,0.1475870761325351,,
4,96005,97005,continuous256,275,32,0.03449292452830189,0.047305813155979544,0.7699509585376728,0.7521176995095854,2243,32,0.7552168815943728,0.002432014149900491,False,
4,96005,97005,continuous256,275,64,0.09713871034625751,0.1292201902297327,0.7367848070642313,0.7073908310148784,8267,32,0.7295262447617018,0.0331095329277456,,
4,96005,97005,continuous256,300,32,0.057193396226415096,0.10969238365806198,0.5941011235955056,0.5709269662921348,1424,25,0.8566750629722922,-0.04034932566880389,False,False
4,96005,97005,continuous256,300,64,0.16276176653535143,0.19723557940760222,0.41777644770312733,0.38934610204997755,6683,32,0.858628874616029,-0.06478900550209661,,False
5,96006,97006,continuous256,0,32,0.0,0.0,,,0,0,,0.0,False,
5,96006,97006,continuous256,0,64,0.0,0.0,,,0,0,,0.0,,
5,96006,97006,continuous256,25,32,0.00029481132075471697,0.0004189359028068706,0.9961538461538462,0.7230769230769231,260,32,0.6357254290171607,0.1799690470926376,False,
5,96006,97006,continuous256,25,64,0.0005183495749533486,0.00044114846349010327,0.3411458333333333,0.22916666666666666,384,31,0.8578199052132701,0.026298567515815496,,
5,96006,97006,continuous256,50,32,0.0,0.0,0.9545454545454546,0.7651515151515151,132,32,0.7732758620689655,0.1156312182179969,False,
5,96006,97006,continuous256,50,64,0.00010366991499066971,8.87784090909091e-05,0.6574074074074074,0.46296296296296297,108,32,0.8415901401643306,0.06491019705746903,,
5,96006,97006,continuous256,75,32,0.00294811320754717,0.0037114845938375353,0.1503184713375796,0.14904458598726114,785,28,0.9757639620653319,-0.05936325447711696,False,
5,96006,97006,continuous256,75,64,0.009226622434169603,0.016160971714331798,0.0547945205479452,0.05136986301369863,876,22,0.9559000109158389,0.015367089221223065,,
5,96006,97006,continuous256,100,32,0.000884433962264151,0.0009655308848857235,0.5671794871794872,0.556923076923077,975,29,0.9056931768796176,-0.03482202078266637,False,
5,96006,97006,continuous256,100,64,0.01389176860874974,0.02240904835590242,0.7719001269572577,0.7342361404993653,2363,28,0.9060069501903029,0.036502896478173404,,
5,96006,97006,continuous256,125,32,0.0011792452830188679,0.001093189964157706,0.9314697926059513,0.9062218214607755,1109,28,0.7365296803652968,0.004421843908909998,False,
5,96006,97006,continuous256,125,64,0.01047066141405764,0.017496497954485664,0.9040681693238043,0.8746564046179219,3638,31,0.6448938321536906,0.0007998642654579863,,
5,96006,97006,continuous256,150,32,0.02535377358490566,0.025572781871447056,0.947606142728094,0.9263775971093045,2214,32,0.4967958498626793,0.06212690692018574,False,
5,96006,97006,continuous256,150,64,0.06645241550901929,0.0888271276827247,0.9782354659655274,0.9741454864154251,6846,32,0.30713669685209144,0.029134449911530164,,
5,96006,97006,continuous256,175,32,0.03419811320754717,0.04203807401794613,0.8893871449925261,0.8871449925261584,2676,32,0.4482673875645122,0.07483970815830204,False,
5,96006,97006,continuous256,175,64,0.16172506738544473,0.19542469129015758,0.9990823583390686,0.9959853177334251,8718,32,0.2280022136137244,0.13864313934605038,,
5,96006,97006,continuous256,200,32,0.08372641509433962,0.1310593487417721,0.9547028274668206,0.9547028274668206,3466,32,0.16944875776397517,0.13177094848551846,False,
5,96006,97006,continuous256,200,64,0.19977192618702053,0.22434338932456038,1.0,0.9993588373584099,9358,32,0.06546731956568022,0.22856727343238725,,
5,96006,97006,continuous256,225,32,0.21255896226415094,0.25874435821070924,0.7815261044176707,0.7815261044176707,3735,32,0.34181343770384864,0.05449922617731595,False,
5,96006,97006,continuous256,225,64,0.31183910429193445,0.3361586679439098,0.8801332941291777,0.8796432421836715,10203,32,0.17123538011695907,0.21695712242770923,,
5,96006,97006,continuous256,250,32,0.03567216981132076,0.07934982978152551,0.2703252032520325,0.26473577235772355,1968,32,0.9621658359764386,-0.1281229272606677,False,
5,96006,97006,continuous256,250,64,0.09879742898610823,0.13102322145368883,0.4290770487340049,0.42485706506942555,7346,32,0.9379969024264326,-0.015633710643042392,,
5,96006,97006,continuous256,275,32,0.10406839622641509,0.1556226573327196,0.3651729559748428,0.3651729559748428,2544,30,0.7394124380007631,-0.12944948043334067,False,
5,96006,97006,continuous256,275,64,0.20692515032137673,0.24994353285811316,0.4093581577658011,0.4093581577658011,8164,32,0.64350630313691,-0.019172504059917106,,
5,96006,97006,continuous256,300,32,0.08579009433962265,0.1259407289216686,0.7689804772234273,0.7689804772234273,3688,32,0.2564178661522481,0.1491266858279902,False,False
5,96006,97006,continuous256,300,64,0.11300020733982998,0.13832198824881015,0.6007738304607808,0.6007738304607808,8529,32,0.38403357468984917,0.11767700026662142,,False
5,96006,97006,reset64x4,0,32,0.0,0.0,,,0,0,,0.0,False,
5,96006,97006,reset64x4,0,64,0.0,0.0,,,0,0,,0.0,,
5,96006,97006,reset64x4,25,32,0.001768867924528302,0.0020255325693636144,0.9149868536371604,0.9035933391761612,1141,32,0.6987542468856173,0.04366570860048641,False,
5,96006,97006,reset64x4,25,64,0.0013477088948787063,0.0017587100642995081,0.5355805243445693,0.48314606741573035,534,32,0.7762390670553936,0.008313740698548124,,
5,96006,97006,reset64x4,50,32,0.02240566037735849,0.034269370415189834,0.9155478562148116,0.9138155045474231,2309,32,0.7074970484061394,0.0009949148795047602,False,
5,96006,97006,reset64x4,50,64,0.015446817333609787,0.02505900809020127,0.9204647006255585,0.9168900804289544,2238,32,0.6721656153970564,0.03216423879584071,,
5,96006,97006,reset64x4,75,32,0.000884433962264151,0.00044189129474149356,0.9124149659863946,0.9115646258503401,1176,29,0.6749042812391228,-0.009175326110988286,False,
5,96006,97006,reset64x4,75,64,0.014617458013684428,0.01431207005791314,0.7368094351334574,0.7250155183116077,1611,32,0.6953748006379585,0.014542986644690593,,
5,96006,97006,reset64x4,100,32,0.012087264150943397,0.010895001619172265,0.7769973661106233,0.7690956979806848,1139,29,0.7255238749570594,-0.01713464514702631,False,
5,96006,97006,reset64x4,100,64,0.030893634667219574,0.04394462618598903,0.5632183908045977,0.49377394636015326,2088,32,0.8876106194690265,0.0018421116416608083,,
5,96006,97006,reset64x4,125,32,0.00589622641509434,0.0028989441531154544,0.4227941176470588,0.4209558823529412,544,28,0.9284615384615384,-0.03371655980543886,False,
5,96006,97006,reset64x4,125,64,0.0003110097449720091,0.00026280323450134774,0.0,0.0,18,7,1.0,-0.0004362895993407179,,
5,96006,97006,reset64x4,150,32,0.014150943396226415,0.009172223873581183,0.8222357971899816,0.8173488087965791,1637,31,0.5463472113118617,-0.02122485076276806,False,
5,96006,97006,reset64x4,150,64,0.0,0.0,,,0,0,1.0,0.0,,
5,96006,97006,reset64x4,175,32,0.08608490566037735,0.08766491850765146,0.0158166559070368,0.015171078114912848,3098,32,0.9882575757575758,-0.33384921512270616,False,
5,96006,97006,reset64x4,175,64,0.003110097449720091,0.0035626353879840296,0.0,0.0,495,30,1.0,-0.011997963981869744,,
5,96006,97006,reset64x4,200,32,0.07340801886792453,0.0811343280980257,0.10796812749003984,0.10677290836653386,2510,32,0.9093993214927161,-0.21954455007738224,False,
5,96006,97006,reset64x4,200,64,0.004250466514617458,0.003177295940717063,0.0640176600441501,0.06181015452538632,453,18,0.9872057818146304,-0.007126063455898393,,
5,96006,97006,reset64x4,225,32,0.11379716981132075,0.14146259926218263,0.07317979197622586,0.07020802377414562,2692,32,0.9611940298507463,-0.2671899181958877,False,
5,96006,97006,reset64x4,225,64,0.07619738751814223,0.0687535283506164,0.0002199736031676199,0.0002199736031676199,4546,32,0.9998437133703212,-0.1101388855224568,,
5,96006,97006,reset64x4,250,32,0.031839622641509434,0.041118314687001646,0.0,0.0,994,32,1.0,-0.10988282113641389,False,
5,96006,97006,reset64x4,250,64,0.00704955421936554,0.00971507531991051,0.0,0.0,854,31,1.0,-0.020699517657609617,,
5,96006,97006,reset64x4,275,32,0.05336084905660377,0.06318869419864397,0.6719674556213018,0.6464497041420119,2704,32,0.42709104367135453,0.11253592748175989,False,
5,96006,97006,reset64x4,275,64,0.006738544474393531,0.005822923669198953,0.38584974471188915,0.3508388037928519,1371,28,0.8637208341936816,0.02288096565431321,,
5,96006,97006,reset64x4,300,32,0.13620283018867924,0.1854836563743399,0.0,0.0,2706,32,1.0,-0.29913774043776253,False,False
5,96006,97006,reset64x4,300,64,0.06282396848434585,0.06476439279261575,0.0,0.0,4103,32,1.0,-0.0994497903386092,,False
6,96007,97007,reset64x4,0,32,0.0,0.0,,,0,0,,0.0,False,
6,96007,97007,reset64x4,0,64,0.0,0.0,,,0,0,,0.0,,
6,96007,97007,reset64x4,25,32,0.001768867924528302,0.0021415175589748646,0.0,0.0,531,32,1.0,-0.05869997789078046,False,
6,96007,97007,reset64x4,25,64,0.004043126684636119,0.003209284554294283,0.0,0.0,1078,32,1.0,-0.02612889933829411,,
6,96007,97007,reset64x4,50,32,0.014150943396226415,0.011291892027417639,0.9575841401567543,0.9566620562471185,2169,32,0.6643379906852961,0.001105460977227496,False,
6,96007,97007,reset64x4,50,64,0.06997719261870206,0.10458301677594081,0.9391450125733445,0.9374685666387259,5965,32,0.5429380030069868,0.036090845189907156,,
6,96007,97007,reset64x4,75,32,0.0,0.0,0.8071065989847716,0.8071065989847716,197,8,0.9217134416543574,-0.003979659518019013,False,
6,96007,97007,reset64x4,75,64,0.0,0.0,,,0,0,1.0,0.0,,
6,96007,97007,reset64x4,100,32,0.0,0.0,0.9317343173431735,0.9317343173431735,542,29,0.6444759206798867,-0.0038691134202962635,False,
6,96007,97007,reset64x4,100,64,0.0,0.0,0.7483731019522777,0.7440347071583514,461,15,0.8827586206896552,-0.002641975907118793,,
6,96007,97007,reset64x4,125,32,0.0,0.0,0.9852941176470589,0.9852941176470589,1428,32,0.24208772903942255,0.00972805659960202,False,
6,96007,97007,reset64x4,125,64,0.011507360563964338,0.009363524652167776,0.9995821145006268,0.9979105725031342,2393,32,0.41514304151430415,0.018905882638097782,,
6,96007,97007,reset64x4,150,32,0.015625,0.02349114569882744,0.9405560882070949,0.9391179290508149,2086,32,0.2590539541759054,0.006632765863365003,False,
6,96007,97007,reset64x4,150,64,0.047377151150736055,0.05186662627319058,0.9965975873801423,0.9927312094030313,6466,32,0.1285426460711887,0.015415565843372031,,
6,96007,97007,reset64x4,175,32,0.0047169811320754715,0.003727297370561128,0.9880270692347736,0.9880270692347736,1921,32,0.06590801327643434,0.012491709042670773,False,
6,96007,97007,reset64x4,175,64,0.02063031308314327,0.022138683548543148,0.9995934959349594,0.9991869918699187,4920,32,0.04703266632461091,0.021935671522408315,,
6,96007,97007,reset64x4,200,32,0.01650943396226415,0.01573161741508296,0.987363834422658,0.9869281045751634,2295,32,0.09752493535278907,0.028631439310192353,False,
6,96007,97007,reset64x4,200,64,0.10149284677586565,0.11909026358183376,1.0,1.0,7659,32,0.04367059891107078,0.027655912935986626,,
6,96007,97007,reset64x4,225,32,0.006780660377358491,0.005992463352117704,0.818276220145379,0.818276220145379,963,29,0.6428571428571429,-0.009728056599602034,False,
6,96007,97007,reset64x4,225,64,0.04001658718639851,0.04263039106624971,0.8602636534839925,0.860075329566855,5310,32,0.34614443084455326,0.0025207843517463524,,
6,96007,97007,reset64x4,250,32,0.024174528301886794,0.022226677450076674,0.707808564231738,0.707808564231738,1588,32,0.5549772283669486,-0.019566659296926803,False,
6,96007,97007,reset64x4,250,64,0.09071117561683599,0.09608664040408367,0.9565986394557823,0.9561904761904761,7350,32,0.10189150606709493,0.07237559686841022,,
6,96007,97007,reset64x4,275,32,0.016804245283018868,0.016658110165772108,0.9965171963430561,0.9952111449717023,2297,32,0.05436013590033975,0.0336060137077161,False,
6,96007,97007,reset64x4,275,64,0.0770267468380676,0.07758907212327362,1.0,0.9998539079620161,6845,32,0.04574780058651026,0.04062340936083572,,
6,96007,97007,reset64x4,300,32,0.039504716981132074,0.037695008702640816,0.9355547418528012,0.9355547418528012,2731,32,0.10678807947019868,0.0644483749723635,False,False
6,96007,97007,reset64x4,300,64,0.15011403690648972,0.1744438566129979,0.9976448422044277,0.9976448422044277,8492,32,0.03020961775585697,0.06832779891897131,,False
6,96007,97007,continuous256,0,32,0.0,0.0,,,0,0,,0.0,False,
6,96007,97007,continuous256,0,64,0.0,0.0,,,0,0,,0.0,,
6,96007,97007,continuous256,25,32,0.0,0.0,0.11320754716981132,0.10849056603773585,212,32,0.9938472674629026,-0.020672120274154323,False,
6,96007,97007,continuous256,25,64,0.0,0.0,0.0125,0.0125,80,32,0.9998833138856477,-0.001914826574884262,,
6,96007,97007,continuous256,50,32,0.0038325471698113208,0.010668386917814387,0.9634235552304315,0.9356254572055597,1367,32,0.744598516607546,0.08633650232146806,False,
6,96007,97007,continuous256,50,64,0.013166079203815052,0.020723018274123983,0.7748917748917749,0.2741702741702742,1386,32,0.7468954403260972,0.10735147974889109,,
6,96007,97007,continuous256,75,32,0.0,0.0,0.7272727272727273,0.7235772357723578,1353,32,0.7282850779510023,-0.04057041786424939,False,
6,96007,97007,continuous256,75,64,0.014617458013684428,0.027581745228040525,0.0,0.0,1094,32,0.9998910556705524,-0.026492474004411373,,
6,96007,97007,continuous256,100,32,0.0005896226415094339,0.00040125644964354647,0.6546018614270941,0.6390899689762151,967,31,0.7909547738693468,-0.031726730046429355,False,
6,96007,97007,continuous256,100,64,0.005287165664524155,0.006838441734422815,0.0,0.0,379,29,1.0,-0.009186319897229562,,
6,96007,97007,continuous256,125,32,0.003242924528301887,0.0018703642174164978,0.571583514099783,0.4609544468546638,922,32,0.8442194644023514,-0.000773822684059261,False,
6,96007,97007,continuous256,125,64,0.0016587186398507154,0.0020372739178723467,0.21495327102803738,0.02570093457943925,428,31,0.9923290354170067,0.0036842232833216183,,
6,96007,97007,continuous256,150,32,0.00029481132075471697,0.00041356492969396195,0.9675767918088737,0.9598976109215017,1172,27,0.5168393782383419,0.05516250276365242,False,
6,96007,97007,continuous256,150,64,0.008293593199253577,0.010265283097166724,1.0,0.9836653386454183,2510,29,0.3840836283931883,0.0726906949123785,,
6,96007,97007,continuous256,175,32,0.00029481132075471697,0.00012218963831867058,0.8968609865470852,0.8946188340807175,1338,31,0.48139880952380953,0.05593632544771171,False,
6,96007,97007,continuous256,175,64,0.0003110097449720091,0.00026633522727272725,1.0,0.9986369831894594,2201,30,0.2794328786791098,0.07632644157355117,,
6,96007,97007,continuous256,200,32,0.0038325471698113208,0.003281439337630805,0.5083916083916084,0.5076923076923077,1430,32,0.7247879359095193,-0.045655538359495915,False,
6,96007,97007,continuous256,200,64,0.0033174372797014308,0.0032584397116409234,0.9131233595800525,0.9118110236220472,3810,32,0.20812745790057477,0.1212642703056451,,
6,96007,97007,continuous256,225,32,0.002063679245283019,0.001483582128743419,0.7332945961650204,0.7332945961650204,1721,32,0.503209242618742,0.00022109219544549918,False,
6,96007,97007,continuous256,225,64,0.0034211071946921,0.0037103075125177873,0.9740835862713052,0.9738501050665421,4283,32,0.14049295774647888,0.0952808008337979,,
6,96007,97007,continuous256,250,32,0.01061320754716981,0.013012078960101463,0.14662576687116563,0.14539877300613496,1630,32,0.9037220843672457,-0.13508733141720097,False,
6,96007,97007,continuous256,250,64,0.0026954177897574125,0.00358445854338622,0.65769481224224,0.6563924462774039,4607,32,0.5004955401387512,0.03451535497006568,,
6,96007,97007,continuous256,275,32,0.006191037735849057,0.010680759257609352,0.6425269645608629,0.640472521828454,1947,32,0.5536456889381758,-0.018240106124253808,False,
6,96007,97007,continuous256,275,64,0.0015550487248600455,0.0018105989794790665,0.867142528206309,0.8627676721160488,4343,32,0.27152229214084883,0.039047919140994244,,
6,96007,97007,continuous256,300,32,0.004127358490566038,0.003395715818540027,0.46308360477741584,0.44788273615635177,1842,32,0.7283653846153846,-0.06898076497899625,False,False
6,96007,97007,continuous256,300,64,0.0009330292349160273,0.0007668448965129322,0.8615423771952151,0.8505981165691016,3929,32,0.3486100676183321,0.0250624136510168,,False
7,96008,97008,continuous256,0,32,0.0,0.0,,,0,0,,0.0,False,
7,96008,97008,continuous256,0,64,0.0,0.0,,,0,0,,0.0,,
7,96008,97008,continuous256,25,32,0.0,0.0,0.6229508196721312,0.46557377049180326,305,32,0.9847359735973598,-0.007406588547424275,False,
7,96008,97008,continuous256,25,64,0.0,0.0,0.3269961977186312,0.1482889733840304,263,32,0.9954960921976421,-0.0029570739510870877,,
7,96008,97008,continuous256,50,32,0.0,0.0,1.0,0.3333333333333333,15,15,0.7935590421139554,0.08390448817156754,False,
7,96008,97008,continuous256,50,64,0.0,0.0,1.0,0.2727272727272727,11,11,0.8251376495158534,0.05761446542404926,,
7,96008,97008,continuous256,75,32,0.0,0.0,0.6928104575163399,0.27450980392156865,306,32,0.9824060865430337,0.04952465177979217,False,
7,96008,97008,continuous256,75,64,0.0018660584698320546,0.002507733251541029,0.6535433070866141,0.11181102362204724,635,32,0.9861495844875346,0.06951547616162106,,
7,96008,97008,continuous256,100,32,0.0005896226415094339,0.0009487666034155598,0.4620770128354726,0.34655775962660446,857,32,0.9551004332414337,0.01768737563564006,False,
7,96008,97008,continuous256,100,64,0.00020733982998133942,0.000180635838150289,0.03328981723237598,0.013054830287206266,1532,32,0.9810136391816491,0.017209200862883876,,
7,96008,97008,continuous256,125,32,0.003242924528301887,0.005554854226580981,0.36769759450171824,0.3393470790378007,1164,32,0.9622526636225266,-0.021556489055936323,False,
7,96008,97008,continuous256,125,64,0.030789964752228904,0.034658297447939156,0.07762438134930971,0.0659025787965616,3839,32,0.9912921555604752,-0.06476476719102213,,
7,96008,97008,continuous256,150,32,0.003537735849056604,0.005692599620493359,0.9974042829331603,0.9837767683322518,1541,32,0.9068100358422939,0.06522219765642273,False,
7,96008,97008,continuous256,150,64,0.04851752021563342,0.06645530364026458,0.5173486480019144,0.43646805455850685,4179,32,0.9638706189746824,0.014155173667498841,,
7,96008,97008,continuous256,175,32,0.03449292452830189,0.04107516972377698,0.3092105263157895,0.27941176470588236,2584,32,0.9400177069499779,-0.19190802564669468,False,
7,96008,97008,continuous256,175,64,0.07018453244868339,0.08758986561409882,0.2399432087079981,0.16398485565546617,4226,32,0.9576394750978436,-0.05448772329544077,,
7,96008,97008,continuous256,200,32,0.022110849056603772,0.02051727704511822,0.8699222126188418,0.8500432152117545,2314,32,0.7819420783645656,-0.023325226619500344,False,
7,96008,97008,continuous256,200,64,0.0838689612274518,0.11073794978087234,0.9061125436068558,0.8886698013044138,6593,32,0.6687826086956522,0.02772862786921007,,
7,96008,97008,continuous256,225,32,0.0,0.0,0.9448924731182796,0.9435483870967742,1488,32,0.5468489496498833,0.043112978111872646,False,
7,96008,97008,continuous256,225,64,0.00010366991499066971,0.0001849112426035503,0.0,0.0,1,1,1.0,-2.423831107448433e-05,,
7,96008,97008,continuous256,250,32,0.022110849056603772,0.021558975136079697,0.6486042692939245,0.6420361247947455,2436,32,0.6627066115702479,-0.09086889232810083,False,
7,96008,97008,continuous256,250,64,0.0074642338793282186,0.006443987430391335,0.0054288816503800215,0.0054288816503800215,921,32,0.9998858056412013,-0.022202292944227646,,
7,96008,97008,continuous256,275,32,0.02152122641509434,0.029543047137731156,0.9050914483440435,0.7419673751853683,2023,32,0.5712294396431559,0.022661950033163847,False,
7,96008,97008,continuous256,275,64,0.01047066141405764,0.010968165408830069,0.6434001382170007,0.35729094678645473,1447,32,0.9363182773109243,-0.005332428436386549,,
7,96008,97008,continuous256,300,32,0.007370283018867925,0.010840243840145692,0.9626119010005266,0.9599789362822538,1899,32,0.5004289390906491,0.07307097059473802,False,False
7,96008,97008,continuous256,300,64,0.0003110097449720091,0.00039153650871823735,0.2103413654618474,0.18724899598393574,1992,28,0.9557232704402516,-0.03788448020941901,,False
7,96008,97008,reset64x4,0,32,0.0,0.0,,,0,0,,0.0,False,
7,96008,97008,reset64x4,0,64,0.0,0.0,,,0,0,,0.0,,
7,96008,97008,reset64x4,25,32,0.006780660377358491,0.006965268090081438,0.9348079161816065,0.9161816065192084,1718,32,0.7309180443193809,0.033606013707716126,False,
7,96008,97008,reset64x4,25,64,0.005805515239477504,0.006899494050853411,0.20762286860581744,0.20361083249749248,1994,32,0.9235807860262009,-0.033351916038490435,,
7,96008,97008,reset64x4,50,32,0.02535377358490566,0.02934988002251734,0.9418103448275862,0.9383620689655172,2320,32,0.5765355866103348,0.004642936104355511,False,
7,96008,97008,reset64x4,50,64,0.07588637777317023,0.10641910629382502,0.9643986254295532,0.963298969072165,7275,32,0.5252674610768027,0.023995927963739477,,
7,96008,97008,reset64x4,75,32,0.004127358490566038,0.0062049335863377615,0.9670804101457097,0.960604425256341,1853,32,0.49668683376548545,0.001105460977227496,False,
7,96008,97008,reset64x4,75,64,0.0,0.0,0.7538461538461538,0.7230769230769231,65,6,0.9940189832271487,0.0014058220423200912,,
7,96008,97008,reset64x4,100,32,0.0,0.0,0.9764837625979843,0.9764837625979843,893,32,0.6212325686009896,-0.0009949148795047463,False,
7,96008,97008,reset64x4,100,64,0.0009330292349160273,0.0016671635965828631,0.9539530842745438,0.9539530842745438,2302,31,0.6811035758323057,-0.0014300603533945813,,
7,96008,97008,reset64x4,125,32,0.002063679245283019,0.0032097883141526404,0.934151065203357,0.9264041316978696,1549,32,0.40931372549019607,-0.00044218439089099837,False,
7,96008,97008,reset64x4,125,64,0.08925979680696662,0.11413728516581911,0.7828692280578076,0.7581952767007403,2837,32,0.7148846960167715,-0.0014542986644690697,,
7,96008,97008,reset64x4,150,32,0.010318396226415094,0.014955588052056169,0.9888931443891229,0.9862121792416698,2611,32,0.19007977800901837,0.01801901392880828,False,
7,96008,97008,reset64x4,150,64,0.2172921418204437,0.24960506593017115,0.9998958441828976,0.997291948755338,9601,32,0.10862677650040735,0.03475773808081051,,
7,96008,97008,reset64x4,175,32,0.13295990566037735,0.16263661916654928,0.9997498123592694,0.9989992494370779,3997,32,0.1481810115350488,0.05582577934998895,False,
7,96008,97008,reset64x4,175,64,0.39778146381919965,0.43189894026314085,1.0,0.9994066790981523,11798,32,0.08770921170307909,0.0934386891921371,,
7,96008,97008,reset64x4,200,32,0.47110849056603776,0.5421565119411558,0.9104027568382511,0.908895110919664,4643,32,0.3253846153846154,0.05217775812513814,False,
7,96008,97008,reset64x4,200,64,0.8458428364088741,0.8164907200941856,0.986487250522983,0.9859218635155764,17687,32,0.09389575321168481,0.1496230942627918,,
7,96008,97008,reset64x4,225,32,0.6217570754716981,0.6784629490229546,1.0,0.9998357694202661,6089,32,0.07633587786259542,0.10888790625690914,False,
7,96008,97008,reset64x4,225,64,0.9437072361600664,0.9259099152233312,1.0,0.9996023856858847,20120,32,0.044500977030564465,0.1696681775213903,,
7,96008,97008,reset64x4,250,32,0.8387382075471698,0.8730711044944548,1.0,0.9992748368382887,6895,32,0.05984311740890688,0.11154101260225524,True,
7,96008,97008,reset64x4,250,64,0.9856935517312876,0.9833928698965957,1.0,0.999731675685345,22361,32,0.0381808704717227,0.20202632280582689,,
7,96008,97008,reset64x4,275,32,0.953125,0.9666874109658922,1.0,1.0,7436,32,0.0326934264107039,0.12812292726066765,True,
7,96008,97008,reset64x4,275,64,0.9949201741654572,0.9941904524768168,1.0,0.9997910834412735,23933,32,0.027567115545430954,0.2604406524953341,,
7,96008,97008,reset64x4,300,32,0.7243514150943396,0.7427053214168787,0.623973176865046,0.623973176865046,5965,31,0.5628749558875427,-0.23468936546539904,False,False
7,96008,97008,reset64x4,300,64,0.49357246527057846,0.5091888962866613,0.1614723926380368,0.16139059304703476,12225,32,0.9178307026120966,-0.2375839251520954,,False
