size,arm,cohort,metric,numerator,denominator,pooled,map_mean,valid_maps
32,FF,keep,immediate64,20762,20762,1.0,1.0,110
32,FF,keep,continuous64_256,12,20762,0.0005779790000963298,0.0008522727272727272,110
32,FF,keep,endpoint128,1266,20762,0.0609767845101628,0.06295922422522973,110
32,FF,keep,endpoint256,12,20762,0.0005779790000963298,0.0008522727272727272,110
32,FF,keep,ever_after64,20588,20762,0.9916193044986032,0.9814841118460469,110
32,FF,keep,sustained241_256,12,20762,0.0005779790000963298,0.0008522727272727272,110
32,FF,keep,delayed_sustained,0,20762,0.0,0.0,110
32,FF,rescue,immediate64,0,6130,0.0,0.0,42
32,FF,rescue,continuous64_256,0,6130,0.0,0.0,42
32,FF,rescue,endpoint128,0,6130,0.0,0.0,42
32,FF,rescue,endpoint256,0,6130,0.0,0.0,42
32,FF,rescue,ever_after64,0,6130,0.0,0.0,42
32,FF,rescue,sustained241_256,0,6130,0.0,0.0,42
32,FF,rescue,delayed_sustained,0,6130,0.0,0.0,42
32,FF,prog,immediate64,0,3917,0.0,0.0,26
32,FF,prog,continuous64_256,0,3917,0.0,0.0,26
32,FF,prog,endpoint128,33,3917,0.008424814909369416,0.008753315649867375,26
32,FF,prog,endpoint256,0,3917,0.0,0.0,26
32,FF,prog,ever_after64,604,3917,0.1541996425836099,0.17298961403317878,26
32,FF,prog,sustained241_256,0,3917,0.0,0.0,26
32,FF,prog,delayed_sustained,0,3917,0.0,0.0,26
32,FF,F_only,immediate64,3948,3948,1.0,1.0,58
32,FF,F_only,continuous64_256,0,3948,0.0,0.0,58
32,FF,F_only,endpoint128,318,3948,0.08054711246200608,0.06336358390749153,58
32,FF,F_only,endpoint256,0,3948,0.0,0.0,58
32,FF,F_only,ever_after64,3928,3948,0.9949341438703141,0.974640253193621,58
32,FF,F_only,sustained241_256,0,3948,0.0,0.0,58
32,FF,F_only,delayed_sustained,0,3948,0.0,0.0,58
32,FF,frontier,immediate64,0,0,,,0
32,FF,frontier,continuous64_256,0,0,,,0
32,FF,frontier,endpoint128,0,0,,,0
32,FF,frontier,endpoint256,0,0,,,0
32,FF,frontier,ever_after64,0,0,,,0
32,FF,frontier,sustained241_256,0,0,,,0
32,FF,frontier,delayed_sustained,0,0,,,0
64,FF,keep,immediate64,3091,3091,1.0,1.0,29
64,FF,keep,continuous64_256,0,3091,0.0,0.0,29
64,FF,keep,endpoint128,0,3091,0.0,0.0,29
64,FF,keep,endpoint256,0,3091,0.0,0.0,29
64,FF,keep,ever_after64,2873,3091,0.9294726625687479,0.7258150080967304,29
64,FF,keep,sustained241_256,0,3091,0.0,0.0,29
64,FF,keep,delayed_sustained,0,3091,0.0,0.0,29
64,FF,rescue,immediate64,0,78734,0.0,0.0,126
64,FF,rescue,continuous64_256,0,78734,0.0,0.0,126
64,FF,rescue,endpoint128,0,78734,0.0,0.0,126
64,FF,rescue,endpoint256,0,78734,0.0,0.0,126
64,FF,rescue,ever_after64,5,78734,6.350496608834811e-05,5.6762471639708926e-05,126
64,FF,rescue,sustained241_256,0,78734,0.0,0.0,126
64,FF,rescue,delayed_sustained,0,78734,0.0,0.0,126
64,FF,prog,immediate64,0,88794,0.0,0.0,109
64,FF,prog,continuous64_256,0,88794,0.0,0.0,109
64,FF,prog,endpoint128,0,88794,0.0,0.0,109
64,FF,prog,endpoint256,0,88794,0.0,0.0,109
64,FF,prog,ever_after64,220,88794,0.002477644885915715,0.007763748635123553,109
64,FF,prog,sustained241_256,0,88794,0.0,0.0,109
64,FF,prog,delayed_sustained,0,88794,0.0,0.0,109
64,FF,F_only,immediate64,266,266,1.0,1.0,12
64,FF,F_only,continuous64_256,0,266,0.0,0.0,12
64,FF,F_only,endpoint128,0,266,0.0,0.0,12
64,FF,F_only,endpoint256,0,266,0.0,0.0,12
64,FF,F_only,ever_after64,210,266,0.7894736842105263,0.5347425482597002,12
64,FF,F_only,sustained241_256,0,266,0.0,0.0,12
64,FF,F_only,delayed_sustained,0,266,0.0,0.0,12
64,FF,frontier,immediate64,0,3,0.0,0.0,1
64,FF,frontier,continuous64_256,0,3,0.0,0.0,1
64,FF,frontier,endpoint128,0,3,0.0,0.0,1
64,FF,frontier,endpoint256,0,3,0.0,0.0,1
64,FF,frontier,ever_after64,1,3,0.3333333333333333,0.3333333333333333,1
64,FF,frontier,sustained241_256,0,3,0.0,0.0,1
64,FF,frontier,delayed_sustained,0,3,0.0,0.0,1
32,SF,keep,immediate64,20762,20762,1.0,1.0,110
32,SF,keep,continuous64_256,20762,20762,1.0,1.0,110
32,SF,keep,endpoint128,20762,20762,1.0,1.0,110
32,SF,keep,endpoint256,20762,20762,1.0,1.0,110
32,SF,keep,ever_after64,20762,20762,1.0,1.0,110
32,SF,keep,sustained241_256,20762,20762,1.0,1.0,110
32,SF,keep,delayed_sustained,0,20762,0.0,0.0,110
32,SF,rescue,immediate64,0,6130,0.0,0.0,42
32,SF,rescue,continuous64_256,0,6130,0.0,0.0,42
32,SF,rescue,endpoint128,5855,6130,0.9551386623164764,0.9763809632098305,42
32,SF,rescue,endpoint256,6130,6130,1.0,1.0,42
32,SF,rescue,ever_after64,6130,6130,1.0,1.0,42
32,SF,rescue,sustained241_256,6130,6130,1.0,1.0,42
32,SF,rescue,delayed_sustained,6130,6130,1.0,1.0,42
32,SF,prog,immediate64,0,3917,0.0,0.0,26
32,SF,prog,continuous64_256,0,3917,0.0,0.0,26
32,SF,prog,endpoint128,1240,3917,0.3165688026550932,0.5114866150509015,26
32,SF,prog,endpoint256,2877,3917,0.7344906816441154,0.7927030775735547,26
32,SF,prog,ever_after64,2877,3917,0.7344906816441154,0.7927030775735547,26
32,SF,prog,sustained241_256,2661,3917,0.6793464386009701,0.7622869294654147,26
32,SF,prog,delayed_sustained,2661,3917,0.6793464386009701,0.7622869294654147,26
32,SF,F_only,immediate64,3948,3948,1.0,1.0,58
32,SF,F_only,continuous64_256,2051,3948,0.5195035460992907,0.6741381971121814,58
32,SF,F_only,endpoint128,2785,3948,0.705420466058764,0.8385156712283289,58
32,SF,F_only,endpoint256,3903,3948,0.9886018237082067,0.9950691048745199,58
32,SF,F_only,ever_after64,3945,3948,0.9992401215805471,0.9994683096304954,58
32,SF,F_only,sustained241_256,3851,3948,0.9754305977710233,0.9871051424449196,58
32,SF,F_only,delayed_sustained,0,3948,0.0,0.0,58
32,SF,frontier,immediate64,0,0,,,0
32,SF,frontier,continuous64_256,0,0,,,0
32,SF,frontier,endpoint128,0,0,,,0
32,SF,frontier,endpoint256,0,0,,,0
32,SF,frontier,ever_after64,0,0,,,0
32,SF,frontier,sustained241_256,0,0,,,0
32,SF,frontier,delayed_sustained,0,0,,,0
64,SF,keep,immediate64,3091,3091,1.0,1.0,29
64,SF,keep,continuous64_256,3057,3091,0.9890003235198964,0.9655172413793104,29
64,SF,keep,endpoint128,3091,3091,1.0,1.0,29
64,SF,keep,endpoint256,3057,3091,0.9890003235198964,0.9655172413793104,29
64,SF,keep,ever_after64,3091,3091,1.0,1.0,29
64,SF,keep,sustained241_256,3057,3091,0.9890003235198964,0.9655172413793104,29
64,SF,keep,delayed_sustained,0,3091,0.0,0.0,29
64,SF,rescue,immediate64,0,78734,0.0,0.0,126
64,SF,rescue,continuous64_256,0,78734,0.0,0.0,126
64,SF,rescue,endpoint128,71583,78734,0.9091751975004445,0.8895931037977617,126
64,SF,rescue,endpoint256,76863,78734,0.9762364416897401,0.9469562120945194,126
64,SF,rescue,ever_after64,77569,78734,0.9852033429014149,0.9562973671927973,126
64,SF,rescue,sustained241_256,76863,78734,0.9762364416897401,0.9469562120945194,126
64,SF,rescue,delayed_sustained,76863,78734,0.9762364416897401,0.9469562120945194,126
64,SF,prog,immediate64,0,88794,0.0,0.0,109
64,SF,prog,continuous64_256,0,88794,0.0,0.0,109
64,SF,prog,endpoint128,27568,88794,0.3104714282496565,0.47532040416316523,109
64,SF,prog,endpoint256,58377,88794,0.657443070477735,0.7907433015482797,109
64,SF,prog,ever_after64,59374,88794,0.6686713066198167,0.7975085252166397,109
64,SF,prog,sustained241_256,56860,88794,0.6403585827871252,0.7785709901760309,109
64,SF,prog,delayed_sustained,56860,88794,0.6403585827871252,0.7785709901760309,109
64,SF,F_only,immediate64,266,266,1.0,1.0,12
64,SF,F_only,continuous64_256,49,266,0.18421052631578946,0.20795177045177046,12
64,SF,F_only,endpoint128,185,266,0.6954887218045113,0.8631498470948012,12
64,SF,F_only,endpoint256,255,266,0.9586466165413534,0.9166666666666666,12
64,SF,F_only,ever_after64,265,266,0.9962406015037594,0.9924242424242425,12
64,SF,F_only,sustained241_256,255,266,0.9586466165413534,0.9166666666666666,12
64,SF,F_only,delayed_sustained,0,266,0.0,0.0,12
64,SF,frontier,immediate64,0,3,0.0,0.0,1
64,SF,frontier,continuous64_256,0,3,0.0,0.0,1
64,SF,frontier,endpoint128,3,3,1.0,1.0,1
64,SF,frontier,endpoint256,3,3,1.0,1.0,1
64,SF,frontier,ever_after64,3,3,1.0,1.0,1
64,SF,frontier,sustained241_256,3,3,1.0,1.0,1
64,SF,frontier,delayed_sustained,3,3,1.0,1.0,1
32,SS,keep,immediate64,20718,20762,0.9978807436663134,0.9980659531382807,110
32,SS,keep,continuous64_256,20670,20762,0.9955688276659281,0.9958466167892287,110
32,SS,keep,endpoint128,20762,20762,1.0,1.0,110
32,SS,keep,endpoint256,20762,20762,1.0,1.0,110
32,SS,keep,ever_after64,20762,20762,1.0,1.0,110
32,SS,keep,sustained241_256,20762,20762,1.0,1.0,110
32,SS,keep,delayed_sustained,44,20762,0.0021192563336865427,0.001934046861719237,110
32,SS,rescue,immediate64,6103,6130,0.9955954323001631,0.990771063439028,42
32,SS,rescue,continuous64_256,6072,6130,0.9905383360522023,0.9839430857999245,42
32,SS,rescue,endpoint128,6130,6130,1.0,1.0,42
32,SS,rescue,endpoint256,6130,6130,1.0,1.0,42
32,SS,rescue,ever_after64,6130,6130,1.0,1.0,42
32,SS,rescue,sustained241_256,6130,6130,1.0,1.0,42
32,SS,rescue,delayed_sustained,27,6130,0.004404567699836868,0.00922893656097209,42
32,SS,prog,immediate64,0,3917,0.0,0.0,26
32,SS,prog,continuous64_256,0,3917,0.0,0.0,26
32,SS,prog,endpoint128,1504,3917,0.3839673219300485,0.559965137813125,26
32,SS,prog,endpoint256,3702,3917,0.9451110543783507,0.9607364915218598,26
32,SS,prog,ever_after64,3702,3917,0.9451110543783507,0.9607364915218598,26
32,SS,prog,sustained241_256,3544,3917,0.904774061781976,0.9251387514014616,26
32,SS,prog,delayed_sustained,3544,3917,0.904774061781976,0.9251387514014616,26
32,SS,F_only,immediate64,0,3948,0.0,0.0,58
32,SS,F_only,continuous64_256,0,3948,0.0,0.0,58
32,SS,F_only,endpoint128,3111,3948,0.7879939209726444,0.8894499255039152,58
32,SS,F_only,endpoint256,3948,3948,1.0,1.0,58
32,SS,F_only,ever_after64,3948,3948,1.0,1.0,58
32,SS,F_only,sustained241_256,3948,3948,1.0,1.0,58
32,SS,F_only,delayed_sustained,3948,3948,1.0,1.0,58
32,SS,frontier,immediate64,0,0,,,0
32,SS,frontier,continuous64_256,0,0,,,0
32,SS,frontier,endpoint128,0,0,,,0
32,SS,frontier,endpoint256,0,0,,,0
32,SS,frontier,ever_after64,0,0,,,0
32,SS,frontier,sustained241_256,0,0,,,0
32,SS,frontier,delayed_sustained,0,0,,,0
64,SS,keep,immediate64,3079,3091,0.9961177612423164,0.9960510310882295,29
64,SS,keep,continuous64_256,3039,3091,0.9831769653833711,0.9590676359933241,29
64,SS,keep,endpoint128,3091,3091,1.0,1.0,29
64,SS,keep,endpoint256,3057,3091,0.9890003235198964,0.9655172413793104,29
64,SS,keep,ever_after64,3091,3091,1.0,1.0,29
64,SS,keep,sustained241_256,3057,3091,0.9890003235198964,0.9655172413793104,29
64,SS,keep,delayed_sustained,12,3091,0.0038822387576835974,0.0039489689117705295,29
64,SS,rescue,immediate64,78376,78734,0.9954530444280743,0.9950050306681266,126
64,SS,rescue,continuous64_256,75723,78734,0.9617573094215968,0.9329416242463603,126
64,SS,rescue,endpoint128,77369,78734,0.9826631442578809,0.9541712442676521,126
64,SS,rescue,endpoint256,76681,78734,0.9739248609241242,0.9444444444444444,126
64,SS,rescue,ever_after64,78730,78734,0.9999491960271293,0.9997921216546357,126
64,SS,rescue,sustained241_256,76681,78734,0.9739248609241242,0.9444444444444444,126
64,SS,rescue,delayed_sustained,344,78734,0.00436914166687835,0.003954897596824777,126
64,SS,prog,immediate64,23,88794,0.0002590265108002793,0.0001832814942496558,109
64,SS,prog,continuous64_256,0,88794,0.0,0.0,109
64,SS,prog,endpoint128,32828,88794,0.3697096650674595,0.5347141670748526,109
64,SS,prog,endpoint256,72806,88794,0.8199427889271798,0.8913290603860874,109
64,SS,prog,ever_after64,75326,88794,0.8483230848931234,0.9088161979735856,109
64,SS,prog,sustained241_256,70890,88794,0.7983647543752956,0.8791976560033297,109
64,SS,prog,delayed_sustained,70890,88794,0.7983647543752956,0.8791976560033297,109
64,SS,F_only,immediate64,0,266,0.0,0.0,12
64,SS,F_only,continuous64_256,0,266,0.0,0.0,12
64,SS,F_only,endpoint128,189,266,0.7105263157894737,0.8662079510703364,12
64,SS,F_only,endpoint256,255,266,0.9586466165413534,0.9166666666666666,12
64,SS,F_only,ever_after64,255,266,0.9586466165413534,0.9166666666666666,12
64,SS,F_only,sustained241_256,255,266,0.9586466165413534,0.9166666666666666,12
64,SS,F_only,delayed_sustained,255,266,0.9586466165413534,0.9166666666666666,12
64,SS,frontier,immediate64,0,3,0.0,0.0,1
64,SS,frontier,continuous64_256,0,3,0.0,0.0,1
64,SS,frontier,endpoint128,3,3,1.0,1.0,1
64,SS,frontier,endpoint256,3,3,1.0,1.0,1
64,SS,frontier,ever_after64,3,3,1.0,1.0,1
64,SS,frontier,sustained241_256,3,3,1.0,1.0,1
64,SS,frontier,delayed_sustained,3,3,1.0,1.0,1
32,bit_once,keep,immediate64,20762,20762,1.0,1.0,110
32,bit_once,keep,continuous64_256,4482,20762,0.2158751565359792,0.1971851500091208,110
32,bit_once,keep,endpoint128,17382,20762,0.8372025816395338,0.8389494697243706,110
32,bit_once,keep,endpoint256,9111,20762,0.4388305558231384,0.4127544440098,110
32,bit_once,keep,ever_after64,20762,20762,1.0,1.0,110
32,bit_once,keep,sustained241_256,8654,20762,0.4168191889028032,0.3910903637841033,110
32,bit_once,keep,delayed_sustained,0,20762,0.0,0.0,110
32,bit_once,rescue,immediate64,0,6130,0.0,0.0,42
32,bit_once,rescue,continuous64_256,0,6130,0.0,0.0,42
32,bit_once,rescue,endpoint128,5282,6130,0.8616639477977162,0.8895642572103455,42
32,bit_once,rescue,endpoint256,4274,6130,0.697226753670473,0.6032405711972216,42
32,bit_once,rescue,ever_after64,6073,6130,0.9907014681892333,0.9945276497695852,42
32,bit_once,rescue,sustained241_256,4152,6130,0.6773246329526916,0.5812157327476338,42
32,bit_once,rescue,delayed_sustained,4152,6130,0.6773246329526916,0.5812157327476338,42
32,bit_once,prog,immediate64,0,3917,0.0,0.0,26
32,bit_once,prog,continuous64_256,0,3917,0.0,0.0,26
32,bit_once,prog,endpoint128,637,3917,0.16262445749297932,0.3065700439184779,26
32,bit_once,prog,endpoint256,1863,3917,0.4756190962471279,0.6110803622208005,26
32,bit_once,prog,ever_after64,2015,3917,0.5144243043145265,0.6374246121877276,26
32,bit_once,prog,sustained241_256,1695,3917,0.4327291294357927,0.5840739569004529,26
32,bit_once,prog,delayed_sustained,1695,3917,0.4327291294357927,0.5840739569004529,26
32,bit_once,F_only,immediate64,3948,3948,1.0,1.0,58
32,bit_once,F_only,continuous64_256,914,3948,0.2315096251266464,0.32676911350699805,58
32,bit_once,F_only,endpoint128,1245,3948,0.31534954407294835,0.4174712098882562,58
32,bit_once,F_only,endpoint256,3440,3948,0.8713272543059777,0.8708552560768813,58
32,bit_once,F_only,ever_after64,3939,3948,0.9977203647416414,0.9986822064414885,58
32,bit_once,F_only,sustained241_256,3296,3948,0.8348530901722391,0.8508330192449178,58
32,bit_once,F_only,delayed_sustained,0,3948,0.0,0.0,58
32,bit_once,frontier,immediate64,0,0,,,0
32,bit_once,frontier,continuous64_256,0,0,,,0
32,bit_once,frontier,endpoint128,0,0,,,0
32,bit_once,frontier,endpoint256,0,0,,,0
32,bit_once,frontier,ever_after64,0,0,,,0
32,bit_once,frontier,sustained241_256,0,0,,,0
32,bit_once,frontier,delayed_sustained,0,0,,,0
64,bit_once,keep,immediate64,3091,3091,1.0,1.0,29
64,bit_once,keep,continuous64_256,472,3091,0.15270139113555484,0.12762000530569512,29
64,bit_once,keep,endpoint128,2106,3091,0.6813329019734714,0.5353597407787498,29
64,bit_once,keep,endpoint256,1640,3091,0.5305726302167584,0.6700294926517254,29
64,bit_once,keep,ever_after64,3091,3091,1.0,1.0,29
64,bit_once,keep,sustained241_256,1582,3091,0.5118084762212876,0.6406909410686212,29
64,bit_once,keep,delayed_sustained,0,3091,0.0,0.0,29
64,bit_once,rescue,immediate64,0,78734,0.0,0.0,126
64,bit_once,rescue,continuous64_256,0,78734,0.0,0.0,126
64,bit_once,rescue,endpoint128,54355,78734,0.6903624863464323,0.6860605846252665,126
64,bit_once,rescue,endpoint256,60206,78734,0.7646759976630172,0.7125652270002191,126
64,bit_once,rescue,ever_after64,77552,78734,0.9849874260167145,0.9716238959471828,126
64,bit_once,rescue,sustained241_256,58544,78734,0.7435669469352504,0.6921023384743438,126
64,bit_once,rescue,delayed_sustained,58544,78734,0.7435669469352504,0.6921023384743438,126
64,bit_once,prog,immediate64,0,88794,0.0,0.0,109
64,bit_once,prog,continuous64_256,0,88794,0.0,0.0,109
64,bit_once,prog,endpoint128,14853,88794,0.1672748158659369,0.23789662987573273,109
64,bit_once,prog,endpoint256,43715,88794,0.49231930085366127,0.5923851478492229,109
64,bit_once,prog,ever_after64,48929,88794,0.5510394846498637,0.6841776825073582,109
64,bit_once,prog,sustained241_256,40972,88794,0.4614275739351758,0.5655659113152701,109
64,bit_once,prog,delayed_sustained,40972,88794,0.4614275739351758,0.5655659113152701,109
64,bit_once,F_only,immediate64,266,266,1.0,1.0,12
64,bit_once,F_only,continuous64_256,16,266,0.06015037593984962,0.17147435897435895,12
64,bit_once,F_only,endpoint128,75,266,0.2819548872180451,0.4880952380952381,12
64,bit_once,F_only,endpoint256,146,266,0.5488721804511278,0.8333333333333334,12
64,bit_once,F_only,ever_after64,264,266,0.9924812030075187,0.9984709480122325,12
64,bit_once,F_only,sustained241_256,146,266,0.5488721804511278,0.8333333333333334,12
64,bit_once,F_only,delayed_sustained,0,266,0.0,0.0,12
64,bit_once,frontier,immediate64,0,3,0.0,0.0,1
64,bit_once,frontier,continuous64_256,0,3,0.0,0.0,1
64,bit_once,frontier,endpoint128,3,3,1.0,1.0,1
64,bit_once,frontier,endpoint256,3,3,1.0,1.0,1
64,bit_once,frontier,ever_after64,3,3,1.0,1.0,1
64,bit_once,frontier,sustained241_256,3,3,1.0,1.0,1
64,bit_once,frontier,delayed_sustained,3,3,1.0,1.0,1
32,bit_repeat8,keep,immediate64,20762,20762,1.0,1.0,110
32,bit_repeat8,keep,continuous64_256,133,20762,0.0064059339177343225,0.00626565400645877,110
32,bit_repeat8,keep,endpoint128,17719,20762,0.8534341585589057,0.857142736757711,110
32,bit_repeat8,keep,endpoint256,12505,20762,0.6023022830170504,0.5935173732705181,110
32,bit_repeat8,keep,ever_after64,20762,20762,1.0,1.0,110
32,bit_repeat8,keep,sustained241_256,8842,20762,0.4258741932376457,0.42031257817385986,110
32,bit_repeat8,keep,delayed_sustained,0,20762,0.0,0.0,110
32,bit_repeat8,rescue,immediate64,0,6130,0.0,0.0,42
32,bit_repeat8,rescue,continuous64_256,0,6130,0.0,0.0,42
32,bit_repeat8,rescue,endpoint128,4864,6130,0.7934747145187602,0.8449094999657858,42
32,bit_repeat8,rescue,endpoint256,3852,6130,0.6283849918433931,0.6164699931270342,42
32,bit_repeat8,rescue,ever_after64,6105,6130,0.9959216965742251,0.9968727928204635,42
32,bit_repeat8,rescue,sustained241_256,2828,6130,0.4613376835236542,0.43294489308898515,42
32,bit_repeat8,rescue,delayed_sustained,2828,6130,0.4613376835236542,0.43294489308898515,42
32,bit_repeat8,prog,immediate64,0,3917,0.0,0.0,26
32,bit_repeat8,prog,continuous64_256,0,3917,0.0,0.0,26
32,bit_repeat8,prog,endpoint128,582,3917,0.14858309931069696,0.18480107442143734,26
32,bit_repeat8,prog,endpoint256,225,3917,0.05744191983660965,0.11128973870955311,26
32,bit_repeat8,prog,ever_after64,1812,3917,0.4625989277508297,0.5890534964926071,26
32,bit_repeat8,prog,sustained241_256,144,3917,0.036762828695430176,0.07985294499219063,26
32,bit_repeat8,prog,delayed_sustained,144,3917,0.036762828695430176,0.07985294499219063,26
32,bit_repeat8,F_only,immediate64,3948,3948,1.0,1.0,58
32,bit_repeat8,F_only,continuous64_256,60,3948,0.015197568389057751,0.019781176825538933,58
32,bit_repeat8,F_only,endpoint128,828,3948,0.20972644376899696,0.2792774125088244,58
32,bit_repeat8,F_only,endpoint256,559,3948,0.14159067882472137,0.1846739598834425,58
32,bit_repeat8,F_only,ever_after64,3932,3948,0.9959473150962512,0.9979520883924049,58
32,bit_repeat8,F_only,sustained241_256,401,3948,0.10157041540020263,0.1219431418410513,58
32,bit_repeat8,F_only,delayed_sustained,0,3948,0.0,0.0,58
32,bit_repeat8,frontier,immediate64,0,0,,,0
32,bit_repeat8,frontier,continuous64_256,0,0,,,0
32,bit_repeat8,frontier,endpoint128,0,0,,,0
32,bit_repeat8,frontier,endpoint256,0,0,,,0
32,bit_repeat8,frontier,ever_after64,0,0,,,0
32,bit_repeat8,frontier,sustained241_256,0,0,,,0
32,bit_repeat8,frontier,delayed_sustained,0,0,,,0
64,bit_repeat8,keep,immediate64,3091,3091,1.0,1.0,29
64,bit_repeat8,keep,continuous64_256,115,3091,0.03720478809446781,0.016376534550611943,29
64,bit_repeat8,keep,endpoint128,2241,3091,0.7250080879974118,0.5867034351017534,29
64,bit_repeat8,keep,endpoint256,3074,3091,0.9945001617599483,0.9977195661386772,29
64,bit_repeat8,keep,ever_after64,3091,3091,1.0,1.0,29
64,bit_repeat8,keep,sustained241_256,3065,3091,0.9915884826916855,0.9961953479004823,29
64,bit_repeat8,keep,delayed_sustained,0,3091,0.0,0.0,29
64,bit_repeat8,rescue,immediate64,0,78734,0.0,0.0,126
64,bit_repeat8,rescue,continuous64_256,0,78734,0.0,0.0,126
64,bit_repeat8,rescue,endpoint128,46028,78734,0.5846013158228973,0.5880358906944003,126
64,bit_repeat8,rescue,endpoint256,75181,78734,0.9548733710976198,0.9417292559868221,126
64,bit_repeat8,rescue,ever_after64,77892,78734,0.9893057637107222,0.9837087918196099,126
64,bit_repeat8,rescue,sustained241_256,74845,78734,0.9506058373764829,0.9374455207844489,126
64,bit_repeat8,rescue,delayed_sustained,74845,78734,0.9506058373764829,0.9374455207844489,126
64,bit_repeat8,prog,immediate64,0,88794,0.0,0.0,109
64,bit_repeat8,prog,continuous64_256,0,88794,0.0,0.0,109
64,bit_repeat8,prog,endpoint128,18436,88794,0.20762664143973691,0.23075779737284963,109
64,bit_repeat8,prog,endpoint256,12172,88794,0.1370813343243913,0.18349564259970136,109
64,bit_repeat8,prog,ever_after64,40782,88794,0.4592877897155213,0.5718205744731651,109
64,bit_repeat8,prog,sustained241_256,11362,88794,0.12795909633533797,0.17395469226250931,109
64,bit_repeat8,prog,delayed_sustained,11362,88794,0.12795909633533797,0.17395469226250931,109
64,bit_repeat8,F_only,immediate64,266,266,1.0,1.0,12
64,bit_repeat8,F_only,continuous64_256,0,266,0.0,0.0,12
64,bit_repeat8,F_only,endpoint128,12,266,0.045112781954887216,0.19017094017094016,12
64,bit_repeat8,F_only,endpoint256,68,266,0.2556390977443609,0.3452380952380953,12
64,bit_repeat8,F_only,ever_after64,259,266,0.9736842105263158,0.892363287556746,12
64,bit_repeat8,F_only,sustained241_256,68,266,0.2556390977443609,0.3452380952380953,12
64,bit_repeat8,F_only,delayed_sustained,0,266,0.0,0.0,12
64,bit_repeat8,frontier,immediate64,0,3,0.0,0.0,1
64,bit_repeat8,frontier,continuous64_256,0,3,0.0,0.0,1
64,bit_repeat8,frontier,endpoint128,0,3,0.0,0.0,1
64,bit_repeat8,frontier,endpoint256,3,3,1.0,1.0,1
64,bit_repeat8,frontier,ever_after64,3,3,1.0,1.0,1
64,bit_repeat8,frontier,sustained241_256,3,3,1.0,1.0,1
64,bit_repeat8,frontier,delayed_sustained,3,3,1.0,1.0,1
32,swap_once,keep,immediate64,20762,20762,1.0,1.0,110
32,swap_once,keep,continuous64_256,0,20762,0.0,0.0,110
32,swap_once,keep,endpoint128,0,20762,0.0,0.0,110
32,swap_once,keep,endpoint256,0,20762,0.0,0.0,110
32,swap_once,keep,ever_after64,20762,20762,1.0,1.0,110
32,swap_once,keep,sustained241_256,0,20762,0.0,0.0,110
32,swap_once,keep,delayed_sustained,0,20762,0.0,0.0,110
32,swap_once,rescue,immediate64,0,6130,0.0,0.0,42
32,swap_once,rescue,continuous64_256,0,6130,0.0,0.0,42
32,swap_once,rescue,endpoint128,517,6130,0.08433931484502447,0.059498655632917216,42
32,swap_once,rescue,endpoint256,0,6130,0.0,0.0,42
32,swap_once,rescue,ever_after64,2416,6130,0.3941272430668842,0.50592065187744,42
32,swap_once,rescue,sustained241_256,0,6130,0.0,0.0,42
32,swap_once,rescue,delayed_sustained,0,6130,0.0,0.0,42
32,swap_once,prog,immediate64,0,3917,0.0,0.0,26
32,swap_once,prog,continuous64_256,0,3917,0.0,0.0,26
32,swap_once,prog,endpoint128,330,3917,0.08424814909369416,0.07595554132160186,26
32,swap_once,prog,endpoint256,15,3917,0.0038294613224406433,0.0017119379137183293,26
32,swap_once,prog,ever_after64,1722,3917,0.43962215981618585,0.567563261919512,26
32,swap_once,prog,sustained241_256,15,3917,0.0038294613224406433,0.0017119379137183293,26
32,swap_once,prog,delayed_sustained,15,3917,0.0038294613224406433,0.0017119379137183293,26
32,swap_once,F_only,immediate64,3948,3948,1.0,1.0,58
32,swap_once,F_only,continuous64_256,0,3948,0.0,0.0,58
32,swap_once,F_only,endpoint128,0,3948,0.0,0.0,58
32,swap_once,F_only,endpoint256,0,3948,0.0,0.0,58
32,swap_once,F_only,ever_after64,3943,3948,0.9987335359675785,0.9991892355084088,58
32,swap_once,F_only,sustained241_256,0,3948,0.0,0.0,58
32,swap_once,F_only,delayed_sustained,0,3948,0.0,0.0,58
32,swap_once,frontier,immediate64,0,0,,,0
32,swap_once,frontier,continuous64_256,0,0,,,0
32,swap_once,frontier,endpoint128,0,0,,,0
32,swap_once,frontier,endpoint256,0,0,,,0
32,swap_once,frontier,ever_after64,0,0,,,0
32,swap_once,frontier,sustained241_256,0,0,,,0
32,swap_once,frontier,delayed_sustained,0,0,,,0
64,swap_once,keep,immediate64,3091,3091,1.0,1.0,29
64,swap_once,keep,continuous64_256,0,3091,0.0,0.0,29
64,swap_once,keep,endpoint128,7,3091,0.002264639275315432,0.019193233571893297,29
64,swap_once,keep,endpoint256,0,3091,0.0,0.0,29
64,swap_once,keep,ever_after64,3090,3091,0.9996764801035264,0.9998764058830799,29
64,swap_once,keep,sustained241_256,0,3091,0.0,0.0,29
64,swap_once,keep,delayed_sustained,0,3091,0.0,0.0,29
64,swap_once,rescue,immediate64,0,78734,0.0,0.0,126
64,swap_once,rescue,continuous64_256,0,78734,0.0,0.0,126
64,swap_once,rescue,endpoint128,19949,78734,0.2533721136992913,0.2517413352994627,126
64,swap_once,rescue,endpoint256,9668,78734,0.1227932024284299,0.12434595663684223,126
64,swap_once,rescue,ever_after64,46636,78734,0.5923235196992405,0.5827167001017545,126
64,swap_once,rescue,sustained241_256,8592,78734,0.10912693372621739,0.10962694478661661,126
64,swap_once,rescue,delayed_sustained,8592,78734,0.10912693372621739,0.10962694478661661,126
64,swap_once,prog,immediate64,0,88794,0.0,0.0,109
64,swap_once,prog,continuous64_256,0,88794,0.0,0.0,109
64,swap_once,prog,endpoint128,24509,88794,0.27602090231321935,0.33414698841058704,109
64,swap_once,prog,endpoint256,21824,88794,0.24578237268283892,0.29006683699792285,109
64,swap_once,prog,ever_after64,53091,88794,0.5979120210825056,0.6782217021042848,109
64,swap_once,prog,sustained241_256,21006,88794,0.23657003851611597,0.2834867988212849,109
64,swap_once,prog,delayed_sustained,21006,88794,0.23657003851611597,0.2834867988212849,109
64,swap_once,F_only,immediate64,266,266,1.0,1.0,12
64,swap_once,F_only,continuous64_256,0,266,0.0,0.0,12
64,swap_once,F_only,endpoint128,30,266,0.11278195488721804,0.32142857142857145,12
64,swap_once,F_only,endpoint256,0,266,0.0,0.0,12
64,swap_once,F_only,ever_after64,255,266,0.9586466165413534,0.8154147731082314,12
64,swap_once,F_only,sustained241_256,0,266,0.0,0.0,12
64,swap_once,F_only,delayed_sustained,0,266,0.0,0.0,12
64,swap_once,frontier,immediate64,0,3,0.0,0.0,1
64,swap_once,frontier,continuous64_256,0,3,0.0,0.0,1
64,swap_once,frontier,endpoint128,0,3,0.0,0.0,1
64,swap_once,frontier,endpoint256,0,3,0.0,0.0,1
64,swap_once,frontier,ever_after64,3,3,1.0,1.0,1
64,swap_once,frontier,sustained241_256,0,3,0.0,0.0,1
64,swap_once,frontier,delayed_sustained,0,3,0.0,0.0,1
32,swap_repeat8,keep,immediate64,20762,20762,1.0,1.0,110
32,swap_repeat8,keep,continuous64_256,5,20762,0.00024082458337347076,0.0001699682295126888,110
32,swap_repeat8,keep,endpoint128,16241,20762,0.7822464117137078,0.7880879188426523,110
32,swap_repeat8,keep,endpoint256,2720,20762,0.1310085733551681,0.12751993554107122,110
32,swap_repeat8,keep,ever_after64,20762,20762,1.0,1.0,110
32,swap_repeat8,keep,sustained241_256,16,20762,0.0007706386667951065,0.0005907962544235927,110
32,swap_repeat8,keep,delayed_sustained,0,20762,0.0,0.0,110
32,swap_repeat8,rescue,immediate64,0,6130,0.0,0.0,42
32,swap_repeat8,rescue,continuous64_256,0,6130,0.0,0.0,42
32,swap_repeat8,rescue,endpoint128,4372,6130,0.7132137030995106,0.7696120914891486,42
32,swap_repeat8,rescue,endpoint256,1002,6130,0.1634584013050571,0.14883836208592674,42
32,swap_repeat8,rescue,ever_after64,5941,6130,0.9691680261011419,0.9795504830459262,42
32,swap_repeat8,rescue,sustained241_256,17,6130,0.0027732463295269166,0.001232732995278895,42
32,swap_repeat8,rescue,delayed_sustained,17,6130,0.0027732463295269166,0.001232732995278895,42
32,swap_repeat8,prog,immediate64,0,3917,0.0,0.0,26
32,swap_repeat8,prog,continuous64_256,0,3917,0.0,0.0,26
32,swap_repeat8,prog,endpoint128,233,3917,0.05948429920857799,0.09814208983322456,26
32,swap_repeat8,prog,endpoint256,51,3917,0.013020168496298187,0.030482341737472295,26
32,swap_repeat8,prog,ever_after64,2258,3917,0.5764615777380648,0.7056033994915324,26
32,swap_repeat8,prog,sustained241_256,10,3917,0.0025529742149604288,0.009426193766661765,26
32,swap_repeat8,prog,delayed_sustained,10,3917,0.0025529742149604288,0.009426193766661765,26
32,swap_repeat8,F_only,immediate64,3948,3948,1.0,1.0,58
32,swap_repeat8,F_only,continuous64_256,4,3948,0.0010131712259371835,0.0026500481286450372,58
32,swap_repeat8,F_only,endpoint128,304,3948,0.07700101317122594,0.15136130890984775,58
32,swap_repeat8,F_only,endpoint256,48,3948,0.0121580547112462,0.018027937058852635,58
32,swap_repeat8,F_only,ever_after64,3943,3948,0.9987335359675785,0.9991892355084088,58
32,swap_repeat8,F_only,sustained241_256,11,3948,0.002786220871327254,0.0035390125134477095,58
32,swap_repeat8,F_only,delayed_sustained,0,3948,0.0,0.0,58
32,swap_repeat8,frontier,immediate64,0,0,,,0
32,swap_repeat8,frontier,continuous64_256,0,0,,,0
32,swap_repeat8,frontier,endpoint128,0,0,,,0
32,swap_repeat8,frontier,endpoint256,0,0,,,0
32,swap_repeat8,frontier,ever_after64,0,0,,,0
32,swap_repeat8,frontier,sustained241_256,0,0,,,0
32,swap_repeat8,frontier,delayed_sustained,0,0,,,0
64,swap_repeat8,keep,immediate64,3091,3091,1.0,1.0,29
64,swap_repeat8,keep,continuous64_256,0,3091,0.0,0.0,29
64,swap_repeat8,keep,endpoint128,1679,3091,0.54318990617923,0.40102889000528225,29
64,swap_repeat8,keep,endpoint256,498,3091,0.1611129084438693,0.2429261647558535,29
64,swap_repeat8,keep,ever_after64,3090,3091,0.9996764801035264,0.9998764058830799,29
64,swap_repeat8,keep,sustained241_256,1,3091,0.00032351989647363315,0.00015257857796765334,29
64,swap_repeat8,keep,delayed_sustained,0,3091,0.0,0.0,29
64,swap_repeat8,rescue,immediate64,0,78734,0.0,0.0,126
64,swap_repeat8,rescue,continuous64_256,0,78734,0.0,0.0,126
64,swap_repeat8,rescue,endpoint128,33383,78734,0.423997256585465,0.4396828890123412,126
64,swap_repeat8,rescue,endpoint256,28484,78734,0.3617750908121015,0.3553247714330264,126
64,swap_repeat8,rescue,ever_after64,73804,78734,0.9373841034368887,0.9375153528089153,126
64,swap_repeat8,rescue,sustained241_256,258,78734,0.0032768562501587625,0.004675777639474317,126
64,swap_repeat8,rescue,delayed_sustained,258,78734,0.0032768562501587625,0.004675777639474317,126
64,swap_repeat8,prog,immediate64,0,88794,0.0,0.0,109
64,swap_repeat8,prog,continuous64_256,0,88794,0.0,0.0,109
64,swap_repeat8,prog,endpoint128,4786,88794,0.05390003829087551,0.07051265028971336,109
64,swap_repeat8,prog,endpoint256,2531,88794,0.02850417821023943,0.04732091174155025,109
64,swap_repeat8,prog,ever_after64,29071,88794,0.32739824762934433,0.4374215767761788,109
64,swap_repeat8,prog,sustained241_256,316,88794,0.0035587990179516632,0.006009169555750819,109
64,swap_repeat8,prog,delayed_sustained,316,88794,0.0035587990179516632,0.006009169555750819,109
64,swap_repeat8,F_only,immediate64,266,266,1.0,1.0,12
64,swap_repeat8,F_only,continuous64_256,1,266,0.0037593984962406013,0.006944444444444444,12
64,swap_repeat8,F_only,endpoint128,13,266,0.04887218045112782,0.08493589743589743,12
64,swap_repeat8,F_only,endpoint256,12,266,0.045112781954887216,0.08001207729468598,12
64,swap_repeat8,F_only,ever_after64,258,266,0.9699248120300752,0.9572367192780037,12
64,swap_repeat8,F_only,sustained241_256,1,266,0.0037593984962406013,0.006944444444444444,12
64,swap_repeat8,F_only,delayed_sustained,0,266,0.0,0.0,12
64,swap_repeat8,frontier,immediate64,0,3,0.0,0.0,1
64,swap_repeat8,frontier,continuous64_256,0,3,0.0,0.0,1
64,swap_repeat8,frontier,endpoint128,0,3,0.0,0.0,1
64,swap_repeat8,frontier,endpoint256,0,3,0.0,0.0,1
64,swap_repeat8,frontier,ever_after64,3,3,1.0,1.0,1
64,swap_repeat8,frontier,sustained241_256,0,3,0.0,0.0,1
64,swap_repeat8,frontier,delayed_sustained,0,3,0.0,0.0,1
32,midpoint_once,keep,immediate64,20762,20762,1.0,1.0,110
32,midpoint_once,keep,continuous64_256,0,20762,0.0,0.0,110
32,midpoint_once,keep,endpoint128,12476,20762,0.6009055004334842,0.6163281608956814,110
32,midpoint_once,keep,endpoint256,0,20762,0.0,0.0,110
32,midpoint_once,keep,ever_after64,20762,20762,1.0,1.0,110
32,midpoint_once,keep,sustained241_256,0,20762,0.0,0.0,110
32,midpoint_once,keep,delayed_sustained,0,20762,0.0,0.0,110
32,midpoint_once,rescue,immediate64,0,6130,0.0,0.0,42
32,midpoint_once,rescue,continuous64_256,0,6130,0.0,0.0,42
32,midpoint_once,rescue,endpoint128,3359,6130,0.5479608482871126,0.5572956940114506,42
32,midpoint_once,rescue,endpoint256,0,6130,0.0,0.0,42
32,midpoint_once,rescue,ever_after64,5829,6130,0.9508972267536705,0.9667535535409209,42
32,midpoint_once,rescue,sustained241_256,0,6130,0.0,0.0,42
32,midpoint_once,rescue,delayed_sustained,0,6130,0.0,0.0,42
32,midpoint_once,prog,immediate64,0,3917,0.0,0.0,26
32,midpoint_once,prog,continuous64_256,0,3917,0.0,0.0,26
32,midpoint_once,prog,endpoint128,25,3917,0.006382435537401072,0.005630351426702549,26
32,midpoint_once,prog,endpoint256,0,3917,0.0,0.0,26
32,midpoint_once,prog,ever_after64,1070,3917,0.27316824100076587,0.4915829385800445,26
32,midpoint_once,prog,sustained241_256,0,3917,0.0,0.0,26
32,midpoint_once,prog,delayed_sustained,0,3917,0.0,0.0,26
32,midpoint_once,F_only,immediate64,3948,3948,1.0,1.0,58
32,midpoint_once,F_only,continuous64_256,0,3948,0.0,0.0,58
32,midpoint_once,F_only,endpoint128,6,3948,0.001519756838905775,0.00517057559736878,58
32,midpoint_once,F_only,endpoint256,0,3948,0.0,0.0,58
32,midpoint_once,F_only,ever_after64,3930,3948,0.9954407294832827,0.9976113176013299,58
32,midpoint_once,F_only,sustained241_256,0,3948,0.0,0.0,58
32,midpoint_once,F_only,delayed_sustained,0,3948,0.0,0.0,58
32,midpoint_once,frontier,immediate64,0,0,,,0
32,midpoint_once,frontier,continuous64_256,0,0,,,0
32,midpoint_once,frontier,endpoint128,0,0,,,0
32,midpoint_once,frontier,endpoint256,0,0,,,0
32,midpoint_once,frontier,ever_after64,0,0,,,0
32,midpoint_once,frontier,sustained241_256,0,0,,,0
32,midpoint_once,frontier,delayed_sustained,0,0,,,0
64,midpoint_once,keep,immediate64,3091,3091,1.0,1.0,29
64,midpoint_once,keep,continuous64_256,0,3091,0.0,0.0,29
64,midpoint_once,keep,endpoint128,1431,3091,0.462956971853769,0.3544073167722706,29
64,midpoint_once,keep,endpoint256,0,3091,0.0,0.0,29
64,midpoint_once,keep,ever_after64,3089,3091,0.9993529602070528,0.9995765558081174,29
64,midpoint_once,keep,sustained241_256,0,3091,0.0,0.0,29
64,midpoint_once,keep,delayed_sustained,0,3091,0.0,0.0,29
64,midpoint_once,rescue,immediate64,0,78734,0.0,0.0,126
64,midpoint_once,rescue,continuous64_256,0,78734,0.0,0.0,126
64,midpoint_once,rescue,endpoint128,28101,78734,0.35691061040973404,0.3709673984750124,126
64,midpoint_once,rescue,endpoint256,0,78734,0.0,0.0,126
64,midpoint_once,rescue,ever_after64,54697,78734,0.6947062260268753,0.697289325731678,126
64,midpoint_once,rescue,sustained241_256,0,78734,0.0,0.0,126
64,midpoint_once,rescue,delayed_sustained,0,78734,0.0,0.0,126
64,midpoint_once,prog,immediate64,0,88794,0.0,0.0,109
64,midpoint_once,prog,continuous64_256,0,88794,0.0,0.0,109
64,midpoint_once,prog,endpoint128,1842,88794,0.02074464490843976,0.01785013267073443,109
64,midpoint_once,prog,endpoint256,0,88794,0.0,0.0,109
64,midpoint_once,prog,ever_after64,8252,88794,0.09293420726625673,0.1270329104138976,109
64,midpoint_once,prog,sustained241_256,0,88794,0.0,0.0,109
64,midpoint_once,prog,delayed_sustained,0,88794,0.0,0.0,109
64,midpoint_once,F_only,immediate64,266,266,1.0,1.0,12
64,midpoint_once,F_only,continuous64_256,0,266,0.0,0.0,12
64,midpoint_once,F_only,endpoint128,0,266,0.0,0.0,12
64,midpoint_once,F_only,endpoint256,0,266,0.0,0.0,12
64,midpoint_once,F_only,ever_after64,246,266,0.924812030075188,0.7622970193024042,12
64,midpoint_once,F_only,sustained241_256,0,266,0.0,0.0,12
64,midpoint_once,F_only,delayed_sustained,0,266,0.0,0.0,12
64,midpoint_once,frontier,immediate64,0,3,0.0,0.0,1
64,midpoint_once,frontier,continuous64_256,0,3,0.0,0.0,1
64,midpoint_once,frontier,endpoint128,0,3,0.0,0.0,1
64,midpoint_once,frontier,endpoint256,0,3,0.0,0.0,1
64,midpoint_once,frontier,ever_after64,2,3,0.6666666666666666,0.6666666666666666,1
64,midpoint_once,frontier,sustained241_256,0,3,0.0,0.0,1
64,midpoint_once,frontier,delayed_sustained,0,3,0.0,0.0,1
32,midpoint_repeat8,keep,immediate64,20762,20762,1.0,1.0,110
32,midpoint_repeat8,keep,continuous64_256,0,20762,0.0,0.0,110
32,midpoint_repeat8,keep,endpoint128,15500,20762,0.7465562084577594,0.7577337726066287,110
32,midpoint_repeat8,keep,endpoint256,0,20762,0.0,0.0,110
32,midpoint_repeat8,keep,ever_after64,20762,20762,1.0,1.0,110
32,midpoint_repeat8,keep,sustained241_256,0,20762,0.0,0.0,110
32,midpoint_repeat8,keep,delayed_sustained,0,20762,0.0,0.0,110
32,midpoint_repeat8,rescue,immediate64,0,6130,0.0,0.0,42
32,midpoint_repeat8,rescue,continuous64_256,0,6130,0.0,0.0,42
32,midpoint_repeat8,rescue,endpoint128,3931,6130,0.6412724306688418,0.6977216911820008,42
32,midpoint_repeat8,rescue,endpoint256,0,6130,0.0,0.0,42
32,midpoint_repeat8,rescue,ever_after64,5846,6130,0.9536704730831974,0.9686600266328116,42
32,midpoint_repeat8,rescue,sustained241_256,0,6130,0.0,0.0,42
32,midpoint_repeat8,rescue,delayed_sustained,0,6130,0.0,0.0,42
32,midpoint_repeat8,prog,immediate64,0,3917,0.0,0.0,26
32,midpoint_repeat8,prog,continuous64_256,0,3917,0.0,0.0,26
32,midpoint_repeat8,prog,endpoint128,55,3917,0.01404135818228236,0.013728849185875238,26
32,midpoint_repeat8,prog,endpoint256,0,3917,0.0,0.0,26
32,midpoint_repeat8,prog,ever_after64,1063,3917,0.2713811590502936,0.4907147309269784,26
32,midpoint_repeat8,prog,sustained241_256,0,3917,0.0,0.0,26
32,midpoint_repeat8,prog,delayed_sustained,0,3917,0.0,0.0,26
32,midpoint_repeat8,F_only,immediate64,3948,3948,1.0,1.0,58
32,midpoint_repeat8,F_only,continuous64_256,0,3948,0.0,0.0,58
32,midpoint_repeat8,F_only,endpoint128,42,3948,0.010638297872340425,0.018323587809108855,58
32,midpoint_repeat8,F_only,endpoint256,0,3948,0.0,0.0,58
32,midpoint_repeat8,F_only,ever_after64,3930,3948,0.9954407294832827,0.9976113176013299,58
32,midpoint_repeat8,F_only,sustained241_256,0,3948,0.0,0.0,58
32,midpoint_repeat8,F_only,delayed_sustained,0,3948,0.0,0.0,58
32,midpoint_repeat8,frontier,immediate64,0,0,,,0
32,midpoint_repeat8,frontier,continuous64_256,0,0,,,0
32,midpoint_repeat8,frontier,endpoint128,0,0,,,0
32,midpoint_repeat8,frontier,endpoint256,0,0,,,0
32,midpoint_repeat8,frontier,ever_after64,0,0,,,0
32,midpoint_repeat8,frontier,sustained241_256,0,0,,,0
32,midpoint_repeat8,frontier,delayed_sustained,0,0,,,0
64,midpoint_repeat8,keep,immediate64,3091,3091,1.0,1.0,29
64,midpoint_repeat8,keep,continuous64_256,0,3091,0.0,0.0,29
64,midpoint_repeat8,keep,endpoint128,1688,3091,0.5461015852474927,0.4016120094076828,29
64,midpoint_repeat8,keep,endpoint256,0,3091,0.0,0.0,29
64,midpoint_repeat8,keep,ever_after64,3089,3091,0.9993529602070528,0.9995765558081174,29
64,midpoint_repeat8,keep,sustained241_256,0,3091,0.0,0.0,29
64,midpoint_repeat8,keep,delayed_sustained,0,3091,0.0,0.0,29
64,midpoint_repeat8,rescue,immediate64,0,78734,0.0,0.0,126
64,midpoint_repeat8,rescue,continuous64_256,0,78734,0.0,0.0,126
64,midpoint_repeat8,rescue,endpoint128,28290,78734,0.3593110981278736,0.3800427864003011,126
64,midpoint_repeat8,rescue,endpoint256,0,78734,0.0,0.0,126
64,midpoint_repeat8,rescue,ever_after64,54967,78734,0.6981354941956461,0.7002024804240322,126
64,midpoint_repeat8,rescue,sustained241_256,0,78734,0.0,0.0,126
64,midpoint_repeat8,rescue,delayed_sustained,0,78734,0.0,0.0,126
64,midpoint_repeat8,prog,immediate64,0,88794,0.0,0.0,109
64,midpoint_repeat8,prog,continuous64_256,0,88794,0.0,0.0,109
64,midpoint_repeat8,prog,endpoint128,1986,88794,0.022366376106493682,0.02083747485084542,109
64,midpoint_repeat8,prog,endpoint256,0,88794,0.0,0.0,109
64,midpoint_repeat8,prog,ever_after64,8415,88794,0.0947699168862761,0.1306977763698083,109
64,midpoint_repeat8,prog,sustained241_256,0,88794,0.0,0.0,109
64,midpoint_repeat8,prog,delayed_sustained,0,88794,0.0,0.0,109
64,midpoint_repeat8,F_only,immediate64,266,266,1.0,1.0,12
64,midpoint_repeat8,F_only,continuous64_256,0,266,0.0,0.0,12
64,midpoint_repeat8,F_only,endpoint128,0,266,0.0,0.0,12
64,midpoint_repeat8,F_only,endpoint256,0,266,0.0,0.0,12
64,midpoint_repeat8,F_only,ever_after64,246,266,0.924812030075188,0.7622970193024042,12
64,midpoint_repeat8,F_only,sustained241_256,0,266,0.0,0.0,12
64,midpoint_repeat8,F_only,delayed_sustained,0,266,0.0,0.0,12
64,midpoint_repeat8,frontier,immediate64,0,3,0.0,0.0,1
64,midpoint_repeat8,frontier,continuous64_256,0,3,0.0,0.0,1
64,midpoint_repeat8,frontier,endpoint128,0,3,0.0,0.0,1
64,midpoint_repeat8,frontier,endpoint256,0,3,0.0,0.0,1
64,midpoint_repeat8,frontier,ever_after64,2,3,0.6666666666666666,0.6666666666666666,1
64,midpoint_repeat8,frontier,sustained241_256,0,3,0.0,0.0,1
64,midpoint_repeat8,frontier,delayed_sustained,0,3,0.0,0.0,1
32,oracle_once,keep,immediate64,20762,20762,1.0,1.0,110
32,oracle_once,keep,continuous64_256,2476,20762,0.11925633368654272,0.10163853510999032,110
32,oracle_once,keep,endpoint128,16631,20762,0.8010307292168385,0.8025869130900608,110
32,oracle_once,keep,endpoint256,7157,20762,0.34471630864078606,0.3202227179465318,110
32,oracle_once,keep,ever_after64,20762,20762,1.0,1.0,110
32,oracle_once,keep,sustained241_256,6642,20762,0.3199113765533186,0.2971219830030429,110
32,oracle_once,keep,delayed_sustained,0,20762,0.0,0.0,110
32,oracle_once,rescue,immediate64,0,6130,0.0,0.0,42
32,oracle_once,rescue,continuous64_256,0,6130,0.0,0.0,42
32,oracle_once,rescue,endpoint128,5037,6130,0.8216965742251223,0.8931351336442391,42
32,oracle_once,rescue,endpoint256,3825,6130,0.6239804241435563,0.5549686989344101,42
32,oracle_once,rescue,ever_after64,6129,6130,0.999836867862969,0.9998986828774062,42
32,oracle_once,rescue,sustained241_256,3688,6130,0.60163132137031,0.5346695334103426,42
32,oracle_once,rescue,delayed_sustained,3688,6130,0.60163132137031,0.5346695334103426,42
32,oracle_once,prog,immediate64,0,3917,0.0,0.0,26
32,oracle_once,prog,continuous64_256,0,3917,0.0,0.0,26
32,oracle_once,prog,endpoint128,3401,3917,0.8682665305080419,0.853026781366927,26
32,oracle_once,prog,endpoint256,3904,3917,0.9966811335205514,0.9939759036144579,26
32,oracle_once,prog,ever_after64,3917,3917,1.0,1.0,26
32,oracle_once,prog,sustained241_256,3904,3917,0.9966811335205514,0.9939759036144579,26
32,oracle_once,prog,delayed_sustained,3904,3917,0.9966811335205514,0.9939759036144579,26
32,oracle_once,F_only,immediate64,3948,3948,1.0,1.0,58
32,oracle_once,F_only,continuous64_256,1679,3948,0.42527862208713274,0.3757063651834272,58
32,oracle_once,F_only,endpoint128,2731,3948,0.6917426545086119,0.5866182365708248,58
32,oracle_once,F_only,endpoint256,3489,3948,0.8837386018237082,0.7591708199387898,58
32,oracle_once,F_only,ever_after64,3948,3948,1.0,1.0,58
32,oracle_once,F_only,sustained241_256,3456,3948,0.8753799392097265,0.7511572211044042,58
32,oracle_once,F_only,delayed_sustained,0,3948,0.0,0.0,58
32,oracle_once,frontier,immediate64,0,0,,,0
32,oracle_once,frontier,continuous64_256,0,0,,,0
32,oracle_once,frontier,endpoint128,0,0,,,0
32,oracle_once,frontier,endpoint256,0,0,,,0
32,oracle_once,frontier,ever_after64,0,0,,,0
32,oracle_once,frontier,sustained241_256,0,0,,,0
32,oracle_once,frontier,delayed_sustained,0,0,,,0
64,oracle_once,keep,immediate64,3091,3091,1.0,1.0,29
64,oracle_once,keep,continuous64_256,277,3091,0.08961501132319638,0.043990811180135606,29
64,oracle_once,keep,endpoint128,2001,3091,0.6473633128437399,0.5227316196493093,29
64,oracle_once,keep,endpoint256,888,3091,0.28728566806858624,0.5405468084519737,29
64,oracle_once,keep,ever_after64,3091,3091,1.0,1.0,29
64,oracle_once,keep,sustained241_256,827,3091,0.2675509543836946,0.43489221912066023,29
64,oracle_once,keep,delayed_sustained,0,3091,0.0,0.0,29
64,oracle_once,rescue,immediate64,0,78734,0.0,0.0,126
64,oracle_once,rescue,continuous64_256,0,78734,0.0,0.0,126
64,oracle_once,rescue,endpoint128,47381,78734,0.6017857596464044,0.609957017066349,126
64,oracle_once,rescue,endpoint256,46826,78734,0.5947367084105977,0.5462010231537088,126
64,oracle_once,rescue,ever_after64,77291,78734,0.9816724667869028,0.978181205265925,126
64,oracle_once,rescue,sustained241_256,44024,78734,0.5591485254146874,0.5147964821627998,126
64,oracle_once,rescue,delayed_sustained,44024,78734,0.5591485254146874,0.5147964821627998,126
64,oracle_once,prog,immediate64,0,88794,0.0,0.0,109
64,oracle_once,prog,continuous64_256,0,88794,0.0,0.0,109
64,oracle_once,prog,endpoint128,31742,88794,0.35747910894880286,0.35655251903205903,109
64,oracle_once,prog,endpoint256,59929,88794,0.6749217289456495,0.6415807698758837,109
64,oracle_once,prog,ever_after64,88653,88794,0.9984120548685722,0.9985978809320334,109
64,oracle_once,prog,sustained241_256,56740,88794,0.6390071401220804,0.6105026455434542,109
64,oracle_once,prog,delayed_sustained,56740,88794,0.6390071401220804,0.6105026455434542,109
64,oracle_once,F_only,immediate64,266,266,1.0,1.0,12
64,oracle_once,F_only,continuous64_256,40,266,0.15037593984962405,0.03477123029875324,12
64,oracle_once,F_only,endpoint128,206,266,0.7744360902255639,0.6547619047619048,12
64,oracle_once,F_only,endpoint256,266,266,1.0,1.0,12
64,oracle_once,F_only,ever_after64,266,266,1.0,1.0,12
64,oracle_once,F_only,sustained241_256,255,266,0.9586466165413534,0.9166666666666666,12
64,oracle_once,F_only,delayed_sustained,0,266,0.0,0.0,12
64,oracle_once,frontier,immediate64,0,3,0.0,0.0,1
64,oracle_once,frontier,continuous64_256,0,3,0.0,0.0,1
64,oracle_once,frontier,endpoint128,3,3,1.0,1.0,1
64,oracle_once,frontier,endpoint256,3,3,1.0,1.0,1
64,oracle_once,frontier,ever_after64,3,3,1.0,1.0,1
64,oracle_once,frontier,sustained241_256,3,3,1.0,1.0,1
64,oracle_once,frontier,delayed_sustained,3,3,1.0,1.0,1
32,source_once,keep,immediate64,20762,20762,1.0,1.0,110
32,source_once,keep,continuous64_256,0,20762,0.0,0.0,110
32,source_once,keep,endpoint128,6096,20762,0.2936133320489356,0.2987744164488326,110
32,source_once,keep,endpoint256,0,20762,0.0,0.0,110
32,source_once,keep,ever_after64,20762,20762,1.0,1.0,110
32,source_once,keep,sustained241_256,0,20762,0.0,0.0,110
32,source_once,keep,delayed_sustained,0,20762,0.0,0.0,110
32,source_once,rescue,immediate64,0,6130,0.0,0.0,42
32,source_once,rescue,continuous64_256,0,6130,0.0,0.0,42
32,source_once,rescue,endpoint128,3287,6130,0.5362153344208809,0.5463071821939156,42
32,source_once,rescue,endpoint256,0,6130,0.0,0.0,42
32,source_once,rescue,ever_after64,5785,6130,0.9437194127243067,0.9631495759314052,42
32,source_once,rescue,sustained241_256,0,6130,0.0,0.0,42
32,source_once,rescue,delayed_sustained,0,6130,0.0,0.0,42
32,source_once,prog,immediate64,0,3917,0.0,0.0,26
32,source_once,prog,continuous64_256,0,3917,0.0,0.0,26
32,source_once,prog,endpoint128,25,3917,0.006382435537401072,0.005630351426702549,26
32,source_once,prog,endpoint256,0,3917,0.0,0.0,26
32,source_once,prog,ever_after64,1070,3917,0.27316824100076587,0.4915829385800445,26
32,source_once,prog,sustained241_256,0,3917,0.0,0.0,26
32,source_once,prog,delayed_sustained,0,3917,0.0,0.0,26
32,source_once,F_only,immediate64,3948,3948,1.0,1.0,58
32,source_once,F_only,continuous64_256,0,3948,0.0,0.0,58
32,source_once,F_only,endpoint128,6,3948,0.001519756838905775,0.00517057559736878,58
32,source_once,F_only,endpoint256,0,3948,0.0,0.0,58
32,source_once,F_only,ever_after64,3930,3948,0.9954407294832827,0.9976113176013299,58
32,source_once,F_only,sustained241_256,0,3948,0.0,0.0,58
32,source_once,F_only,delayed_sustained,0,3948,0.0,0.0,58
32,source_once,frontier,immediate64,0,0,,,0
32,source_once,frontier,continuous64_256,0,0,,,0
32,source_once,frontier,endpoint128,0,0,,,0
32,source_once,frontier,endpoint256,0,0,,,0
32,source_once,frontier,ever_after64,0,0,,,0
32,source_once,frontier,sustained241_256,0,0,,,0
32,source_once,frontier,delayed_sustained,0,0,,,0
64,source_once,keep,immediate64,3091,3091,1.0,1.0,29
64,source_once,keep,continuous64_256,0,3091,0.0,0.0,29
64,source_once,keep,endpoint128,696,3091,0.22516984794564865,0.27487031623737684,29
64,source_once,keep,endpoint256,0,3091,0.0,0.0,29
64,source_once,keep,ever_after64,3089,3091,0.9993529602070528,0.9995765558081174,29
64,source_once,keep,sustained241_256,0,3091,0.0,0.0,29
64,source_once,keep,delayed_sustained,0,3091,0.0,0.0,29
64,source_once,rescue,immediate64,0,78734,0.0,0.0,126
64,source_once,rescue,continuous64_256,0,78734,0.0,0.0,126
64,source_once,rescue,endpoint128,27459,78734,0.34875657276399014,0.36347284059552915,126
64,source_once,rescue,endpoint256,0,78734,0.0,0.0,126
64,source_once,rescue,ever_after64,54460,78734,0.6916960906342876,0.6945126764626863,126
64,source_once,rescue,sustained241_256,0,78734,0.0,0.0,126
64,source_once,rescue,delayed_sustained,0,78734,0.0,0.0,126
64,source_once,prog,immediate64,0,88794,0.0,0.0,109
64,source_once,prog,continuous64_256,0,88794,0.0,0.0,109
64,source_once,prog,endpoint128,1791,88794,0.020170281775795662,0.017459854341694968,109
64,source_once,prog,endpoint256,0,88794,0.0,0.0,109
64,source_once,prog,ever_after64,8240,88794,0.09279906299975224,0.1269361411581922,109
64,source_once,prog,sustained241_256,0,88794,0.0,0.0,109
64,source_once,prog,delayed_sustained,0,88794,0.0,0.0,109
64,source_once,F_only,immediate64,266,266,1.0,1.0,12
64,source_once,F_only,continuous64_256,0,266,0.0,0.0,12
64,source_once,F_only,endpoint128,0,266,0.0,0.0,12
64,source_once,F_only,endpoint256,0,266,0.0,0.0,12
64,source_once,F_only,ever_after64,246,266,0.924812030075188,0.7622970193024042,12
64,source_once,F_only,sustained241_256,0,266,0.0,0.0,12
64,source_once,F_only,delayed_sustained,0,266,0.0,0.0,12
64,source_once,frontier,immediate64,0,3,0.0,0.0,1
64,source_once,frontier,continuous64_256,0,3,0.0,0.0,1
64,source_once,frontier,endpoint128,0,3,0.0,0.0,1
64,source_once,frontier,endpoint256,0,3,0.0,0.0,1
64,source_once,frontier,ever_after64,2,3,0.6666666666666666,0.6666666666666666,1
64,source_once,frontier,sustained241_256,0,3,0.0,0.0,1
64,source_once,frontier,delayed_sustained,0,3,0.0,0.0,1
32,source_swap_once,keep,immediate64,20762,20762,1.0,1.0,110
32,source_swap_once,keep,continuous64_256,0,20762,0.0,0.0,110
32,source_swap_once,keep,endpoint128,1664,20762,0.08014642134669107,0.09290667239398352,110
32,source_swap_once,keep,endpoint256,0,20762,0.0,0.0,110
32,source_swap_once,keep,ever_after64,20762,20762,1.0,1.0,110
32,source_swap_once,keep,sustained241_256,0,20762,0.0,0.0,110
32,source_swap_once,keep,delayed_sustained,0,20762,0.0,0.0,110
32,source_swap_once,rescue,immediate64,0,6130,0.0,0.0,42
32,source_swap_once,rescue,continuous64_256,0,6130,0.0,0.0,42
32,source_swap_once,rescue,endpoint128,3163,6130,0.5159869494290376,0.4981377977071787,42
32,source_swap_once,rescue,endpoint256,51,6130,0.00831973898858075,0.006380169538064274,42
32,source_swap_once,rescue,ever_after64,5734,6130,0.935399673735726,0.9552728434453389,42
32,source_swap_once,rescue,sustained241_256,18,6130,0.002936378466557912,0.002050580997949419,42
32,source_swap_once,rescue,delayed_sustained,18,6130,0.002936378466557912,0.002050580997949419,42
32,source_swap_once,prog,immediate64,0,3917,0.0,0.0,26
32,source_swap_once,prog,continuous64_256,0,3917,0.0,0.0,26
32,source_swap_once,prog,endpoint128,25,3917,0.006382435537401072,0.005630351426702549,26
32,source_swap_once,prog,endpoint256,0,3917,0.0,0.0,26
32,source_swap_once,prog,ever_after64,1070,3917,0.27316824100076587,0.4915829385800445,26
32,source_swap_once,prog,sustained241_256,0,3917,0.0,0.0,26
32,source_swap_once,prog,delayed_sustained,0,3917,0.0,0.0,26
32,source_swap_once,F_only,immediate64,3948,3948,1.0,1.0,58
32,source_swap_once,F_only,continuous64_256,0,3948,0.0,0.0,58
32,source_swap_once,F_only,endpoint128,6,3948,0.001519756838905775,0.00517057559736878,58
32,source_swap_once,F_only,endpoint256,0,3948,0.0,0.0,58
32,source_swap_once,F_only,ever_after64,3930,3948,0.9954407294832827,0.9976113176013299,58
32,source_swap_once,F_only,sustained241_256,0,3948,0.0,0.0,58
32,source_swap_once,F_only,delayed_sustained,0,3948,0.0,0.0,58
32,source_swap_once,frontier,immediate64,0,0,,,0
32,source_swap_once,frontier,continuous64_256,0,0,,,0
32,source_swap_once,frontier,endpoint128,0,0,,,0
32,source_swap_once,frontier,endpoint256,0,0,,,0
32,source_swap_once,frontier,ever_after64,0,0,,,0
32,source_swap_once,frontier,sustained241_256,0,0,,,0
32,source_swap_once,frontier,delayed_sustained,0,0,,,0
64,source_swap_once,keep,immediate64,3091,3091,1.0,1.0,29
64,source_swap_once,keep,continuous64_256,0,3091,0.0,0.0,29
64,source_swap_once,keep,endpoint128,426,3091,0.13781947589776772,0.22161549722808188,29
64,source_swap_once,keep,endpoint256,0,3091,0.0,0.0,29
64,source_swap_once,keep,ever_after64,3089,3091,0.9993529602070528,0.9995765558081174,29
64,source_swap_once,keep,sustained241_256,0,3091,0.0,0.0,29
64,source_swap_once,keep,delayed_sustained,0,3091,0.0,0.0,29
64,source_swap_once,rescue,immediate64,0,78734,0.0,0.0,126
64,source_swap_once,rescue,continuous64_256,0,78734,0.0,0.0,126
64,source_swap_once,rescue,endpoint128,28120,78734,0.35715192928086975,0.36920722721339566,126
64,source_swap_once,rescue,endpoint256,509,78734,0.006464805547793838,0.005762967050594152,126
64,source_swap_once,rescue,ever_after64,54815,78734,0.6962049432265603,0.6985812354979012,126
64,source_swap_once,rescue,sustained241_256,172,78734,0.002184570833439175,0.001885133332126382,126
64,source_swap_once,rescue,delayed_sustained,172,78734,0.002184570833439175,0.001885133332126382,126
64,source_swap_once,prog,immediate64,0,88794,0.0,0.0,109
64,source_swap_once,prog,continuous64_256,0,88794,0.0,0.0,109
64,source_swap_once,prog,endpoint128,1838,88794,0.02069959681960493,0.017822457521634565,109
64,source_swap_once,prog,endpoint256,32,88794,0.00036038471067864944,0.0002114121402189994,109
64,source_swap_once,prog,ever_after64,8256,88794,0.09297925535509156,0.12707432937140323,109
64,source_swap_once,prog,sustained241_256,2,88794,2.252404441741559e-05,1.3837574549932888e-05,109
64,source_swap_once,prog,delayed_sustained,2,88794,2.252404441741559e-05,1.3837574549932888e-05,109
64,source_swap_once,F_only,immediate64,266,266,1.0,1.0,12
64,source_swap_once,F_only,continuous64_256,0,266,0.0,0.0,12
64,source_swap_once,F_only,endpoint128,0,266,0.0,0.0,12
64,source_swap_once,F_only,endpoint256,0,266,0.0,0.0,12
64,source_swap_once,F_only,ever_after64,246,266,0.924812030075188,0.7622970193024042,12
64,source_swap_once,F_only,sustained241_256,0,266,0.0,0.0,12
64,source_swap_once,F_only,delayed_sustained,0,266,0.0,0.0,12
64,source_swap_once,frontier,immediate64,0,3,0.0,0.0,1
64,source_swap_once,frontier,continuous64_256,0,3,0.0,0.0,1
64,source_swap_once,frontier,endpoint128,0,3,0.0,0.0,1
64,source_swap_once,frontier,endpoint256,0,3,0.0,0.0,1
64,source_swap_once,frontier,ever_after64,2,3,0.6666666666666666,0.6666666666666666,1
64,source_swap_once,frontier,sustained241_256,0,3,0.0,0.0,1
64,source_swap_once,frontier,delayed_sustained,0,3,0.0,0.0,1
