architecture,K,seed,size,T,BA,flip_BA,all_paired,far_paired,far_pooled
ws_additive,64,0,32,64,0.8720381259918213,0.8398910760879517,0.35874953866004944,0.15827229619026184,0.012903225608170033
ws_additive,64,0,32,128,0.8914560675621033,0.8485440015792847,0.43528491258621216,0.15442439913749695,0.04164223000407219
ws_additive,64,0,32,256,0.9143437147140503,0.8694052696228027,0.49066948890686035,0.19302332401275635,0.06627565622329712
ws_additive,64,0,64,64,0.756950855255127,0.7553272247314453,0.1968545913696289,0.025447264313697815,0.02151172235608101
ws_additive,64,0,64,128,0.7328039407730103,0.7305610775947571,0.16339364647865295,0.005687885917723179,0.00375516340136528
ws_additive,64,0,64,256,0.7530897259712219,0.7514969110488892,0.1828639656305313,0.012660669162869453,0.00987071543931961
ws_additive,64,1,32,64,0.8773447275161743,0.8516134023666382,0.39968639612197876,0.0,0.0
ws_additive,64,1,32,128,0.8710126876831055,0.8824250102043152,0.4350854158401489,0.22171038389205933,0.11143694818019867
ws_additive,64,1,32,256,0.8754647970199585,0.8847041130065918,0.4639010429382324,0.2670753002166748,0.13724340498447418
ws_additive,64,1,64,64,0.7231321334838867,0.7266679406166077,0.16794723272323608,0.001593280932866037,0.0008583230664953589
ws_additive,64,1,64,128,0.7482345700263977,0.7300575971603394,0.17592328786849976,0.04501112550497055,0.02950485423207283
ws_additive,64,1,64,256,0.7645313739776611,0.7427014112472534,0.18320070207118988,0.059775106608867645,0.03663966432213783
ws_additive,8,0,32,64,0.9121890664100647,0.900763988494873,0.5738811492919922,0.23183192312717438,0.14252199232578278
ws_additive,8,0,32,128,0.901903510093689,0.8835837841033936,0.5136327743530273,0.14023670554161072,0.07624633610248566
ws_additive,8,0,32,256,0.8999082446098328,0.8753547072410583,0.4911876916885376,0.11736118793487549,0.06568914651870728
ws_additive,8,0,64,64,0.7879880666732788,0.734073281288147,0.22547416388988495,0.050988517701625824,0.046081218868494034
ws_additive,8,0,64,128,0.7883490324020386,0.7290685772895813,0.23660455644130707,0.0683189257979393,0.06233571097254753
ws_additive,8,0,64,256,0.7813745737075806,0.7407702207565308,0.26980191469192505,0.10831539332866669,0.11040180176496506
ws_additive,8,1,32,64,0.980290949344635,0.9807370901107788,0.8895193934440613,0.8086513876914978,0.5953079462051392
ws_additive,8,1,32,128,0.9769487977027893,0.9795178771018982,0.8802057504653931,0.7919718027114868,0.5876832604408264
ws_additive,8,1,32,256,0.965596616268158,0.9732176661491394,0.8581979274749756,0.7824269533157349,0.6058651208877563
ws_additive,8,1,64,64,0.8238519430160522,0.7816498875617981,0.4211706817150116,0.2840222418308258,0.18834826350212097
ws_additive,8,1,64,128,0.8367820978164673,0.7897335290908813,0.44839316606521606,0.31839612126350403,0.22391502559185028
ws_additive,8,1,64,256,0.8362088203430176,0.7952170968055725,0.5188814401626587,0.41506582498550415,0.31419989466667175
ws_revision,64,0,32,64,0.780369758605957,0.8459153771400452,0.5222195386886597,0.2143903374671936,0.06510263681411743
ws_revision,64,0,32,128,0.7721666097640991,0.8308607339859009,0.5664153695106506,0.5016480684280396,0.25923752784729004
ws_revision,64,0,32,256,0.7708938121795654,0.8279540538787842,0.565036416053772,0.6321115493774414,0.3841642141342163
ws_revision,64,0,64,64,0.7278311252593994,0.714509129524231,0.20551040768623352,0.05648549273610115,0.039536505937576294
ws_revision,64,0,64,128,0.6744787693023682,0.6627874374389648,0.20895753800868988,0.15209484100341797,0.09945818036794662
ws_revision,64,0,64,256,0.6623486280441284,0.652377724647522,0.22991348803043365,0.21627020835876465,0.14575397968292236
ws_revision,64,1,32,64,0.8615670204162598,0.8268547654151917,0.3630603551864624,0.0,0.0
ws_revision,64,1,32,128,0.8425112962722778,0.8028984069824219,0.3847077488899231,0.0,0.0
ws_revision,64,1,32,256,0.8224244117736816,0.7760041356086731,0.4068083167076111,0.0,0.0
ws_revision,64,1,64,64,0.674913763999939,0.683504045009613,0.13606171309947968,0.0,0.0
ws_revision,64,1,64,128,0.6638925671577454,0.6697657108306885,0.1362006515264511,0.0027461459394544363,0.001984872156754136
ws_revision,64,1,64,256,0.6497985124588013,0.6535831093788147,0.1342364251613617,0.008679020218551159,0.006759293843060732
ws_revision,8,0,32,64,0.8389999866485596,0.8253084421157837,0.43707525730133057,0.00665182014927268,0.01173020526766777
ws_revision,8,0,32,128,0.6433323621749878,0.6153177618980408,0.2427653670310974,0.059760671108961105,0.09501466155052185
ws_revision,8,0,32,256,0.5964057445526123,0.585049033164978,0.2338869571685791,0.07839888334274292,0.1413489729166031
ws_revision,8,0,64,64,0.662656843662262,0.6406390070915222,0.15122516453266144,0.032193683087825775,0.026339787989854813
ws_revision,8,0,64,128,0.5470739603042603,0.5667366981506348,0.1700274646282196,0.11463235318660736,0.09473740309476852
ws_revision,8,0,64,256,0.5436855554580688,0.5279363393783569,0.18762657046318054,0.14340980350971222,0.12515422701835632
ws_revision,8,1,32,64,0.643795371055603,0.6484185457229614,0.3725734353065491,0.1781359314918518,0.11436950415372849
ws_revision,8,1,32,128,0.4882826805114746,0.5064510107040405,0.19948861002922058,0.17241288721561432,0.11026392877101898
ws_revision,8,1,32,256,0.4618059992790222,0.4827027916908264,0.19430500268936157,0.15681341290473938,0.16070380806922913
ws_revision,8,1,64,64,0.6625328063964844,0.6006425619125366,0.15593892335891724,0.03856607526540756,0.0303631778806448
ws_revision,8,1,64,128,0.5425070524215698,0.4922778308391571,0.1098136156797409,0.07880032062530518,0.057829514145851135
ws_revision,8,1,64,256,0.5417836308479309,0.50244140625,0.15527117252349854,0.13803033530712128,0.1051982194185257
