block,initialization_seed,schedule_seed,arm,full_pass,size,horizon,coverage,strict_mean,strict_pooled,retention64_to256,ever_regressed_fraction,frontier_effect
0,91001,92001,w24,False,32,64,0.20903010033444816,0.020736865698923572,0.016122364613476645,0.4596923076923077,0.8560935799782372,0.08341260277516288
0,91001,92001,w24,False,32,128,0.2033702083869308,0.023710675479519043,0.02066969822240595,0.4596923076923077,0.8560935799782372,0.08341260277516288
0,91001,92001,w24,False,32,256,0.15153074350398765,0.05282016561417149,0.01694915254237288,0.4596923076923077,0.8560935799782372,0.08341260277516288
0,91001,92001,w24,False,64,64,0.12988034513991514,0.007144098377850632,0.007477457664394106,0.9401725087171958,0.7470046082949309,0.11385050884510589
0,91001,92001,w24,False,64,128,0.15371597463889022,0.03545245249222647,0.03507807345502529,0.9401725087171958,0.7470046082949309,0.11385050884510589
0,91001,92001,w24,False,64,256,0.17152118987462459,0.12151195179574295,0.09885638882779856,0.9401725087171958,0.7470046082949309,0.11385050884510589
0,91001,92001,w8,False,32,64,0.19822485207100593,0.002529761904761905,0.0016535758577924762,0.7488643737832577,0.4732947232947233,0.020598208701847635
0,91001,92001,w8,False,32,128,0.2381013635194237,0.025512289234701484,0.011161637040099214,0.7488643737832577,0.4732947232947233,0.020598208701847635
0,91001,92001,w8,False,32,256,0.30036017494211475,0.12053230707657836,0.05994212484497726,0.7488643737832577,0.4732947232947233,0.020598208701847635
0,91001,92001,w8,False,64,64,0.007984935882156648,0.0,0.0,0.7850746268656716,0.9175841459578484,0.06158587088824668
0,91001,92001,w8,False,64,128,0.009462744911093102,0.0018221227134146342,0.0010996261271167802,0.7850746268656716,0.9175841459578484,0.06158587088824668
0,91001,92001,w8,False,64,256,0.012632883634456787,0.014198498467410777,0.009016934242357598,0.7850746268656716,0.9175841459578484,0.06158587088824668
0,91001,92001,w24_capacity,False,32,64,0.3684075122202212,0.06661188982959046,0.08598594460520877,0.8701117318435754,0.6664385124344057,0.06448678914452105
0,91001,92001,w24_capacity,False,32,128,0.335477231798302,0.023048257885272982,0.015708970649028525,0.8701117318435754,0.6664385124344057,0.06448678914452105
0,91001,92001,w24_capacity,False,32,256,0.35670182660149213,0.03526439196567477,0.018189334435717238,0.8701117318435754,0.6664385124344057,0.06448678914452105
0,91001,92001,w24_capacity,False,64,64,0.1879677742289174,0.08985422187172343,0.09291840774136793,0.820948516358103,0.6311121049493142,0.03468799898052466
0,91001,92001,w24_capacity,False,64,128,0.19089955665729133,0.059003302185756654,0.052122278425335386,0.820948516358103,0.6311121049493142,0.03468799898052466
0,91001,92001,w24_capacity,False,64,256,0.18262859322114697,0.09167189409562966,0.07829338025071475,0.820948516358103,0.6311121049493142,0.03468799898052466
0,91001,92001,w16,False,32,64,0.20722922562387444,0.03699150715512346,0.019842910293509715,0.7057728119180633,0.661294964028777,0.07142832434925867
0,91001,92001,w16,False,32,128,0.18716233599176743,0.11568600363287437,0.040926002480363786,0.7057728119180633,0.661294964028777,0.07142832434925867
0,91001,92001,w16,False,32,256,0.1728839722150759,0.10446154870916899,0.04878048780487805,0.7057728119180633,0.661294964028777,0.07142832434925867
0,91001,92001,w16,False,64,64,0.14134528292892215,0.09451832138839217,0.08994941719815262,0.8861720067453626,0.3388748099341105,0.05216206267943494
0,91001,92001,w16,False,64,128,0.1662535157553511,0.19537719889179095,0.17934902133274686,0.8861720067453626,0.3388748099341105,0.05216206267943494
0,91001,92001,w16,False,64,256,0.16770748915478859,0.21702267262149977,0.20639982405981966,0.8861720067453626,0.3388748099341105,0.05216206267943494
0,91001,92001,w4,False,32,64,0.2203498842294829,0.01903348779002704,0.005787515502273667,0.7483946293053123,0.7651821862348178,0.05813621110889415
0,91001,92001,w4,False,32,128,0.2280679187033702,0.03388489511453716,0.015295576684580404,0.7483946293053123,0.7651821862348178,0.05813621110889415
0,91001,92001,w4,False,32,256,0.22305119629534345,0.04034554986910056,0.015708970649028525,0.7483946293053123,0.7651821862348178,0.05813621110889415
0,91001,92001,w4,False,64,64,0.011965486008485484,0.0010114609599165291,0.0008797009016934242,0.545816733067729,0.9483780955702825,0.1039649446472492
0,91001,92001,w4,False,64,128,0.014134528292892216,0.0015630043204411738,0.0020892896415218827,0.545816733067729,0.9483780955702825,0.1039649446472492
0,91001,92001,w4,False,64,256,0.013204938742432188,8.729050279329609e-05,0.00010996261271167803,0.545816733067729,0.9483780955702825,0.1039649446472492
0,91001,92001,w2_alternating,False,32,64,0.1952662721893491,0.0,0.0,0.0,1.0,0.09897047180082247
0,91001,92001,w2_alternating,False,32,128,0.0,0.0,0.0,0.0,1.0,0.09897047180082247
0,91001,92001,w2_alternating,False,32,256,0.0,0.0,0.0,0.0,1.0,0.09897047180082247
0,91001,92001,w2_alternating,False,64,64,0.08397292272488917,0.028688163807216935,0.02837035407961293,0.0,1.0,0.15361808300644472
0,91001,92001,w2_alternating,False,64,128,0.0,0.0,0.0,0.0,1.0,0.15361808300644472
0,91001,92001,w2_alternating,False,64,256,0.0,0.0,0.0,0.0,1.0,0.15361808300644472
1,91002,92002,w8,False,32,64,0.020195523540005145,0.0,0.0,0.0,0.9997443109179238,0.16740612211308997
1,91002,92002,w8,False,32,128,0.0011577051710830975,0.00024606299212598425,0.00041339396444811904,0.0,0.9997443109179238,0.16740612211308997
1,91002,92002,w8,False,32,256,0.0016722408026755853,0.00024606299212598425,0.00041339396444811904,0.0,0.9997443109179238,0.16740612211308997
1,91002,92002,w8,False,64,64,0.07291319063736473,0.039882111541421544,0.03925665273806905,0.006864988558352402,0.9921285140562249,0.07171773832328113
1,91002,92002,w8,False,64,128,0.013753158220908614,0.027965011355468822,0.025401363536397624,0.006864988558352402,0.9921285140562249,0.07171773832328113
1,91002,92002,w8,False,64,256,0.0028841111693759833,0.006837327345896569,0.005937981086430614,0.006864988558352402,0.9921285140562249,0.07171773832328113
1,91002,92002,w24_capacity,False,32,64,0.3056341651659377,0.08115897604400849,0.03100454733360893,0.049663299663299666,0.9875541125541125,0.02453239673898278
1,91002,92002,w24_capacity,False,32,128,0.34679701569333676,0.40163201355347883,0.24596940884663085,0.049663299663299666,0.9875541125541125,0.02453239673898278
1,91002,92002,w24_capacity,False,32,256,0.01569333676357088,0.0,0.0,0.049663299663299666,0.9875541125541125,0.02453239673898278
1,91002,92002,w24_capacity,False,64,64,0.21135052676741192,0.2264235530779663,0.20387068396745106,0.11819104544941919,0.9388528449216283,0.0321698624974531
1,91002,92002,w24_capacity,False,64,128,0.1530485770129189,0.18497146843695425,0.18154827358698042,0.11819104544941919,0.9388528449216283,0.0321698624974531
1,91002,92002,w24_capacity,False,64,256,0.04767125899795013,0.08246689173509447,0.07796349241257973,0.11819104544941919,0.9388528449216283,0.0321698624974531
1,91002,92002,w16,False,32,64,0.25392333419089275,0.029317534210966577,0.028524183546920216,0.7968591691995948,0.5875440658049353,0.020711006975687382
1,91002,92002,w16,False,32,128,0.2590686905068176,0.05907222542622165,0.052087639520463004,0.7968591691995948,0.5875440658049353,0.020711006975687382
1,91002,92002,w16,False,32,256,0.26241317211216875,0.07453340236943659,0.06118230673832162,0.7968591691995948,0.5875440658049353,0.020711006975687382
1,91002,92002,w16,False,64,64,0.004218906421318587,0.0037442396313364054,0.0028590279305036287,0.9661016949152542,0.852233676975945,0.20258198633478225
1,91002,92002,w16,False,64,128,0.011464937789007007,0.005725244464426211,0.004398504508467121,0.9661016949152542,0.852233676975945,0.20258198633478225
1,91002,92002,w16,False,64,256,0.01618439242980407,0.005149207598066764,0.003958654057620409,0.9661016949152542,0.852233676975945,0.20258198633478225
1,91002,92002,w4,False,32,64,0.3231283766400823,0.10265701562750582,0.029764365440264572,0.45262738853503187,0.7406598738476468,0.030460814451152743
1,91002,92002,w4,False,32,128,0.2831232312837664,0.17524977187047597,0.069450186027284,0.45262738853503187,0.7406598738476468,0.030460814451152743
1,91002,92002,w4,False,32,256,0.2081296629791613,0.18571223859339087,0.0847457627118644,0.45262738853503187,0.7406598738476468,0.030460814451152743
1,91002,92002,w4,False,64,64,0.1604137865281022,0.08332194604056534,0.07598416538376952,0.18558692421991085,0.9269140593419032,0.03755149132069703
1,91002,92002,w4,False,64,128,0.04662249129999523,0.03306153781734001,0.030239718495711457,0.18558692421991085,0.9269140593419032,0.03755149132069703
1,91002,92002,w4,False,64,256,0.03735043142489393,0.034682828305522655,0.02957994281944139,0.18558692421991085,0.9269140593419032,0.03755149132069703
1,91002,92002,w2_alternating,False,32,64,0.22408026755852842,0.0003633720930232558,0.00041339396444811904,0.024110218140068886,0.998719590268886,0.04720040995974225
1,91002,92002,w2_alternating,False,32,128,0.0029585798816568047,0.0,0.0,0.024110218140068886,0.998719590268886,0.04720040995974225
1,91002,92002,w2_alternating,False,32,256,0.0055312580396192435,0.0,0.0,0.024110218140068886,0.998719590268886,0.04720040995974225
1,91002,92002,w2_alternating,False,64,64,0.06943318873051438,0.03197346929771801,0.03144930723553992,0.017164435290078956,0.9996142272972764,0.07652524280490011
1,91002,92002,w2_alternating,False,64,128,0.00040520570148257614,0.0,0.0,0.017164435290078956,0.9996142272972764,0.07652524280490011
1,91002,92002,w2_alternating,False,64,256,0.0025980836153882826,0.0027452169419239195,0.0023092148669452387,0.017164435290078956,0.9996142272972764,0.07652524280490011
1,91002,92002,w24,False,32,64,0.312194494468742,0.024687399544413385,0.031831335262505166,0.1685208075813762,0.935213086526044,0.038555147329193004
1,91002,92002,w24,False,32,128,0.15719063545150502,0.02615274151178356,0.017775940471269118,0.1685208075813762,0.935213086526044,0.038555147329193004
1,91002,92002,w24,False,32,256,0.06573192693594031,0.025387770461838058,0.016122364613476645,0.1685208075813762,0.935213086526044,0.038555147329193004
1,91002,92002,w24,False,64,64,0.09076607713209706,0.03594920051417021,0.029030129755883,0.017857142857142856,0.9972776769509982,0.08767212011651562
1,91002,92002,w24,False,64,128,0.05320112504171235,0.0,0.0,0.017857142857142856,0.9972776769509982,0.08767212011651562
1,91002,92002,w24,False,64,256,0.002812604280879058,0.0,0.0,0.017857142857142856,0.9972776769509982,0.08767212011651562
2,91003,92003,w24_capacity,False,32,64,0.23540005145356316,0.0019687480925349447,0.0033071517155849523,0.994535519125683,0.5149774312679524,0.027097848822891027
2,91003,92003,w24_capacity,False,32,128,0.2737329560072035,0.006181621372092686,0.007027697395618024,0.994535519125683,0.5149774312679524,0.027097848822891027
2,91003,92003,w24_capacity,False,32,256,0.2738615899151016,0.006465219396915854,0.007441091360066143,0.994535519125683,0.5149774312679524,0.027097848822891027
2,91003,92003,w24_capacity,False,64,64,0.054535920293654956,0.0004692192192192192,0.0005498130635583901,0.7119755244755245,0.7413705583756345,0.028180669466776758
2,91003,92003,w24_capacity,False,64,128,0.04731372455546551,0.002399215252988838,0.0031889157686386628,0.7119755244755245,0.7413705583756345,0.028180669466776758
2,91003,92003,w24_capacity,False,64,256,0.040139200076274015,0.00121996996996997,0.0014295139652518143,0.7119755244755245,0.7413705583756345,0.028180669466776758
2,91003,92003,w16,False,32,64,0.03331618214561358,0.009239001634380946,0.014055394791236048,0.07335907335907337,0.9931290622098422,0.03253405317093114
2,91003,92003,w16,False,32,128,0.009647543092359146,0.007714172684139512,0.012815212897891691,0.07335907335907337,0.9931290622098422,0.03253405317093114
2,91003,92003,w16,False,32,256,0.01389246205299717,0.01567757058538236,0.02066969822240595,0.07335907335907337,0.9931290622098422,0.03253405317093114
2,91003,92003,w16,False,64,64,0.015207131620346093,0.017847238412580117,0.01616450406861667,0.001567398119122257,0.9989606790230383,0.09278626004000647
2,91003,92003,w16,False,64,128,0.001453973399437479,0.0019182190397187035,0.0014295139652518143,0.001567398119122257,0.9989606790230383,0.09278626004000647
2,91003,92003,w16,False,64,256,0.00047671258997950135,0.0005124000819840132,0.0005498130635583901,0.001567398119122257,0.9989606790230383,0.09278626004000647
2,91003,92003,w4,False,32,64,0.5075894005659892,0.3158936197060283,0.18106655642827615,0.007856056766345666,0.9964418841070823,0.05764074091751949
2,91003,92003,w4,False,32,128,0.07576537175199383,0.1651350826165238,0.11533691608102521,0.007856056766345666,0.9964418841070823,0.05764074091751949
2,91003,92003,w4,False,32,256,0.00784666838178544,0.0014137282259428377,0.002066969822240595,0.007856056766345666,0.9964418841070823,0.05764074091751949
2,91003,92003,w4,False,64,64,0.14470610668827763,0.21805293390393796,0.19144490873103145,0.0,1.0,0.06637050934366964
2,91003,92003,w4,False,64,128,0.045764408638032134,0.08283271994455002,0.08082252034308335,0.0,1.0,0.06637050934366964
2,91003,92003,w4,False,64,256,0.0,0.0,0.0,0.0,1.0,0.06637050934366964
2,91003,92003,w2_alternating,False,32,64,0.5192950861847183,0.30569393465501526,0.18809425382389416,0.9100817438692098,0.4267538434352359,0.1171334594908443
2,91003,92003,w2_alternating,False,32,128,0.6119114998713661,0.5563021753834705,0.4634146341463415,0.9100817438692098,0.4267538434352359,0.1171334594908443
2,91003,92003,w2_alternating,False,32,256,0.622330846411114,0.5911272189180082,0.4745762711864407,0.9100817438692098,0.4267538434352359,0.1171334594908443
2,91003,92003,w2_alternating,False,64,64,0.1869905134194594,0.1379309935655996,0.11875962172861228,0.8507329509241555,0.550106766806568,0.05570623309995658
2,91003,92003,w2_alternating,False,64,128,0.1933069552366878,0.21352052839836116,0.20486034748185616,0.8507329509241555,0.550106766806568,0.05570623309995658
2,91003,92003,w2_alternating,False,64,256,0.21790532487963007,0.28571100181079806,0.2730371673630965,0.8507329509241555,0.550106766806568,0.05570623309995658
2,91003,92003,w24,False,32,64,0.19307949575508104,0.3380138640053794,0.28069450186027284,0.1072618254497002,0.9791067663408088,0.1815676744171596
2,91003,92003,w24,False,32,128,0.10303576022639568,0.23560556705960953,0.15130219098801156,0.1072618254497002,0.9791067663408088,0.1815676744171596
2,91003,92003,w24,False,32,256,0.020967326987393876,0.03876669941501579,0.02315006200909467,0.1072618254497002,0.9791067663408088,0.1815676744171596
2,91003,92003,w24,False,64,64,0.19597654574057302,0.40948419200276676,0.39014734990103367,0.0032838725370955973,0.9984047644368819,0.18768099341598948
2,91003,92003,w24,False,64,128,0.12375458835867856,0.23697338574979404,0.23048163624367715,0.0032838725370955973,0.9984047644368819,0.18768099341598948
2,91003,92003,w24,False,64,256,0.0010726033274538781,0.001386518771331058,0.0014295139652518143,0.0032838725370955973,0.9984047644368819,0.18768099341598948
2,91003,92003,w8,False,32,64,0.3323900180087471,0.07649137594017102,0.046713517982637454,0.7728328173374613,0.7497512437810945,0.06874494013484117
2,91003,92003,w8,False,32,128,0.34075122202212504,0.11639267237676235,0.06779661016949153,0.7728328173374613,0.7497512437810945,0.06874494013484117
2,91003,92003,w8,False,32,256,0.3248006174427579,0.13903326996615617,0.08350558081852005,0.7728328173374613,0.7497512437810945,0.06874494013484117
2,91003,92003,w8,False,64,64,0.1044953997235067,0.022790731256954147,0.02177259731691225,0.697992700729927,0.6677953803361955,0.04786595941420456
2,91003,92003,w8,False,64,128,0.12699623397053916,0.13543646691400335,0.12304816362436771,0.697992700729927,0.6677953803361955,0.04786595941420456
2,91003,92003,w8,False,64,256,0.124278972207656,0.17054695221464028,0.15581702221244778,0.697992700729927,0.6677953803361955,0.04786595941420456
3,91004,92004,w16,False,32,64,0.7076151273475688,0.7418625984779186,0.6188507647788343,0.9396473368478458,0.11043119396613064,0.24055226385323883
3,91004,92004,w16,False,32,128,0.7939284795472087,0.9116911468825759,0.8912773873501447,0.9396473368478458,0.11043119396613064,0.24055226385323883
3,91004,92004,w16,False,32,256,0.8471829174170311,0.915105143158023,0.9330301777594047,0.9396473368478458,0.11043119396613064,0.24055226385323883
3,91004,92004,w16,False,64,64,0.37469609572388807,0.8252796160368472,0.8105344182977787,1.0,0.1279120879120879,0.13373400401679716
3,91004,92004,w16,False,64,128,0.5109882251990275,0.9633279831912793,0.9590939080712557,1.0,0.1279120879120879,0.13373400401679716
3,91004,92004,w16,False,64,256,0.6494732325880727,0.9958852269736125,0.9953815702661095,1.0,0.1279120879120879,0.13373400401679716
3,91004,92004,w4,False,32,64,0.4677128891175714,0.3375229744203363,0.1781727986771393,0.608085808580858,0.83725671918443,0.07303265803137642
3,91004,92004,w4,False,32,128,0.3950347311551325,0.4197200598970911,0.26085159156676313,0.608085808580858,0.83725671918443,0.07303265803137642
3,91004,92004,w4,False,32,256,0.37085155647028556,0.4678055827945033,0.3257544439851178,0.608085808580858,0.83725671918443,0.07303265803137642
3,91004,92004,w4,False,64,64,0.23187300376602946,0.2859354961710093,0.2602815042885419,0.8462171052631579,0.7244111197566669,0.07127854074522649
3,91004,92004,w4,False,64,128,0.26533822758259046,0.4522978617455452,0.42412579722894217,0.8462171052631579,0.7244111197566669,0.07127854074522649
3,91004,92004,w4,False,64,256,0.27670782285360157,0.530040047979186,0.5008797009016934,0.8462171052631579,0.7244111197566669,0.07127854074522649
3,91004,92004,w2_alternating,False,32,64,0.19114998713660922,0.0,0.0,0.31763122476446837,0.6006944444444444,0.01735531694998072
3,91004,92004,w2_alternating,False,32,128,0.17429894520195524,0.0010901162790697674,0.0012401818933443572,0.31763122476446837,0.6006944444444444,0.01735531694998072
3,91004,92004,w2_alternating,False,32,256,0.15114484178029328,0.02439595412700815,0.014055394791236048,0.31763122476446837,0.6006944444444444,0.01735531694998072
3,91004,92004,w2_alternating,False,64,64,0.1572674834342375,0.11173128171748524,0.0845612491752804,0.7538648075174296,0.4644232948107863,0.09011578061728447
3,91004,92004,w2_alternating,False,64,128,0.1495209038470706,0.13594777858101925,0.10501429513965252,0.7538648075174296,0.4644232948107863,0.09011578061728447
3,91004,92004,w2_alternating,False,64,256,0.13176335987033416,0.12326001497846746,0.10215526720914889,0.7538648075174296,0.4644232948107863,0.09011578061728447
3,91004,92004,w24,False,32,64,0.25585284280936454,0.021428304418686178,0.012401818933443571,0.9597787833081951,0.5480388629003239,0.10971050929618419
3,91004,92004,w24,False,32,128,0.2568819140725495,0.01552701478034172,0.007441091360066143,0.9597787833081951,0.5480388629003239,0.10971050929618419
3,91004,92004,w24,False,32,256,0.25701054798044765,0.018540897964119247,0.009921455146754857,0.9597787833081951,0.5480388629003239,0.10971050929618419
3,91004,92004,w24,False,64,64,0.1495209038470706,0.04331313097728826,0.042225643281284364,0.9006854774430098,0.5311930783242259,0.04927477115138687
3,91004,92004,w24,False,64,128,0.15690994899175287,0.06811249070228638,0.0670771937541236,0.9006854774430098,0.5311930783242259,0.04927477115138687
3,91004,92004,w24,False,64,256,0.15095104161700912,0.0736488917196823,0.07466461403122938,0.9006854774430098,0.5311930783242259,0.04927477115138687
3,91004,92004,w8,False,32,64,0.42217648572163624,0.19447645787606171,0.09466721785861927,0.7806215722120659,0.650233644859813,0.030694174365427422
3,91004,92004,w8,False,32,128,0.40236686390532544,0.2314459510906419,0.12277800744109137,0.7806215722120659,0.650233644859813,0.030694174365427422
3,91004,92004,w8,False,32,256,0.3716233599176743,0.21848979499877985,0.12773873501446878,0.7806215722120659,0.650233644859813,0.030694174365427422
3,91004,92004,w8,False,64,64,0.05446441340515803,0.002410734480440056,0.0018693644160985266,0.5006564551422319,0.7264774494556765,0.04258287082298706
3,91004,92004,w8,False,64,128,0.05031701387233637,0.03235662827909557,0.026610952276226084,0.5006564551422319,0.7264774494556765,0.04258287082298706
3,91004,92004,w8,False,64,256,0.05160413786528102,0.05504066660699804,0.043435232021112824,0.5006564551422319,0.7264774494556765,0.04258287082298706
3,91004,92004,w24_capacity,False,32,64,0.2878826858759969,0.050349703886456605,0.02232327408019843,0.8753351206434317,0.1980939414567733,0.047829865637418534
3,91004,92004,w24_capacity,False,32,128,0.32325701054798045,0.10894512403848809,0.046713517982637454,0.8753351206434317,0.1980939414567733,0.047829865637418534
3,91004,92004,w24_capacity,False,32,256,0.32492925135065603,0.1337430180071092,0.05787515502273667,0.8753351206434317,0.1980939414567733,0.047829865637418534
3,91004,92004,w24_capacity,False,64,64,0.16582447442436954,0.08841503905127297,0.06971629645920387,0.8894638493603565,0.14513210278682592,0.06557166461545523
3,91004,92004,w24_capacity,False,64,128,0.18053105782523715,0.15911701051362973,0.13085550912689686,0.8894638493603565,0.14513210278682592,0.06557166461545523
3,91004,92004,w24_capacity,False,64,256,0.17583543881393907,0.1846637242233906,0.15603694743787114,0.8894638493603565,0.14513210278682592,0.06557166461545523
4,91005,92005,w4,False,32,64,0.35425778235142785,0.17138076422957416,0.10706903679206284,0.7552650689905592,0.7610494450050455,0.05127668529065964
4,91005,92005,w4,False,32,128,0.3336763570877283,0.18817586031040992,0.15543613063249276,0.7552650689905592,0.7610494450050455,0.05127668529065964
4,91005,92005,w4,False,32,256,0.3516851041934654,0.2244154243933378,0.13766019016122363,0.7552650689905592,0.7610494450050455,0.05127668529065964
4,91005,92005,w4,False,64,64,0.07751346713066692,0.037944804440106374,0.037167363096547175,0.5178351783517835,0.776685393258427,0.0251161155324069
4,91005,92005,w4,False,64,128,0.0845211422033656,0.062070723803866495,0.05828018473718936,0.5178351783517835,0.776685393258427,0.0251161155324069
4,91005,92005,w4,False,64,256,0.08950278876865138,0.07560151799841429,0.07290521222784253,0.5178351783517835,0.776685393258427,0.0251161155324069
4,91005,92005,w2_alternating,False,32,64,0.19024954978132236,0.0,0.0,0.9898580121703854,0.44849911712772217,0.11646739306321305
4,91005,92005,w2_alternating,False,32,128,0.18870594288654488,0.0,0.0,0.9898580121703854,0.44849911712772217,0.11646739306321305
4,91005,92005,w2_alternating,False,32,256,0.18870594288654488,0.0,0.0,0.9898580121703854,0.44849911712772217,0.11646739306321305
4,91005,92005,w2_alternating,False,64,64,0.03694522572341136,0.003626168406622335,0.002749065317791951,0.743225806451613,0.8255963894261766,0.045309717251725265
4,91005,92005,w2_alternating,False,64,128,0.029699194355722935,0.006024827489509259,0.0052782054101605455,0.743225806451613,0.8255963894261766,0.045309717251725265
4,91005,92005,w2_alternating,False,64,256,0.028841111693759833,0.006904348576239079,0.00615790631185397,0.743225806451613,0.8255963894261766,0.045309717251725265
4,91005,92005,w24,False,32,64,0.22305119629534345,0.02801614566426839,0.02108309218685407,0.30565167243367936,0.898812596799174,0.009176788588652257
4,91005,92005,w24,False,32,128,0.14033959351685105,0.05167556247800706,0.015708970649028525,0.30565167243367936,0.898812596799174,0.009176788588652257
4,91005,92005,w24,False,32,256,0.08528428093645485,0.014647640867880118,0.006614303431169905,0.30565167243367936,0.898812596799174,0.009176788588652257
4,91005,92005,w24,False,64,64,0.15905515564666062,0.12070062606775006,0.10215526720914889,0.3879814176532294,0.8295038554404549,0.016127648834851925
4,91005,92005,w24,False,64,128,0.12671020641655145,0.0770405945169287,0.06443809104904333,0.3879814176532294,0.8295038554404549,0.016127648834851925
4,91005,92005,w24,False,64,256,0.07803785097964437,0.0553022110952436,0.0470639982405982,0.3879814176532294,0.8295038554404549,0.016127648834851925
4,91005,92005,w8,False,32,64,0.487393877025984,0.49382344394890126,0.41918147995039273,0.8551068883610451,0.5544041450777202,0.13114964936868076
4,91005,92005,w8,False,32,128,0.5069462310264986,0.5987491801164118,0.5535345183960314,0.8551068883610451,0.5544041450777202,0.13114964936868076
4,91005,92005,w8,False,32,256,0.49215333161821456,0.5779445322025166,0.5374121537825548,0.8551068883610451,0.5544041450777202,0.13114964936868076
4,91005,92005,w8,False,64,64,0.29908947895313914,0.6190826923293551,0.592918407741368,0.8324832642652216,0.5290450272142504,0.10517540156558966
4,91005,92005,w8,False,64,128,0.3132001716165324,0.6306345483670913,0.6153507807345503,0.8324832642652216,0.5290450272142504,0.10517540156558966
4,91005,92005,w8,False,64,256,0.30492920818038804,0.5958629107617661,0.5768638662854629,0.8324832642652216,0.5290450272142504,0.10517540156558966
4,91005,92005,w24_capacity,False,32,64,0.1290198096218163,0.0012032746329006172,0.002066969822240595,0.6470588235294118,0.7237862097103224,0.013885447515369251
4,91005,92005,w24_capacity,False,32,128,0.14497041420118342,0.006675954564386775,0.007441091360066143,0.6470588235294118,0.7237862097103224,0.013885447515369251
4,91005,92005,w24_capacity,False,32,256,0.1402109596089529,0.032275052656217426,0.0086812732534105,0.6470588235294118,0.7237862097103224,0.013885447515369251
4,91005,92005,w24_capacity,False,64,64,0.0,0.0,0.0,,1.0,0.04004584860889057
4,91005,92005,w24_capacity,False,64,128,0.0,0.0,0.0,,1.0,0.04004584860889057
4,91005,92005,w24_capacity,False,64,256,0.0,0.0,0.0,,1.0,0.04004584860889057
4,91005,92005,w16,False,32,64,0.025469513763828146,0.000915463486084955,0.0012401818933443572,0.0,1.0,0.07680496983605399
4,91005,92005,w16,False,32,128,0.0,0.0,0.0,0.0,1.0,0.07680496983605399
4,91005,92005,w16,False,32,256,0.0,0.0,0.0,0.0,1.0,0.07680496983605399
4,91005,92005,w16,False,64,64,0.01198932163798446,0.013571604861560253,0.012205850010996262,0.0,1.0,0.1259575714503382
4,91005,92005,w16,False,64,128,2.3835629498975066e-05,7.284382284382284e-05,0.00010996261271167803,0.0,1.0,0.1259575714503382
4,91005,92005,w16,False,64,256,0.0,0.0,0.0,0.0,1.0,0.1259575714503382
5,91006,92006,w2_alternating,False,32,64,0.2269102135322871,0.0,0.0,0.9784580498866213,0.5289071242073853,0.18916456031845097
5,91006,92006,w2_alternating,False,32,128,0.22420890146642655,0.0,0.0,0.9784580498866213,0.5289071242073853,0.18916456031845097
5,91006,92006,w2_alternating,False,32,256,0.22343709801903783,0.0,0.0,0.9784580498866213,0.5289071242073853,0.18916456031845097
5,91006,92006,w2_alternating,False,64,64,0.1277351384850074,0.021744845079293584,0.02221244776775896,0.9874976674752752,0.6239508393285371,0.13127374477431633
5,91006,92006,w2_alternating,False,64,128,0.13290747008628498,0.028209802218732958,0.027490653177919506,0.9874976674752752,0.6239508393285371,0.13127374477431633
5,91006,92006,w2_alternating,False,64,256,0.1355770605901702,0.030876616750261307,0.02957994281944139,0.9874976674752752,0.6239508393285371,0.13127374477431633
5,91006,92006,w24,False,32,64,0.6407254952405455,0.5286080333817331,0.42248863166597767,0.27102991367195345,0.8517575950373787,0.08639353175614939
5,91006,92006,w24,False,32,128,0.5688191407254952,0.5018418190186957,0.4266225713104589,0.27102991367195345,0.8517575950373787,0.08639353175614939
5,91006,92006,w24,False,32,256,0.20208386930794958,0.2511170834019173,0.2538238941711451,0.27102991367195345,0.8517575950373787,0.08639353175614939
5,91006,92006,w24,False,64,64,0.3114601706631072,0.513884518458235,0.49208269188475917,0.348281931583378,0.8513348986868423,0.09749549066204581
5,91006,92006,w24,False,64,128,0.284931115030748,0.43058327796756385,0.4079612931603255,0.348281931583378,0.8513348986868423,0.09749549066204581
5,91006,92006,w24,False,64,256,0.17154502550412357,0.29878506333292476,0.2867824939520563,0.348281931583378,0.8513348986868423,0.09749549066204581
5,91006,92006,w8,False,32,64,0.26305634165165936,0.12187244659967615,0.08019842910293509,0.6454767726161369,0.7461478192739619,0.014736672380430846
5,91006,92006,w8,False,32,128,0.24376125546694108,0.18161100168640107,0.10541546093427036,0.6454767726161369,0.7461478192739619,0.014736672380430846
5,91006,92006,w8,False,32,256,0.22498070491381528,0.1343297103655649,0.08763952046300125,0.6454767726161369,0.7461478192739619,0.014736672380430846
5,91006,92006,w8,False,64,64,0.030414263240692185,0.046251063674246716,0.042775456344842755,0.3510971786833856,0.9203117144293614,0.009264608598858852
5,91006,92006,w8,False,64,128,0.03904276111932116,0.05141887746615763,0.053331867165163846,0.3510971786833856,0.9203117144293614,0.009264608598858852
5,91006,92006,w8,False,64,256,0.03544358106497593,0.04828980864126843,0.04684407301517484,0.3510971786833856,0.9203117144293614,0.009264608598858852
5,91006,92006,w24_capacity,False,32,64,0.24581939799331104,0.15118667392948754,0.04588673005374121,0.7624280481423339,0.4839990076903994,0.01991176166432644
5,91006,92006,w24_capacity,False,32,128,0.26164136866478005,0.23662902325129348,0.1236047953699876,0.7624280481423339,0.4839990076903994,0.01991176166432644
5,91006,92006,w24_capacity,False,32,256,0.28749678415230256,0.30364226614241574,0.17197188921041753,0.7624280481423339,0.4839990076903994,0.01991176166432644
5,91006,92006,w24_capacity,False,64,64,0.0990370405682414,0.07698111741024455,0.07818341763800307,0.0,1.0,0.07742498436876458
5,91006,92006,w24_capacity,False,64,128,0.0006197263669733518,0.0020195578231292518,0.0020892896415218827,0.0,1.0,0.07742498436876458
5,91006,92006,w24_capacity,False,64,256,0.0,0.0,0.0,0.0,1.0,0.07742498436876458
5,91006,92006,w16,False,32,64,0.39696423977360434,0.32248276085520633,0.17403885903265812,0.6341542449773169,0.7899829254410927,0.05392847076202642
5,91006,92006,w16,False,32,128,0.3357344996140983,0.3402439053311272,0.17279867713931377,0.6341542449773169,0.7899829254410927,0.05392847076202642
5,91006,92006,w16,False,32,256,0.31270903010033446,0.3046795220223304,0.12939231087226127,0.6341542449773169,0.7899829254410927,0.05392847076202642
5,91006,92006,w16,False,64,64,0.1044953997235067,0.06364138404216803,0.05322190455245217,0.6475821167883211,0.8039376538146021,0.05620782932008033
5,91006,92006,w16,False,64,128,0.1046860847594985,0.12005254205453687,0.11029250054981306,0.6475821167883211,0.8039376538146021,0.05620782932008033
5,91006,92006,w16,False,64,256,0.10397101587452924,0.1196946700295998,0.10963272487354299,0.6475821167883211,0.8039376538146021,0.05620782932008033
5,91006,92006,w4,False,32,64,0.4167738615899151,0.3551047086946728,0.18272013228606862,0.7391975308641975,0.6567108456225499,0.06335958066173489
5,91006,92006,w4,False,32,128,0.42642140468227424,0.4714731666345013,0.29805704836709385,0.7391975308641975,0.6567108456225499,0.06335958066173489
5,91006,92006,w4,False,32,256,0.38345767944430154,0.4756019008488967,0.30053741215378255,0.7391975308641975,0.6567108456225499,0.06335958066173489
5,91006,92006,w4,False,64,64,0.08797730848071697,0.08398026543763637,0.05311194193974049,0.3175291248984015,0.7556722295143447,0.04558670974846046
5,91006,92006,w4,False,64,128,0.08123182533250703,0.13508387066555616,0.13283483615570707,0.3175291248984015,0.7556722295143447,0.04558670974846046
5,91006,92006,w4,False,64,256,0.10039567144968299,0.20490380752127763,0.21893556190895094,0.3175291248984015,0.7556722295143447,0.04558670974846046
6,91007,92007,w24,False,32,64,0.43336763570877285,0.11553209430851674,0.05291442744935924,0.0,1.0,0.09343302172461354
6,91007,92007,w24,False,32,128,0.04913815281708258,0.009548611111111112,0.0045473336089293095,0.0,1.0,0.09343302172461354
6,91007,92007,w24,False,32,256,0.0,0.0,0.0,0.0,1.0,0.09343302172461354
6,91007,92007,w24,False,64,64,0.18808695237641226,0.1686555403513255,0.15691664833956454,0.0,0.9998012191889742,0.10983510672318506
6,91007,92007,w24,False,64,128,0.005935071745244792,0.009048529306528184,0.007697382889817462,0.0,0.9998012191889742,0.10983510672318506
6,91007,92007,w24,False,64,256,7.15068884969252e-05,0.0003266550522648084,0.0003298878381350341,0.0,0.9998012191889742,0.10983510672318506
6,91007,92007,w8,False,32,64,0.4767172626704399,0.31203110489523755,0.20090946672178586,0.5464112250404749,0.7792784787631064,0.05930688831538965
6,91007,92007,w8,False,32,128,0.36454849498327757,0.26679090285295154,0.2261264985531211,0.5464112250404749,0.7792784787631064,0.05930688831538965
6,91007,92007,w8,False,32,256,0.3440957036274762,0.3334209837424844,0.26126498553121125,0.5464112250404749,0.7792784787631064,0.05930688831538965
6,91007,92007,w8,False,64,64,0.16813653048577012,0.20198778639655765,0.1657136573564988,0.7992628296002269,0.8322072072072072,0.0942663818074759
6,91007,92007,w8,False,64,128,0.17326119082804978,0.22013298508323323,0.20255113261491092,0.7992628296002269,0.8322072072072072,0.0942663818074759
6,91007,92007,w8,False,64,256,0.20348476903275015,0.3156988590903235,0.29799868044864747,0.7992628296002269,0.8322072072072072,0.0942663818074759
6,91007,92007,w24_capacity,False,32,64,0.5208386930794957,0.31474332271916733,0.16990491938817692,0.803161274388738,0.4714872262773723,0.07547786236318102
6,91007,92007,w24_capacity,False,32,128,0.477874967841523,0.35492861636100714,0.2058701942951633,0.803161274388738,0.4714872262773723,0.07547786236318102
6,91007,92007,w24_capacity,False,32,256,0.43761255466941085,0.3555654651149395,0.20463001240181894,0.803161274388738,0.4714872262773723,0.07547786236318102
6,91007,92007,w24_capacity,False,64,64,0.07882442675311055,0.01459850534873028,0.011436111722014515,0.6543695192016934,0.7430580598629642,0.06684230799423778
6,91007,92007,w24_capacity,False,64,128,0.07386661581732373,0.0360315350815521,0.021552672091488895,0.6543695192016934,0.7430580598629642,0.06684230799423778
6,91007,92007,w24_capacity,False,64,256,0.06035181389140487,0.04658060360718313,0.02496151308555091,0.6543695192016934,0.7430580598629642,0.06684230799423778
6,91007,92007,w16,False,32,64,0.35425778235142785,0.07408887661169723,0.0434063662670525,0.9183006535947712,0.6036840636338264,0.019770338649449673
6,91007,92007,w16,False,32,128,0.37947002829945975,0.0951996375469466,0.07317073170731707,0.9183006535947712,0.6036840636338264,0.019770338649449673
6,91007,92007,w16,False,32,256,0.38307177772060713,0.12114567459436357,0.08929309632079371,0.9183006535947712,0.6036840636338264,0.019770338649449673
6,91007,92007,w16,False,64,64,0.06743099585260047,0.029750992218026545,0.03309874642621509,0.9734888653234358,0.5428423056949974,0.027661507680163337
6,91007,92007,w16,False,64,128,0.08285264813843733,0.042780609454513015,0.04695403562788652,0.9734888653234358,0.5428423056949974,0.027661507680163337
6,91007,92007,w16,False,64,256,0.11159841731420127,0.0844254002224425,0.08280184737189356,0.9734888653234358,0.5428423056949974,0.027661507680163337
6,91007,92007,w4,False,32,64,0.16735271417545666,0.0,0.0,0.1191391237509608,0.9955124493341054,0.09998110250963725
6,91007,92007,w4,False,32,128,0.07190635451505016,0.19367650975311987,0.18809425382389416,0.1191391237509608,0.9955124493341054,0.09998110250963725
6,91007,92007,w4,False,32,256,0.03434525340879856,0.0047190633464136225,0.005374121537825548,0.1191391237509608,0.9955124493341054,0.09998110250963725
6,91007,92007,w4,False,64,64,0.025098917862420748,0.015259601919190487,0.011546074334726193,0.012345679012345678,0.9914184755174155,0.08503476853636353
6,91007,92007,w4,False,64,128,0.004123563903322687,0.0018478213475274221,0.0015394765779634925,0.012345679012345678,0.9914184755174155,0.08503476853636353
6,91007,92007,w4,False,64,256,0.002455069838394432,0.006657496523941526,0.00615790631185397,0.012345679012345678,0.9914184755174155,0.08503476853636353
6,91007,92007,w2_alternating,False,32,64,0.29971700540262414,0.07645123048484367,0.05002066969822241,0.8888412017167382,0.7992831541218638,0.07472876514186919
6,91007,92007,w2_alternating,False,32,128,0.3592745047594546,0.13261811764710513,0.10293509714758164,0.8888412017167382,0.7992831541218638,0.07472876514186919
6,91007,92007,w2_alternating,False,32,256,0.35773089786467716,0.09696646630148795,0.07482430756510955,0.8888412017167382,0.7992831541218638,0.07472876514186919
6,91007,92007,w2_alternating,False,64,64,0.11548362492253421,0.03720023443093236,0.035297998680448646,0.9025799793601651,0.8927326177616736,0.06836764342728549
6,91007,92007,w2_alternating,False,64,128,0.15323926204891072,0.14656949956010568,0.12469760281504289,0.9025799793601651,0.8927326177616736,0.06836764342728549
6,91007,92007,w2_alternating,False,64,256,0.17578776755494113,0.17939301137477676,0.1571365735649879,0.9025799793601651,0.8927326177616736,0.06836764342728549
7,91008,92008,w8,False,32,64,0.7591973244147158,0.8324293842850226,0.7329474989665151,0.5881057268722467,0.560955405218832,0.11944683519634915
7,91008,92008,w8,False,32,128,0.8266014921533316,0.9659833711188985,0.9607275733774286,0.5881057268722467,0.560955405218832,0.11944683519634915
7,91008,92008,w8,False,32,256,0.5851556470285567,0.7737212205744812,0.7622984704423316,0.5881057268722467,0.560955405218832,0.11944683519634915
7,91008,92008,w8,False,64,64,0.45216189159555703,0.9569433943129697,0.9567846932043106,0.41128096995255664,0.6443416022305901,0.1407163336751473
7,91008,92008,w8,False,64,128,0.636768842065119,0.9721972294545542,0.9714097206949637,0.41128096995255664,0.6443416022305901,0.1407163336751473
7,91008,92008,w8,False,64,256,0.39345473613958143,0.546533777108345,0.5323290081372334,0.41128096995255664,0.6443416022305901,0.1407163336751473
7,91008,92008,w24_capacity,False,32,64,0.312194494468742,0.0436890297378975,0.028524183546920216,0.9019365471775855,0.4371014492753623,0.018923250043641367
7,91008,92008,w24_capacity,False,32,128,0.32840236686390534,0.05678404599674006,0.0454733360892931,0.9019365471775855,0.4371014492753623,0.018923250043641367
7,91008,92008,w24_capacity,False,32,256,0.3282737329560072,0.05350750898946588,0.05167424555601488,0.9019365471775855,0.4371014492753623,0.018923250043641367
7,91008,92008,w24_capacity,False,64,64,0.039662487486294515,0.0,0.0,0.6959134615384616,0.605515587529976,0.029146701354354848
7,91008,92008,w24_capacity,False,64,128,0.035300567287982074,0.0017059948979591837,0.0017594018033868484,0.6959134615384616,0.605515587529976,0.029146701354354848
7,91008,92008,w24_capacity,False,64,256,0.03165371597463889,0.0009619472789115646,0.0009896635144051023,0.6959134615384616,0.605515587529976,0.029146701354354848
7,91008,92008,w16,False,32,64,0.5069462310264986,0.3533707554530239,0.20008267879288963,0.7586906876427303,0.531087618706325,0.12728575642233764
7,91008,92008,w16,False,32,128,0.5118343195266272,0.4906329119034682,0.35510541546093427,0.7586906876427303,0.531087618706325,0.12728575642233764
7,91008,92008,w16,False,32,256,0.4993568304605094,0.5233181218900017,0.4183546920214965,0.7586906876427303,0.531087618706325,0.12728575642233764
7,91008,92008,w16,False,64,64,0.13636363636363635,0.02760263052409092,0.02848031669232461,0.9879391714735186,0.322521623419827,0.0884614149733664
7,91008,92008,w16,False,64,128,0.21199408876388426,0.2625509361408366,0.25599296239278646,0.9879391714735186,0.322521623419827,0.0884614149733664
7,91008,92008,w16,False,64,256,0.2827144014873433,0.47930536224909065,0.4654717396085331,0.9879391714735186,0.322521623419827,0.0884614149733664
7,91008,92008,w4,False,32,64,0.48327759197324416,0.24286466112839455,0.11699049193881769,0.11605003992547246,0.9433869379717755,0.06115873641300971
7,91008,92008,w4,False,32,128,0.5357602263956779,0.6163676454348488,0.42496899545266636,0.11605003992547246,0.9433869379717755,0.06115873641300971
7,91008,92008,w4,False,32,256,0.06881914072549523,0.07949014020030908,0.032658123191401406,0.11605003992547246,0.9433869379717755,0.06115873641300971
7,91008,92008,w4,False,64,64,0.17683653525289603,0.14245121484467987,0.14625027490653178,0.13991103922361503,0.9338624338624338,0.0627740366241728
7,91008,92008,w4,False,64,128,0.3224722314916337,0.6021870229689161,0.6150208928964153,0.13991103922361503,0.9338624338624338,0.0627740366241728
7,91008,92008,w4,False,64,256,0.04364303761262335,0.04567065034700453,0.05069276446008357,0.13991103922361503,0.9338624338624338,0.0627740366241728
7,91008,92008,w2_alternating,False,32,64,0.2993311036789298,0.013495746017548342,0.0024803637866887144,0.7640739149119037,0.4859744094488189,0.052728074362479255
7,91008,92008,w2_alternating,False,32,128,0.43928479547208643,0.21639732225062203,0.09880115750310045,0.7640739149119037,0.4859744094488189,0.052728074362479255
7,91008,92008,w2_alternating,False,32,256,0.44481605351170567,0.2904198383469283,0.14799503927242663,0.7640739149119037,0.4859744094488189,0.052728074362479255
7,91008,92008,w2_alternating,False,64,64,0.07984935882156648,0.013655322157980834,0.011216186496591158,0.7480597014925373,0.7028522775649212,0.06041729961575776
7,91008,92008,w2_alternating,False,64,128,0.09202936549554273,0.07137329713571716,0.048933362656696726,0.7480597014925373,0.7028522775649212,0.06041729961575776
7,91008,92008,w2_alternating,False,64,256,0.0972255327263193,0.09137374117862937,0.06542775456344843,0.7480597014925373,0.7028522775649212,0.06041729961575776
7,91008,92008,w24,False,32,64,0.4397993311036789,0.14591131882198444,0.07234394377842084,0.8075460661011992,0.6872475476053087,0.037788701628250924
7,91008,92008,w24,False,32,128,0.43928479547208643,0.12784243761751188,0.07937164117403886,0.8075460661011992,0.6872475476053087,0.037788701628250924
7,91008,92008,w24,False,32,256,0.4010805248263442,0.16115638305613889,0.06655642827614716,0.8075460661011992,0.6872475476053087,0.037788701628250924
7,91008,92008,w24,False,64,64,0.20453353673070507,0.16289374675109675,0.14702001319551353,0.8620207435030882,0.5654631793171025,0.03785791658014709
7,91008,92008,w24,False,64,128,0.20288887829527577,0.168051359217593,0.15141851770398065,0.8620207435030882,0.5654631793171025,0.03785791658014709
7,91008,92008,w24,False,64,256,0.19764503980550127,0.16579069975472366,0.14987904112601716,0.8620207435030882,0.5654631793171025,0.03785791658014709
8,91009,92009,w24_capacity,False,32,64,0.43246719835348596,0.17200912256031706,0.09053327821413808,0.0,1.0,0.03321199277576384
8,91009,92009,w24_capacity,False,32,128,0.1219449446874196,0.013928448569846182,0.01653575857792476,0.0,1.0,0.03321199277576384
8,91009,92009,w24_capacity,False,32,256,0.0,0.0,0.0,0.0,1.0,0.03321199277576384
8,91009,92009,w24_capacity,False,64,64,0.2214329980454784,0.24294399334028116,0.22025511326149108,0.003552206673842842,0.9992286076367844,0.040985517437535895
8,91009,92009,w24_capacity,False,64,128,0.15407350908137485,0.19213866347735312,0.18638662854629426,0.003552206673842842,0.9992286076367844,0.040985517437535895
8,91009,92009,w24_capacity,False,64,256,0.0011202745864518282,0.0004531538225046116,0.0003298878381350341,0.003552206673842842,0.9992286076367844,0.040985517437535895
8,91009,92009,w16,False,32,64,0.5397478775405197,0.32935373720764216,0.20463001240181894,0.0,1.0,0.13156147575654484
8,91009,92009,w16,False,32,128,0.0,0.0,0.0,0.0,1.0,0.13156147575654484
8,91009,92009,w16,False,32,256,0.0,0.0,0.0,0.0,1.0,0.13156147575654484
8,91009,92009,w16,False,64,64,0.28826810316060447,0.4635857912751752,0.45073674950516823,0.0,1.0,0.12820821303548047
8,91009,92009,w16,False,64,128,0.0,0.0,0.0,0.0,1.0,0.12820821303548047
8,91009,92009,w16,False,64,256,0.0,0.0,0.0,0.0,1.0,0.12820821303548047
8,91009,92009,w4,False,32,64,0.40699768458965785,0.2036674316637772,0.1260851591566763,0.56826801517067,0.8574021782977007,0.0829711426599485
8,91009,92009,w4,False,32,128,0.363905325443787,0.21719591640501634,0.12649855312112443,0.56826801517067,0.8574021782977007,0.0829711426599485
8,91009,92009,w4,False,32,256,0.2591973244147157,0.20130002063760444,0.0975609756097561,0.56826801517067,0.8574021782977007,0.0829711426599485
8,91009,92009,w4,False,64,64,0.20522476998617534,0.22758347687758068,0.21090829118099846,0.48977932636469224,0.9278961478763934,0.0630103144986326
8,91009,92009,w4,False,64,128,0.16906612003623014,0.18447686992290904,0.1722014515064878,0.48977932636469224,0.9278961478763934,0.0630103144986326
8,91009,92009,w4,False,64,256,0.11498307670305573,0.09154590575269059,0.09478777215746646,0.48977932636469224,0.9278961478763934,0.0630103144986326
8,91009,92009,w2_alternating,False,32,64,0.25881142269102136,0.014423076923076924,0.0024803637866887144,0.8066600397614314,0.6909937888198758,0.13166882886936077
8,91009,92009,w2_alternating,False,32,128,0.25186519166452276,0.047424671681227756,0.01322860686233981,0.8066600397614314,0.6909937888198758,0.13166882886936077
8,91009,92009,w2_alternating,False,32,256,0.2691021353228711,0.05867513845107004,0.028110789582472095,0.8066600397614314,0.6909937888198758,0.13166882886936077
8,91009,92009,w2_alternating,False,64,64,0.22217190255994662,0.24204943397957063,0.2247635803826699,0.6769659907735222,0.7922061436912922,0.08881954879677471
8,91009,92009,w2_alternating,False,64,128,0.2283930018591791,0.2942612327958173,0.27435671871563666,0.6769659907735222,0.7922061436912922,0.08881954879677471
8,91009,92009,w2_alternating,False,64,256,0.17824283739333555,0.23877361136047273,0.2191554871343743,0.6769659907735222,0.7922061436912922,0.08881954879677471
8,91009,92009,w24,False,32,64,0.6277334705428351,0.740067850843454,0.6754857379082265,0.006762295081967213,0.9952160263118552,0.08006414797363717
8,91009,92009,w24,False,32,128,0.13056341651659378,0.13086311095569975,0.18726746589499793,0.006762295081967213,0.9952160263118552,0.08006414797363717
8,91009,92009,w24,False,32,256,0.004244918960638024,0.0055,0.009094667217858619,0.006762295081967213,0.9952160263118552,0.08006414797363717
8,91009,92009,w24,False,64,64,0.4214854364303761,0.925604929316468,0.9175280404662415,0.0011875812927670643,0.9991460637605726,0.1044770266580871
8,91009,92009,w24,False,64,128,0.05107975401630357,0.053670067505690186,0.07092588519903233,0.0011875812927670643,0.9991460637605726,0.1044770266580871
8,91009,92009,w24,False,64,256,0.0005005482194784764,0.002318904593639576,0.0023092148669452387,0.0011875812927670643,0.9991460637605726,0.1044770266580871
8,91009,92009,w8,False,32,64,0.3747105737072292,0.08138774639883953,0.02687060768912774,0.09955372468245795,0.9792147806004619,0.04749028068873374
8,91009,92009,w8,False,32,128,0.451505016722408,0.26523062240450634,0.15295576684580406,0.09955372468245795,0.9792147806004619,0.04749028068873374
8,91009,92009,w8,False,32,256,0.03730383329045536,0.0,0.0,0.09955372468245795,0.9792147806004619,0.04749028068873374
8,91009,92009,w8,False,64,64,0.04905372550889069,0.004274617155968145,0.004288541895755443,0.4873663751214772,0.9613752651940597,0.06212815967609887
8,91009,92009,w8,False,64,128,0.0903370358011155,0.07899104593311732,0.06751704420497032,0.4873663751214772,0.9613752651940597,0.06212815967609887
8,91009,92009,w8,False,64,256,0.05770605901701864,0.030703568797533217,0.03012975588299978,0.4873663751214772,0.9613752651940597,0.06212815967609887
9,91010,92010,w16,False,32,64,0.1893491124260355,0.30188968929302595,0.20545680033071517,0.33559782608695654,0.9576634512325831,0.02346270858185099
9,91010,92010,w16,False,32,128,0.08541291484435297,0.14760019780956116,0.10252170318313353,0.33559782608695654,0.9576634512325831,0.02346270858185099
9,91010,92010,w16,False,32,256,0.08901466426550039,0.15078466328440301,0.09921455146754857,0.33559782608695654,0.9576634512325831,0.02346270858185099
9,91010,92010,w16,False,64,64,0.10633074319492777,0.1861711435633136,0.17594018033868486,0.2508406186953598,0.945590651816688,0.03488420784885078
9,91010,92010,w16,False,64,128,0.05320112504171235,0.12480636818450458,0.12623707939300638,0.2508406186953598,0.945590651816688,0.03488420784885078
9,91010,92010,w16,False,64,256,0.05234304237974925,0.13471211522866822,0.1446008357158566,0.2508406186953598,0.945590651816688,0.03488420784885078
9,91010,92010,w4,False,32,64,0.5883714947260098,0.5053065734469449,0.3083918974782968,0.6281154350677743,0.4093598708983324,0.06676491809444131
9,91010,92010,w4,False,32,128,0.5996912786210445,0.6824391537957681,0.5221165770979743,0.6281154350677743,0.4093598708983324,0.06676491809444131
9,91010,92010,w4,False,32,256,0.47607409313094934,0.6239565491574788,0.565936337329475,0.6281154350677743,0.4093598708983324,0.06676491809444131
9,91010,92010,w4,False,64,64,0.24221766696858463,0.4069162115686995,0.3880580602595118,0.8921472151151348,0.2992847283222487,0.07645988819557284
9,91010,92010,w4,False,64,128,0.2985650951041617,0.6293257091347146,0.6091928744226963,0.8921472151151348,0.2992847283222487,0.07645988819557284
9,91010,92010,w4,False,64,256,0.32759689183391333,0.7317625410316932,0.7078293380250715,0.8921472151151348,0.2992847283222487,0.07645988819557284
9,91010,92010,w2_alternating,False,32,64,0.22022125032158477,0.0,0.0,0.9561915887850467,0.19563058589870905,0.24439064995875076
9,91010,92010,w2_alternating,False,32,128,0.21481862618986364,0.0,0.0,0.9561915887850467,0.19563058589870905,0.24439064995875076
9,91010,92010,w2_alternating,False,32,256,0.21070234113712374,0.0,0.0,0.9561915887850467,0.19563058589870905,0.24439064995875076
9,91010,92010,w2_alternating,False,64,64,0.1096438956952853,0.01090899561729992,0.01110622388387948,0.9089130434782609,0.23791958686831427,0.048542545932965746
9,91010,92010,w2_alternating,False,64,128,0.10761786718787243,0.013016569868922011,0.012975588299978007,0.9089130434782609,0.23791958686831427,0.048542545932965746
9,91010,92010,w2_alternating,False,64,256,0.10432855031701387,0.009975074486227482,0.010116560369474378,0.9089130434782609,0.23791958686831427,0.048542545932965746
9,91010,92010,w24,False,32,64,0.5255981476717263,0.6269139716801755,0.45845390657296403,0.8754282917278512,0.339340885684861,0.11951138111294611
9,91010,92010,w24,False,32,128,0.5303576022639568,0.6126560604700909,0.5456800330715171,0.8754282917278512,0.339340885684861,0.11951138111294611
9,91010,92010,w24,False,32,256,0.5409055827116028,0.6260380436032762,0.5783381562629185,0.8754282917278512,0.339340885684861,0.11951138111294611
9,91010,92010,w24,False,64,64,0.16334556895647614,0.45090776741011607,0.44369914229162083,0.5350941193637823,0.6591329188371702,0.06440554537405137
9,91010,92010,w24,False,64,128,0.17500119178147494,0.3599530112370073,0.3338464921926545,0.5350941193637823,0.6591329188371702,0.06440554537405137
9,91010,92010,w24,False,64,256,0.20160175430233113,0.31844037026412614,0.2918407741367935,0.5350941193637823,0.6591329188371702,0.06440554537405137
9,91010,92010,w8,False,32,64,0.3907898121944945,0.2746735031008204,0.12773873501446878,0.684990125082291,0.5081691089775981,0.043954141808223046
9,91010,92010,w8,False,32,128,0.4765886287625418,0.5419753934029892,0.39768499379909056,0.684990125082291,0.5081691089775981,0.043954141808223046
9,91010,92010,w8,False,32,256,0.5192950861847183,0.6632116414166715,0.5646961554361306,0.684990125082291,0.5081691089775981,0.043954141808223046
9,91010,92010,w8,False,64,64,0.11290937693664489,0.10500911011185626,0.10688365955575105,0.14312856238125396,0.9023943566438309,0.03055097757236315
9,91010,92010,w8,False,64,128,0.07353291700433809,0.11262706506445026,0.1145810424455685,0.14312856238125396,0.9023943566438309,0.03055097757236315
9,91010,92010,w8,False,64,256,0.06881346236354102,0.1328981249119738,0.14493072355399164,0.14312856238125396,0.9023943566438309,0.03055097757236315
9,91010,92010,w24_capacity,False,32,64,0.07280679187033702,0.002345298575018339,0.00413393964448119,0.037102473498233215,0.8813176895306859,0.06377695957216838
9,91010,92010,w24_capacity,False,32,128,0.028685361461281193,0.04592699150158239,0.024390243902439025,0.037102473498233215,0.8813176895306859,0.06377695957216838
9,91010,92010,w24_capacity,False,32,256,0.06946231026498585,0.10618758479154455,0.059528730880529145,0.037102473498233215,0.8813176895306859,0.06377695957216838
9,91010,92010,w24_capacity,False,64,64,0.053320303189207226,0.000956374354192051,0.0008797009016934242,0.0,1.0,0.1434712330890361
9,91010,92010,w24_capacity,False,64,128,0.0,0.0,0.0,0.0,1.0,0.1434712330890361
9,91010,92010,w24_capacity,False,64,256,0.0,0.0,0.0,0.0,1.0,0.1434712330890361
10,91011,92011,w4,False,32,64,0.17185490095189093,0.0008452380952380953,0.002066969822240595,0.6848802395209581,0.6178489702517163,0.022416360351256985
10,91011,92011,w4,False,32,128,0.18664780036017495,0.007995280386566533,0.00826787928896238,0.6848802395209581,0.6178489702517163,0.022416360351256985
10,91011,92011,w4,False,32,256,0.19539490609724725,0.023215319576680965,0.019429516329061595,0.6848802395209581,0.6178489702517163,0.022416360351256985
10,91011,92011,w4,False,64,64,0.0440720789436049,0.002051427776410365,0.0016494391906751705,0.6873985938345052,0.8898097570163873,0.08100136919617947
10,91011,92011,w4,False,64,128,0.03682604757591648,0.008917433090742844,0.006597756762700682,0.6873985938345052,0.8898097570163873,0.08100136919617947
10,91011,92011,w4,False,64,256,0.03336988129856509,0.011635009422045157,0.008797009016934242,0.6873985938345052,0.8898097570163873,0.08100136919617947
10,91011,92011,w2_alternating,False,32,64,0.10753794700282994,0.0,0.0,0.27631578947368424,0.8889499725123694,0.04847984981631573
10,91011,92011,w2_alternating,False,32,128,0.06804733727810651,0.0,0.0,0.27631578947368424,0.8889499725123694,0.04847984981631573
10,91011,92011,w2_alternating,False,32,256,0.05492667867249807,0.00026483050847457627,0.00041339396444811904,0.27631578947368424,0.8889499725123694,0.04847984981631573
10,91011,92011,w2_alternating,False,64,64,0.017280831386756925,0.002212225942148674,0.002419177479656917,0.5020689655172413,0.921146953405018,0.07496666109771694
10,91011,92011,w2_alternating,False,64,128,0.028912618582256758,0.003445339236367589,0.003518803606773697,0.5020689655172413,0.921146953405018,0.07496666109771694
10,91011,92011,w2_alternating,False,64,256,0.04764742336845116,0.014026904712775172,0.012975588299978007,0.5020689655172413,0.921146953405018,0.07496666109771694
10,91011,92011,w24,False,32,64,0.2666580910728068,0.05157401532565083,0.011161637040099214,0.9073806078147613,0.737245748582861,0.061183498865420086
10,91011,92011,w24,False,32,128,0.2792642140468227,0.05811282479329299,0.02066969822240595,0.9073806078147613,0.737245748582861,0.061183498865420086
10,91011,92011,w24,False,32,256,0.2853100077180345,0.03944243632198384,0.020256304257957835,0.9073806078147613,0.737245748582861,0.061183498865420086
10,91011,92011,w24,False,64,64,0.16751680411879677,0.08533031733277341,0.06498790411260172,0.9035287421741605,0.6893519003245734,0.04329548015951585
10,91011,92011,w24,False,64,128,0.1718072174286123,0.0986884330756026,0.08038266989223664,0.9035287421741605,0.6893519003245734,0.04329548015951585
10,91011,92011,w24,False,64,256,0.16973351766220146,0.09080218114470257,0.08632065097866726,0.9035287421741605,0.6893519003245734,0.04329548015951585
10,91011,92011,w8,False,32,64,0.08335477231798302,0.01282162671541789,0.0086812732534105,0.15123456790123457,0.9482029598308668,0.022288891770794482
10,91011,92011,w8,False,32,128,0.10856701826601492,0.06634826762784551,0.019429516329061595,0.15123456790123457,0.9482029598308668,0.022288891770794482
10,91011,92011,w8,False,32,256,0.05518394648829431,0.01833792626215174,0.007441091360066143,0.15123456790123457,0.9482029598308668,0.022288891770794482
10,91011,92011,w8,False,64,64,0.054774276588644706,0.017659582652507187,0.019903232900813722,0.5839860748476936,0.9256038647342996,0.0617718750284492
10,91011,92011,w8,False,64,128,0.06368880202126138,0.0333753226160209,0.039696503188915766,0.5839860748476936,0.9256038647342996,0.0617718750284492
10,91011,92011,w8,False,64,256,0.054535920293654956,0.028483051941217516,0.03287882120079173,0.5839860748476936,0.9256038647342996,0.0617718750284492
10,91011,92011,w24_capacity,False,32,64,0.3033187548237715,0.04922159592032152,0.015295576684580404,0.9499575911789653,0.544004254187716,0.026602617598897944
10,91011,92011,w24_capacity,False,32,128,0.325958322613841,0.09033437421180518,0.028937577511368336,0.9499575911789653,0.544004254187716,0.026602617598897944
10,91011,92011,w24_capacity,False,32,256,0.3712374581939799,0.16906694030417785,0.07193054981397272,0.9499575911789653,0.544004254187716,0.026602617598897944
10,91011,92011,w24_capacity,False,64,64,0.15142775420698862,0.09073041218050057,0.0760941279964812,0.967574374311349,0.5487643840784757,0.030227723118654473
10,91011,92011,w24_capacity,False,64,128,0.17607379510892882,0.1491789425212624,0.12931603254893337,0.967574374311349,0.5487643840784757,0.030227723118654473
10,91011,92011,w24_capacity,False,64,256,0.19576202507508222,0.19510872987458405,0.17055201231581263,0.967574374311349,0.5487643840784757,0.030227723118654473
10,91011,92011,w16,False,32,64,0.3044764599948546,0.14797880759797505,0.07482430756510955,0.17405999155048585,0.9429959514170041,0.03085972827717951
10,91011,92011,w16,False,32,128,0.3886030357602264,0.43412734967133093,0.2968168664737495,0.17405999155048585,0.9429959514170041,0.03085972827717951
10,91011,92011,w16,False,32,256,0.0650887573964497,0.02380466220327738,0.028110789582472095,0.17405999155048585,0.9429959514170041,0.03085972827717951
10,91011,92011,w16,False,64,64,0.0603279782619059,0.036077203299450814,0.03166923246096327,0.25721058870011854,0.8269199457259159,0.03660355323334047
10,91011,92011,w16,False,64,128,0.11183677360919102,0.2464298264155276,0.22685287002419177,0.25721058870011854,0.8269199457259159,0.03660355323334047
10,91011,92011,w16,False,64,256,0.10480526290699338,0.23514964638299657,0.22850230921486694,0.25721058870011854,0.8269199457259159,0.03660355323334047
11,91012,92012,w2_alternating,False,32,64,0.24942114741445845,0.0732588729591179,0.025630425795783382,0.18411552346570398,0.9520711342441986,0.0444090057753474
11,91012,92012,w2_alternating,False,32,128,0.13853871880627733,0.0002765486725663717,0.00041339396444811904,0.18411552346570398,0.9520711342441986,0.0444090057753474
11,91012,92012,w2_alternating,False,32,256,0.048623617185490096,0.0002765486725663717,0.00041339396444811904,0.18411552346570398,0.9520711342441986,0.0444090057753474
11,91012,92012,w2_alternating,False,64,64,0.10609238689993802,0.03971931256025078,0.03881680228722235,0.21231184003594697,0.9619039161708551,0.05658513276161428
11,91012,92012,w2_alternating,False,64,128,0.06812222910807074,0.01545041427522206,0.015284803166923246,0.21231184003594697,0.9619039161708551,0.05658513276161428
11,91012,92012,w2_alternating,False,64,256,0.022834533060018116,0.0010950862531864817,0.0012095887398284584,0.21231184003594697,0.9619039161708551,0.05658513276161428
11,91012,92012,w24,False,32,64,0.41304347826086957,0.4687494540787026,0.3224472922695329,0.7327935222672065,0.5335707925200356,0.10690709404827523
11,91012,92012,w24,False,32,128,0.411371237458194,0.5513066589704408,0.44522529971062424,0.7327935222672065,0.5335707925200356,0.10690709404827523
11,91012,92012,w24,False,32,256,0.38950347311551325,0.5269571517378357,0.4555601488218272,0.7327935222672065,0.5335707925200356,0.10690709404827523
11,91012,92012,w24,False,64,64,0.33529580016208227,0.6973501285248089,0.6996921046844073,0.9225136845098457,0.25069429138197047,0.09416836437287364
11,91012,92012,w24,False,64,128,0.41886351718548887,0.8166185106827843,0.8118539696503189,0.9225136845098457,0.25069429138197047,0.09416836437287364
11,91012,92012,w24,False,64,256,0.4644372407875292,0.8297676126343335,0.8281284363316472,0.9225136845098457,0.25069429138197047,0.09416836437287364
11,91012,92012,w8,False,32,64,0.6494726009776177,0.6424375390867658,0.5894997933030178,0.04258268964151317,0.9830508474576272,0.08559867761664877
11,91012,92012,w8,False,32,128,0.1494726009776177,0.0721973562901892,0.02273666804464655,0.04258268964151317,0.9830508474576272,0.08559867761664877
11,91012,92012,w8,False,32,256,0.027656290198096217,0.03146551724137931,0.0008267879288962381,0.04258268964151317,0.9830508474576272,0.08559867761664877
11,91012,92012,w8,False,64,64,0.2649091862516089,0.44041655096898963,0.4468880580602595,0.2724491632175634,0.8750513769009454,0.04812337095359874
11,91012,92012,w8,False,64,128,0.14534966868474997,0.14069395739581103,0.14350120958873983,0.2724491632175634,0.8750513769009454,0.04812337095359874
11,91012,92012,w8,False,64,256,0.0883348429232016,0.059999289454270625,0.06146910050582802,0.2724491632175634,0.8750513769009454,0.04812337095359874
11,91012,92012,w24_capacity,False,32,64,0.30550553125803964,0.02155858776222057,0.018602728400165358,0.344,0.8773683114719967,0.09523424838657651
11,91012,92012,w24_capacity,False,32,128,0.3516851041934654,0.046311607809630465,0.03389830508474576,0.344,0.8773683114719967,0.09523424838657651
11,91012,92012,w24_capacity,False,32,256,0.14201183431952663,0.044151291292126665,0.014055394791236048,0.344,0.8773683114719967,0.09523424838657651
11,91012,92012,w24_capacity,False,64,64,0.11588883062401678,0.04232290744786001,0.03826698922366396,0.7328259975318799,0.8368394479973073,0.13397780193282316
11,91012,92012,w24_capacity,False,64,128,0.15366830337989226,0.06769664637178899,0.061579063118539695,0.7328259975318799,0.8368394479973073,0.13397780193282316
11,91012,92012,w24_capacity,False,64,256,0.14258473566286886,0.10259271651053256,0.07917308115240818,0.7328259975318799,0.8368394479973073,0.13397780193282316
11,91012,92012,w16,False,32,64,0.2326987393877026,0.011492716064236682,0.011575031004547334,0.480375898286346,0.9179695039567651,0.056789411475665776
11,91012,92012,w16,False,32,128,0.14522768201697966,0.009211538461538462,0.0045473336089293095,0.480375898286346,0.9179695039567651,0.056789411475665776
11,91012,92012,w16,False,32,256,0.116027784924106,0.012405033238366572,0.0024803637866887144,0.480375898286346,0.9179695039567651,0.056789411475665776
11,91012,92012,w16,False,64,64,0.03894741860132526,0.029697763057934076,0.017484055421156806,0.4828641370869033,0.9219880140524902,0.07158227663566552
11,91012,92012,w16,False,64,128,0.034037278924536396,0.012524477904920086,0.009456784693204311,0.4828641370869033,0.9219880140524902,0.07158227663566552
11,91012,92012,w16,False,64,256,0.036373170615435955,0.012367728312648743,0.00956674730591599,0.4828641370869033,0.9219880140524902,0.07158227663566552
11,91012,92012,w4,False,32,64,0.49524054540776946,0.37494589538969264,0.19553534518396032,0.5584415584415584,0.6105389632681085,0.06629903855379068
11,91012,92012,w4,False,32,128,0.5257267815796244,0.5372054083417459,0.34146341463414637,0.5584415584415584,0.6105389632681085,0.06629903855379068
11,91012,92012,w4,False,32,256,0.40532544378698226,0.47813193546337307,0.4055394791236048,0.5584415584415584,0.6105389632681085,0.06629903855379068
11,91012,92012,w4,False,64,64,0.11972636697335176,0.09912554790609775,0.07972289421596657,0.37009755126418475,0.8369550076612342,0.049234508225159235
11,91012,92012,w4,False,64,128,0.1428230919578586,0.2140264868316162,0.1987024411700022,0.37009755126418475,0.8369550076612342,0.049234508225159235
11,91012,92012,w4,False,64,256,0.11157458168470229,0.2349795103020712,0.23608972949197274,0.37009755126418475,0.8369550076612342,0.049234508225159235
12,91013,92013,w24,False,32,64,0.3704656547465912,0.18283871043398803,0.10417527904092601,0.0,1.0,0.05509647531872856
12,91013,92013,w24,False,32,128,0.00990481090815539,0.0,0.0,0.0,1.0,0.05509647531872856
12,91013,92013,w24,False,32,256,0.0,0.0,0.0,0.0,1.0,0.05509647531872856
12,91013,92013,w24,False,64,64,0.055417838585117035,0.05862336156229998,0.06080932482955795,0.0,1.0,0.07837219828321876
12,91013,92013,w24,False,64,128,0.0005482194784764265,0.0,0.0,0.0,1.0,0.07837219828321876
12,91013,92013,w24,False,64,256,0.0,0.0,0.0,0.0,1.0,0.07837219828321876
12,91013,92013,w8,False,32,64,0.05518394648829431,0.0,0.0,0.8135198135198135,0.9353899883585565,0.05063749790446012
12,91013,92013,w8,False,32,128,0.051839464882943144,0.0,0.0,0.8135198135198135,0.9353899883585565,0.05063749790446012
12,91013,92013,w8,False,32,256,0.05016722408026756,0.0,0.0,0.8135198135198135,0.9353899883585565,0.05063749790446012
12,91013,92013,w8,False,64,64,0.0,0.0,0.0,,1.0,0.10386437404398872
12,91013,92013,w8,False,64,128,0.0,0.0,0.0,,1.0,0.10386437404398872
12,91013,92013,w8,False,64,256,0.0,0.0,0.0,,1.0,0.10386437404398872
12,91013,92013,w24_capacity,False,32,64,0.4810908155389761,0.1288314992045629,0.09177346010748243,0.9981283422459893,0.0420754305646392,0.030841645925712546
12,91013,92013,w24_capacity,False,32,128,0.5460509390275277,0.24614936293727602,0.19470855725506409,0.9981283422459893,0.0420754305646392,0.030841645925712546
12,91013,92013,w24_capacity,False,32,256,0.5891432981733985,0.33974722682561276,0.29185613890037204,0.9981283422459893,0.0420754305646392,0.030841645925712546
12,91013,92013,w24_capacity,False,64,64,0.2523239738761501,0.35164995481352507,0.31999120299098305,0.9977328547137729,0.013612265367531165,0.031399525983394044
12,91013,92013,w24_capacity,False,64,128,0.2828097440053392,0.4547294853808016,0.4364416098526501,0.9977328547137729,0.013612265367531165,0.031399525983394044
12,91013,92013,w24_capacity,False,64,256,0.3320779901797207,0.5952515767667821,0.5875302397184957,0.9977328547137729,0.013612265367531165,0.031399525983394044
12,91013,92013,w16,False,32,64,0.38898893748392077,0.23260731317009306,0.10086812732534105,0.17394179894179895,0.9421904927738116,0.05788330678468154
12,91013,92013,w16,False,32,128,0.13699511191149988,0.03265655940829558,0.040926002480363786,0.17394179894179895,0.9421904927738116,0.05788330678468154
12,91013,92013,w16,False,32,256,0.0733213275019295,0.009706933572515765,0.020256304257957835,0.17394179894179895,0.9421904927738116,0.05788330678468154
12,91013,92013,w16,False,64,64,0.10451923535300567,0.1307361809598237,0.12601715416758302,0.5117445838084379,0.9030289979902383,0.10088980727202833
12,91013,92013,w16,False,64,128,0.08745292463173952,0.0195424272043839,0.018143831097426875,0.5117445838084379,0.9030289979902383,0.10088980727202833
12,91013,92013,w16,False,64,256,0.0804929208180388,0.010823000734748454,0.00956674730591599,0.5117445838084379,0.9030289979902383,0.10088980727202833
12,91013,92013,w4,False,32,64,0.0,0.0,0.0,,1.0,0.3422758697065936
12,91013,92013,w4,False,32,128,0.0,0.0,0.0,,1.0,0.3422758697065936
12,91013,92013,w4,False,32,256,0.0,0.0,0.0,,1.0,0.3422758697065936
12,91013,92013,w4,False,64,64,0.0,0.0,0.0,,1.0,0.21074541224682838
12,91013,92013,w4,False,64,128,0.0,0.0,0.0,,1.0,0.21074541224682838
12,91013,92013,w4,False,64,256,0.0,0.0,0.0,,1.0,0.21074541224682838
12,91013,92013,w2_alternating,False,32,64,0.35940313866735274,0.04854765008033782,0.03389830508474576,0.8987115246957766,0.45591333132711404,0.14073809996724462
12,91013,92013,w2_alternating,False,32,128,0.3231283766400823,0.08127074396217134,0.06200909466721786,0.8987115246957766,0.45591333132711404,0.14073809996724462
12,91013,92013,w2_alternating,False,32,256,0.3529714432724466,0.09653029540232509,0.07317073170731707,0.8987115246957766,0.45591333132711404,0.14073809996724462
12,91013,92013,w2_alternating,False,64,64,0.2241025885493636,0.25137549379161606,0.22894215966571366,0.8412039991491173,0.6041733035998725,0.11797994370361131
12,91013,92013,w2_alternating,False,64,128,0.19442722982313962,0.20280239155063062,0.20046184297338904,0.8412039991491173,0.6041733035998725,0.11797994370361131
12,91013,92013,w2_alternating,False,64,256,0.19945654764742338,0.1944965344911777,0.19309434792170663,0.8412039991491173,0.6041733035998725,0.11797994370361131
13,91014,92014,w8,False,32,64,0.47028556727553383,0.3908974143615648,0.23232740801984292,0.850382932166302,0.5560165975103735,0.05387893431146184
13,91014,92014,w8,False,32,128,0.46231026498585026,0.40446309614904563,0.2711864406779661,0.850382932166302,0.5560165975103735,0.05387893431146184
13,91014,92014,w8,False,32,256,0.4575508103936198,0.4111767612502436,0.29557668458040515,0.850382932166302,0.5560165975103735,0.05387893431146184
13,91014,92014,w8,False,64,64,0.19104257043428516,0.23281557598738553,0.21189795469540357,0.7205240174672489,0.7559567756225251,0.07080345554327482
13,91014,92014,w8,False,64,128,0.15602803070029078,0.12428149685845885,0.10853309874642622,0.7205240174672489,0.7559567756225251,0.07080345554327482
13,91014,92014,w8,False,64,256,0.15805405920770368,0.10591388628532877,0.09555751044644821,0.7205240174672489,0.7559567756225251,0.07080345554327482
13,91014,92014,w24_capacity,False,32,64,0.47723179830203244,0.2641973754260053,0.14344770566349732,0.0,1.0,0.07967384195294233
13,91014,92014,w24_capacity,False,32,128,0.14509904810908156,0.03258958257120642,0.028524183546920216,0.0,1.0,0.07967384195294233
13,91014,92014,w24_capacity,False,32,256,0.0,0.0,0.0,0.0,1.0,0.07967384195294233
13,91014,92014,w24_capacity,False,64,64,0.21711874910616388,0.310295164874301,0.2942599516164504,0.0,1.0,0.08203793464704254
13,91014,92014,w24_capacity,False,64,128,0.04433427086809363,0.06241651531278778,0.055970969870244115,0.0,1.0,0.08203793464704254
13,91014,92014,w24_capacity,False,64,256,0.0,0.0,0.0,0.0,1.0,0.08203793464704254
13,91014,92014,w16,False,32,64,0.400823257010548,0.17889410386255974,0.10210830921868541,0.04300385109114249,0.933651714139519,0.030382955174309563
13,91014,92014,w16,False,32,128,0.13030614870079754,0.0503685159143887,0.029764365440264572,0.04300385109114249,0.933651714139519,0.030382955174309563
13,91014,92014,w16,False,32,256,0.17224080267558528,0.3449117985437692,0.3170731707317073,0.04300385109114249,0.933651714139519,0.030382955174309563
13,91014,92014,w16,False,64,64,0.12277732754922058,0.11996170177390306,0.10974268748625467,0.0364977674238012,0.8707171314741036,0.0625466387909445
13,91014,92014,w16,False,64,128,0.024526862754445346,0.011794677483792738,0.0100065977567627,0.0364977674238012,0.8707171314741036,0.0625466387909445
13,91014,92014,w16,False,64,256,0.17776612480335605,0.46161107477609475,0.4479876841873763,0.0364977674238012,0.8707171314741036,0.0625466387909445
13,91014,92014,w4,False,32,64,0.15564702855672755,0.0,0.0,0.8322314049586776,0.8696248856358646,0.1697150816016612
13,91014,92014,w4,False,32,128,0.1366092101878055,0.0,0.0,0.8322314049586776,0.8696248856358646,0.1697150816016612
13,91014,92014,w4,False,32,256,0.1330074607666581,0.0,0.0,0.8322314049586776,0.8696248856358646,0.1697150816016612
13,91014,92014,w4,False,64,64,0.04602660056252086,0.0023519764485809384,0.002968990543215307,0.5282237182806836,0.9421103581800581,0.08556898347154586
13,91014,92014,w4,False,64,128,0.033632073223053824,0.00256476073195888,0.0026391027050802728,0.5282237182806836,0.9421103581800581,0.08556898347154586
13,91014,92014,w4,False,64,256,0.02924631739524241,0.0015452418773352714,0.0012095887398284584,0.5282237182806836,0.9421103581800581,0.08556898347154586
13,91014,92014,w2_alternating,False,32,64,0.06560329302804219,0.0,0.0,0.0,1.0,0.0935388837647969
13,91014,92014,w2_alternating,False,32,128,0.35451505016722407,0.36404920804969343,0.19884249689954528,0.0,1.0,0.0935388837647969
13,91014,92014,w2_alternating,False,32,256,0.0,0.0,0.0,0.0,1.0,0.0935388837647969
13,91014,92014,w2_alternating,False,64,64,0.031153167755160412,0.007553623842950887,0.00890697162964592,0.0,1.0,0.1024867157212381
13,91014,92014,w2_alternating,False,64,128,0.0448348190875721,0.052726814712487954,0.03441829777875522,0.0,1.0,0.1024867157212381
13,91014,92014,w2_alternating,False,64,256,0.0,0.0,0.0,0.0,1.0,0.1024867157212381
13,91014,92014,w24,False,32,64,0.01865191664522768,0.0,0.0,0.0,1.0,0.085575281299796
13,91014,92014,w24,False,32,128,0.0,0.0,0.0,0.0,1.0,0.085575281299796
13,91014,92014,w24,False,32,256,0.0,0.0,0.0,0.0,1.0,0.085575281299796
13,91014,92014,w24,False,64,64,0.09956142441721885,0.12567107602753913,0.11952936001759402,0.0,1.0,0.10810054238202788
13,91014,92014,w24,False,64,128,0.0,0.0,0.0,0.0,1.0,0.10810054238202788
13,91014,92014,w24,False,64,256,0.0,0.0,0.0,0.0,1.0,0.10810054238202788
14,91015,92015,w24_capacity,False,32,64,0.29084126575765373,0.03137795946476764,0.011988424968995453,0.7319770013268465,0.6677027408872563,0.05343733705709363
14,91015,92015,w24_capacity,False,32,128,0.2615127347568819,0.01893866365003118,0.014055394791236048,0.7319770013268465,0.6677027408872563,0.05343733705709363
14,91015,92015,w24_capacity,False,32,256,0.21880627733470542,0.00926180387409201,0.011161637040099214,0.7319770013268465,0.6677027408872563,0.05343733705709363
14,91015,92015,w24_capacity,False,64,64,0.1636554321399628,0.047292872209919845,0.04442489553551792,0.759685406350131,0.6163828903654485,0.056664571588108184
14,91015,92015,w24_capacity,False,64,128,0.1506650140630214,0.03191839464059559,0.034088409940620186,0.759685406350131,0.6163828903654485,0.056664571588108184
14,91015,92015,w24_capacity,False,64,256,0.12611431567907708,0.016747935105022094,0.01715416758302177,0.759685406350131,0.6163828903654485,0.056664571588108184
14,91015,92015,w16,False,32,64,0.364934396706972,0.3467652803466314,0.1889210417527904,0.5463517800493479,0.9263904034896401,0.037618915127810765
14,91015,92015,w16,False,32,128,0.22999742732184203,0.053422436276910755,0.054154609342703594,0.5463517800493479,0.9263904034896401,0.037618915127810765
14,91015,92015,w16,False,32,256,0.3222279392847955,0.049445931510910396,0.051260851591566764,0.5463517800493479,0.9263904034896401,0.037618915127810765
14,91015,92015,w16,False,64,64,0.24758068360585403,0.41194995715856864,0.4013635363976248,0.22894002118032156,0.964993833602125,0.06834123552293543
14,91015,92015,w16,False,64,128,0.06764551651809124,0.07348127337427522,0.0690565207829338,0.22894002118032156,0.964993833602125,0.06834123552293543
14,91015,92015,w16,False,64,256,0.09848882108976498,0.09489603718790485,0.10061579063118539,0.22894002118032156,0.964993833602125,0.06834123552293543
14,91015,92015,w4,False,32,64,0.3503987651144842,0.08633509885032237,0.03968582058701943,0.21255506607929514,0.8513227513227514,0.07587074515585078
14,91015,92015,w4,False,32,128,0.09493182402881399,0.0,0.0,0.21255506607929514,0.8513227513227514,0.07587074515585078
14,91015,92015,w4,False,32,256,0.0744790326730126,0.0,0.0,0.21255506607929514,0.8513227513227514,0.07587074515585078
14,91015,92015,w4,False,64,64,0.18434475854507318,0.1291438421236218,0.11392126676929844,0.017843289371605897,0.9872670234360583,0.06008723833398798
14,91015,92015,w4,False,64,128,0.014039185774896315,0.0,0.0,0.017843289371605897,0.9872670234360583,0.06008723833398798
14,91015,92015,w4,False,64,256,0.0032893168708585593,0.0,0.0,0.017843289371605897,0.9872670234360583,0.06008723833398798
14,91015,92015,w2_alternating,False,32,64,0.18896321070234115,0.34486442349234836,0.21083092186854072,0.0006807351940095302,0.9642968506392267,0.1790075059571125
14,91015,92015,w2_alternating,False,32,128,0.06200154360689478,0.1500120218899401,0.10996279454319967,0.0006807351940095302,0.9642968506392267,0.1790075059571125
14,91015,92015,w2_alternating,False,32,256,0.03678929765886288,0.05770026755399105,0.08309218685407194,0.0006807351940095302,0.9642968506392267,0.1790075059571125
14,91015,92015,w2_alternating,False,64,64,0.02242932735853554,0.019008916010935142,0.018583681548273587,0.0,1.0,0.2239303958903488
14,91015,92015,w2_alternating,False,64,128,0.0,0.0,0.0,0.0,1.0,0.2239303958903488
14,91015,92015,w2_alternating,False,64,256,0.0,0.0,0.0,0.0,1.0,0.2239303958903488
14,91015,92015,w24,False,32,64,0.28402366863905326,0.3078059851910364,0.1781727986771393,0.2821557971014493,0.9245835621453414,0.04212724803730251
14,91015,92015,w24,False,32,128,0.1616928222279393,0.27241282821571744,0.12236461347664324,0.2821557971014493,0.9245835621453414,0.04212724803730251
14,91015,92015,w24,False,32,256,0.10895291998970928,0.22462413542724496,0.10128152128978916,0.2821557971014493,0.9245835621453414,0.04212724803730251
14,91015,92015,w24,False,64,64,0.16170091052104685,0.33483938959960774,0.3519903232900814,0.7131485849056604,0.8225933062156568,0.09169001721527036
14,91015,92015,w24,False,64,128,0.1534537827144015,0.2654963264182332,0.2887618209808665,0.7131485849056604,0.8225933062156568,0.09169001721527036
14,91015,92015,w24,False,64,256,0.15185679553797016,0.23129724500943277,0.2588519903232901,0.7131485849056604,0.8225933062156568,0.09169001721527036
14,91015,92015,w8,False,32,64,0.5910728067918704,0.6555300059296446,0.48201736254650684,0.04591947769314472,0.9613390608798696,0.05370765099440041
14,91015,92015,w8,False,32,128,0.5057885258554154,0.683749125341425,0.5828854898718479,0.04591947769314472,0.9613390608798696,0.05370765099440041
14,91015,92015,w8,False,32,256,0.03614612811937227,0.019164687962945987,0.02108309218685407,0.04591947769314472,0.9613390608798696,0.05370765099440041
14,91015,92015,w8,False,64,64,0.2355675263383706,0.4211203279253948,0.4502968990543215,0.1016897703126581,0.9231539925859132,0.07918794147536574
14,91015,92015,w8,False,64,128,0.21163655432139963,0.38742237762013876,0.4007037607213547,0.1016897703126581,0.9231539925859132,0.07918794147536574
14,91015,92015,w8,False,64,256,0.04004385755827811,0.06836466226798198,0.0680668572685287,0.1016897703126581,0.9231539925859132,0.07918794147536574
15,91016,92016,w16,False,32,64,0.46205299717005405,0.13237325221514695,0.03761885076477883,0.39615812917594656,0.6749463902787706,0.058161568784111335
15,91016,92016,w16,False,32,128,0.4906097247234371,0.34228862898729373,0.19594873914840844,0.39615812917594656,0.6749463902787706,0.058161568784111335
15,91016,92016,w16,False,32,256,0.3676357087728325,0.5274134413114926,0.46713517982637454,0.39615812917594656,0.6749463902787706,0.058161568784111335
15,91016,92016,w16,False,64,64,0.1726653000905754,0.14969592029695458,0.12337805146250275,0.1680011043622308,0.7797072957623417,0.06656497617922545
15,91016,92016,w16,False,64,128,0.1669209133813224,0.4120891926561079,0.3961952936001759,0.1680011043622308,0.7797072957623417,0.06656497617922545
15,91016,92016,w16,False,64,256,0.16155789674405302,0.43838955034203253,0.43908071255773035,0.1680011043622308,0.7797072957623417,0.06656497617922545
15,91016,92016,w4,False,32,64,0.6017494211474145,0.5216795297852843,0.3501446878875568,0.9820436083796494,0.21449044585987262,0.11759210976438529
15,91016,92016,w4,False,32,128,0.7000257267815796,0.7803394627871812,0.6461347664324101,0.9820436083796494,0.21449044585987262,0.11759210976438529
15,91016,92016,w4,False,32,256,0.7930280421919218,0.9185313172961846,0.8677139313766019,0.9820436083796494,0.21449044585987262,0.11759210976438529
15,91016,92016,w4,False,64,64,0.23611574581684702,0.36950534910197563,0.3588080052782054,0.9571976579850595,0.23517938412435724,0.056352792179759484
15,91016,92016,w4,False,64,128,0.3167040091528817,0.6189904769684456,0.608972949197273,0.9571976579850595,0.23517938412435724,0.056352792179759484
15,91016,92016,w4,False,64,256,0.38535062210992993,0.7308225454066282,0.725753243897075,0.9571976579850595,0.23517938412435724,0.056352792179759484
15,91016,92016,w2_alternating,False,32,64,0.14561358374067404,0.008961397058823529,0.0024803637866887144,0.23851590106007067,0.867233238904627,0.03400049701279835
15,91016,92016,w2_alternating,False,32,128,0.29148443529714435,0.22381140181295725,0.06407606448945845,0.23851590106007067,0.867233238904627,0.03400049701279835
15,91016,92016,w2_alternating,False,32,256,0.0967326987393877,0.13586716088206596,0.06407606448945845,0.23851590106007067,0.867233238904627,0.03400049701279835
15,91016,92016,w2_alternating,False,64,64,0.010606855127043905,0.010365975935828877,0.009456784693204311,0.1797752808988764,0.8785062665188849,0.025990988651256028
15,91016,92016,w2_alternating,False,64,128,0.07891976927110644,0.04119499945995686,0.04167583021772597,0.1797752808988764,0.8785062665188849,0.025990988651256028
15,91016,92016,w2_alternating,False,64,256,0.042212899842684844,0.07795646252668545,0.06960633384649219,0.1797752808988764,0.8785062665188849,0.025990988651256028
15,91016,92016,w24,False,32,64,0.4988422948289169,0.24535257862819917,0.138900372054568,0.9525528623001547,0.26799177518848527,0.049506861024828555
15,91016,92016,w24,False,32,128,0.5023154103421662,0.27447770221137413,0.16577097974369573,0.9525528623001547,0.26799177518848527,0.049506861024828555
15,91016,92016,w24,False,32,256,0.5185232827373295,0.29963215186294445,0.18106655642827615,0.9525528623001547,0.26799177518848527,0.049506861024828555
15,91016,92016,w24,False,64,64,0.19252037946322162,0.20274030763869275,0.20639982405981966,0.9003342825306425,0.441207075962539,0.031025735342971917
15,91016,92016,w24,False,64,128,0.2046765505076989,0.25678121250404706,0.2679788871783594,0.9003342825306425,0.441207075962539,0.031025735342971917
15,91016,92016,w24,False,64,256,0.21869190065309624,0.27999883341523724,0.283813503408841,0.9003342825306425,0.441207075962539,0.031025735342971917
15,91016,92016,w8,False,32,64,0.6794443015178802,0.654393617566408,0.5093013642000827,0.3458917076864824,0.6896279949558638,0.03242569000957826
15,91016,92016,w8,False,32,128,0.6597633136094675,0.7358876966374193,0.6572964034725093,0.3458917076864824,0.6896279949558638,0.03242569000957826
15,91016,92016,w8,False,32,256,0.30434782608695654,0.5271974451937356,0.423728813559322,0.3458917076864824,0.6896279949558638,0.03242569000957826
15,91016,92016,w8,False,64,64,0.39893693092434573,0.8365996358046128,0.8351660435451946,0.0786879369062556,0.9000218213558335,0.03614817512176794
15,91016,92016,w8,False,64,128,0.4041092625256233,0.8228041963657688,0.8029469980206729,0.0786879369062556,0.9000218213558335,0.03614817512176794
15,91016,92016,w8,False,64,256,0.0700767507269867,0.1558864041322755,0.1317352100285903,0.0786879369062556,0.9000218213558335,0.03614817512176794
15,91016,92016,w24_capacity,False,32,64,0.3182402881399537,0.008957810018554335,0.0024803637866887144,0.7910266774454325,0.617027254846867,0.1973379822591499
15,91016,92016,w24_capacity,False,32,128,0.29521481862618987,0.0026112804588382817,0.0033071517155849523,0.7910266774454325,0.617027254846867,0.1973379822591499
15,91016,92016,w24_capacity,False,32,256,0.2600977617700026,0.016850676497415628,0.0028937577511368336,0.7910266774454325,0.617027254846867,0.1973379822591499
15,91016,92016,w24_capacity,False,64,64,0.15721981217523956,0.0686677034855408,0.04992302617110182,0.8728016979987872,0.5648679678530425,0.15716214725507707
15,91016,92016,w24_capacity,False,64,128,0.15524145492682462,0.07012914996681098,0.0535517923905872,0.8728016979987872,0.5648679678530425,0.15716214725507707
15,91016,92016,w24_capacity,False,64,256,0.1465652857891977,0.06319686108042102,0.04959313833296679,0.8728016979987872,0.5648679678530425,0.15716214725507707
