map_index,from_step,to_step,distance,frontier_opportunities,frontier_acquired,nonfrontier_opportunities,nonfrontier_acquired,weight,acquisition_difference
0,16,17,14,1,0,2,0,0.6666666666666666,0.0
0,16,17,15,5,0,2,0,1.4285714285714286,0.0
0,24,25,19,1,1,4,0,0.8,1.0
0,24,25,20,1,0,5,0,0.8333333333333334,0.0
0,32,33,18,1,0,1,0,0.5,0.0
0,32,33,19,2,1,2,0,1.0,0.5
0,40,41,20,1,0,1,0,0.5,0.0
0,40,41,21,2,1,2,0,1.0,0.5
0,40,41,22,1,0,4,0,0.8,0.0
0,40,41,23,2,1,5,0,1.4285714285714286,0.5
0,48,49,23,2,2,1,0,0.6666666666666666,1.0
0,48,49,24,1,0,3,0,0.75,0.0
0,48,49,25,3,0,3,0,1.5,0.0
0,56,57,29,1,1,5,0,0.8333333333333334,1.0
0,72,73,28,1,0,1,0,0.5,0.0
0,72,73,29,2,1,2,0,1.0,0.5
0,72,73,30,1,0,4,0,0.8,0.0
0,72,73,31,1,0,5,0,0.8333333333333334,0.0
0,80,81,28,1,0,1,0,0.5,0.0
0,80,81,29,1,1,2,0,0.6666666666666666,1.0
0,80,81,30,1,0,3,0,0.75,0.0
0,80,81,31,1,0,4,0,0.8,0.0
0,80,81,32,1,0,4,0,0.8,0.0
0,88,89,30,1,0,1,0,0.5,0.0
0,88,89,31,1,1,2,0,0.6666666666666666,1.0
0,88,89,32,1,0,2,0,0.6666666666666666,0.0
0,88,89,33,2,0,2,0,1.0,0.0
1,16,17,15,6,5,1,0,0.8571428571428571,0.8333333333333334
1,24,25,21,5,4,2,0,1.4285714285714286,0.8
1,32,33,23,1,1,4,0,0.8,1.0
1,32,33,24,1,0,6,0,0.8571428571428571,0.0
1,32,33,25,3,2,7,0,2.1,0.6666666666666666
1,32,33,26,1,0,9,0,0.9,0.0
1,40,41,30,1,0,4,0,0.8,0.0
1,48,49,24,1,0,2,0,0.6666666666666666,0.0
1,48,49,25,2,1,3,0,1.2,0.5
1,48,49,26,3,0,3,0,1.5,0.0
1,48,49,31,1,1,4,0,0.8,1.0
1,56,57,24,1,0,1,0,0.5,0.0
1,56,57,25,1,0,2,0,0.6666666666666666,0.0
1,56,57,26,1,0,2,0,0.6666666666666666,0.0
1,56,57,27,1,0,2,0,0.6666666666666666,0.0
1,56,57,28,2,0,2,0,1.0,0.0
1,56,57,33,2,1,9,0,1.6363636363636365,0.5
1,56,57,35,2,1,14,0,1.75,0.5
1,56,57,36,1,0,16,0,0.9411764705882353,0.0
1,56,57,37,2,1,16,0,1.7777777777777777,0.5
1,64,65,29,2,0,1,0,0.6666666666666666,0.0
1,64,65,33,1,1,9,0,0.9,1.0
1,64,65,35,1,0,13,0,0.9285714285714286,0.0
1,64,65,36,1,0,14,0,0.9333333333333333,0.0
1,64,65,37,1,1,14,0,0.9333333333333333,1.0
1,64,65,38,1,0,12,0,0.9230769230769231,0.0
1,64,65,39,2,0,9,0,1.6363636363636365,0.0
1,72,73,30,1,0,2,0,0.6666666666666666,0.0
1,72,73,36,1,0,12,0,0.9230769230769231,0.0
1,72,73,38,1,0,9,0,0.9,0.0
1,72,73,39,1,1,6,0,0.8571428571428571,1.0
1,80,81,31,1,1,3,0,0.75,1.0
1,88,89,31,2,0,1,0,0.6666666666666666,0.0
1,88,89,32,1,1,4,0,0.8,1.0
1,88,89,33,1,1,6,0,0.8571428571428571,1.0
1,88,89,35,2,1,8,0,1.6,0.5
1,88,89,36,1,0,9,0,0.9,0.0
1,88,89,37,3,2,8,0,2.1818181818181817,0.6666666666666666
1,96,97,32,1,0,2,0,0.6666666666666666,0.0
1,96,97,33,2,0,3,0,1.2,0.0
1,96,97,34,2,0,5,0,1.4285714285714286,0.0
1,96,97,35,2,1,6,0,1.5,0.5
1,96,97,36,3,0,6,0,2.0,0.0
1,96,97,37,1,0,7,0,0.875,0.0
1,96,97,38,1,0,6,0,0.8571428571428571,0.0
1,96,97,39,1,0,5,0,0.8333333333333334,0.0
1,104,105,32,1,0,1,0,0.5,0.0
1,104,105,33,1,0,2,0,0.6666666666666666,0.0
1,104,105,34,2,0,3,0,1.2,0.0
1,104,105,35,1,0,4,0,0.8,0.0
1,104,105,36,2,0,3,0,1.2,0.0
1,104,105,37,3,0,3,0,1.5,0.0
1,104,105,38,1,0,4,0,0.8,0.0
1,104,105,39,3,2,3,0,1.5,0.6666666666666666
1,112,113,32,1,0,1,0,0.5,0.0
1,112,113,33,1,1,2,0,0.6666666666666666,1.0
1,112,113,34,1,0,3,0,0.75,0.0
1,112,113,35,1,0,3,0,0.75,0.0
1,112,113,36,1,0,3,0,0.75,0.0
1,112,113,37,1,0,3,0,0.75,0.0
1,112,113,38,1,0,3,0,0.75,0.0
1,112,113,41,1,0,1,0,0.5,0.0
1,120,121,33,1,1,1,0,0.5,1.0
1,120,121,34,1,0,2,0,0.6666666666666666,0.0
1,120,121,35,1,1,2,0,0.6666666666666666,1.0
1,120,121,36,1,0,2,0,0.6666666666666666,0.0
1,120,121,37,1,0,2,0,0.6666666666666666,0.0
1,120,121,38,1,0,2,0,0.6666666666666666,0.0
1,120,121,39,1,0,2,0,0.6666666666666666,0.0
2,8,9,9,17,15,2,0,1.7894736842105263,0.8823529411764706
2,16,17,14,2,0,4,0,1.3333333333333333,0.0
2,16,17,15,12,9,8,0,4.8,0.75
2,24,25,16,2,0,2,0,1.0,0.0
2,24,25,17,10,5,3,0,2.3076923076923075,0.5
2,24,25,18,8,0,9,0,4.235294117647059,0.0
2,24,25,19,13,7,12,0,6.24,0.5384615384615384
2,24,25,20,1,0,25,0,0.9615384615384616,0.0
2,32,33,18,1,0,1,0,0.5,0.0
2,32,33,19,3,1,1,0,0.75,0.3333333333333333
2,32,33,20,2,0,3,0,1.2,0.0
2,32,33,21,5,3,2,0,1.4285714285714286,0.6
2,32,33,22,4,0,5,0,2.2222222222222223,0.0
2,32,33,23,7,4,7,0,3.5,0.5714285714285714
2,40,41,24,1,0,7,0,0.875,0.0
2,40,41,25,2,1,10,0,1.6666666666666667,0.5
2,40,41,26,2,0,16,0,1.7777777777777777,0.0
2,40,41,27,1,1,19,0,0.95,1.0
2,40,41,28,1,0,20,0,0.9523809523809523,0.0
2,48,49,25,3,2,1,0,0.75,0.6666666666666666
2,48,49,26,4,0,3,0,1.7142857142857142,0.0
2,48,49,27,8,4,6,0,3.4285714285714284,0.5
2,48,49,28,3,0,11,0,2.357142857142857,0.0
2,48,49,29,4,0,12,0,3.0,0.0
2,48,49,31,1,1,10,0,0.9090909090909091,1.0
2,56,57,26,2,0,1,0,0.6666666666666666,0.0
2,56,57,27,3,2,3,0,1.5,0.6666666666666666
2,56,57,28,2,0,4,0,1.3333333333333333,0.0
2,56,57,29,4,1,4,0,2.0,0.25
2,56,57,30,4,0,6,0,2.4,0.0
2,56,57,31,1,0,7,0,0.875,0.0
2,56,57,32,1,0,5,0,0.8333333333333334,0.0
3,8,9,9,10,9,2,0,1.6666666666666667,0.9
3,24,25,20,3,0,1,0,0.75,0.0
3,32,33,22,1,0,1,0,0.5,0.0
3,32,33,23,2,1,2,0,1.0,0.5
3,32,33,24,1,0,4,0,0.8,0.0
3,32,33,25,4,2,4,0,2.0,0.5
4,24,25,18,1,0,1,0,0.5,0.0
4,24,25,19,2,1,2,0,1.0,0.5
4,24,25,20,3,0,4,0,1.7142857142857142,0.0
4,32,33,24,3,0,3,0,1.5,0.0
4,32,33,25,3,2,5,0,1.875,0.6666666666666666
4,40,41,29,5,5,1,0,0.8333333333333334,1.0
4,40,41,30,1,0,5,0,0.8333333333333334,0.0
5,8,9,8,3,0,3,0,1.5,0.0
5,8,9,9,19,18,6,0,4.56,0.9473684210526315
5,16,17,11,4,3,1,0,0.8,0.75
5,16,17,12,2,0,6,0,1.5,0.0
5,16,17,15,5,5,13,0,3.611111111111111,1.0
5,24,25,14,3,0,2,0,1.2,0.0
5,24,25,15,5,1,4,0,2.2222222222222223,0.2
5,24,25,16,2,0,8,0,1.6,0.0
5,24,25,17,4,2,8,0,2.6666666666666665,0.5
5,32,33,20,3,0,2,0,1.2,0.0
5,32,33,21,1,0,3,0,0.75,0.0
6,8,9,9,8,7,1,0,0.8888888888888888,0.875
6,16,17,14,1,0,4,0,0.8,0.0
6,16,17,15,5,5,6,0,2.727272727272727,1.0
6,24,25,16,1,0,1,0,0.5,0.0
6,24,25,17,2,2,2,0,1.0,1.0
6,24,25,18,1,0,3,0,0.75,0.0
6,24,25,19,2,1,3,0,1.2,0.5
6,32,33,22,1,0,1,0,0.5,0.0
6,32,33,23,1,0,2,0,0.6666666666666666,0.0
6,32,33,24,1,0,2,0,0.6666666666666666,0.0
6,32,33,25,3,2,2,0,1.2,0.6666666666666666
8,8,9,9,9,9,1,0,0.9,1.0
8,16,17,14,1,0,1,0,0.5,0.0
8,16,17,15,6,5,2,0,1.5,0.8333333333333334
8,24,25,19,3,3,5,0,1.875,1.0
8,24,25,20,2,0,9,0,1.6363636363636365,0.0
8,32,33,21,5,3,3,0,1.875,0.6
8,40,41,21,2,2,1,0,0.6666666666666666,1.0
8,40,41,23,3,3,2,0,1.2,1.0
8,40,41,24,1,0,4,0,0.8,0.0
8,64,65,25,1,0,1,0,0.5,0.0
8,64,65,26,1,0,2,0,0.6666666666666666,0.0
8,64,65,27,2,1,2,0,1.0,0.5
8,64,65,28,1,0,3,0,0.75,0.0
8,72,73,26,1,0,1,0,0.5,0.0
8,72,73,27,2,1,1,0,0.6666666666666666,0.5
8,72,73,28,1,0,2,0,0.6666666666666666,0.0
8,72,73,29,1,0,2,0,0.6666666666666666,0.0
9,16,17,14,3,0,3,0,1.5,0.0
9,16,17,15,8,6,5,0,3.076923076923077,0.75
9,24,25,20,1,0,4,0,0.8,0.0
9,32,33,21,2,2,1,0,0.6666666666666666,1.0
9,32,33,22,2,0,2,0,1.0,0.0
9,32,33,23,3,1,3,0,1.5,0.3333333333333333
9,40,41,23,1,1,1,0,0.5,1.0
9,40,41,24,1,0,2,0,0.6666666666666666,0.0
9,40,41,25,1,0,3,0,0.75,0.0
9,40,41,26,1,0,3,0,0.75,0.0
9,40,41,27,2,0,3,0,1.2,0.0
10,8,9,8,1,0,1,0,0.5,0.0
10,8,9,9,10,10,1,0,0.9090909090909091,1.0
10,24,25,19,2,1,1,0,0.6666666666666666,0.5
10,32,33,22,1,0,1,0,0.5,0.0
10,32,33,23,3,3,2,0,1.2,1.0
10,56,57,30,1,0,1,0,0.5,0.0
10,56,57,31,2,2,2,0,1.0,1.0
10,56,57,32,2,0,3,0,1.2,0.0
10,56,57,33,2,0,4,0,1.3333333333333333,0.0
10,56,57,34,2,0,4,0,1.3333333333333333,0.0
10,56,57,35,2,0,4,0,1.3333333333333333,0.0
10,64,65,31,1,1,1,0,0.5,1.0
10,64,65,33,2,1,2,0,1.0,0.5
10,64,65,34,1,0,3,0,0.75,0.0
10,64,65,35,1,0,3,0,0.75,0.0
10,64,65,36,2,0,3,0,1.2,0.0
10,72,73,37,3,1,1,0,0.75,0.3333333333333333
10,80,81,39,1,1,3,0,0.75,1.0
10,104,105,39,2,1,1,0,0.6666666666666666,0.5
10,112,113,40,1,0,2,0,0.6666666666666666,0.0
10,112,113,41,1,0,3,0,0.75,0.0
10,112,113,42,1,0,4,0,0.8,0.0
10,112,113,43,2,0,5,0,1.4285714285714286,0.0
10,120,121,40,1,0,1,0,0.5,0.0
10,120,121,41,1,0,2,0,0.6666666666666666,0.0
10,120,121,42,1,0,3,0,0.75,0.0
10,120,121,43,1,0,4,0,0.8,0.0
10,120,121,44,1,0,4,0,0.8,0.0
10,120,121,45,1,0,4,0,0.8,0.0
10,128,129,41,2,1,1,0,0.6666666666666666,0.5
10,128,129,42,1,0,3,0,0.75,0.0
10,128,129,43,1,0,4,0,0.8,0.0
10,128,129,44,1,0,4,0,0.8,0.0
10,128,129,45,1,0,4,0,0.8,0.0
10,136,137,41,1,0,1,0,0.5,0.0
10,136,137,42,1,0,2,0,0.6666666666666666,0.0
10,136,137,43,1,0,3,0,0.75,0.0
10,136,137,44,1,0,3,0,0.75,0.0
10,136,137,45,2,1,3,0,1.2,0.5
10,144,145,43,1,0,1,0,0.5,0.0
10,144,145,44,1,0,1,0,0.5,0.0
10,144,145,45,2,1,1,0,0.6666666666666666,0.5
10,144,145,46,2,0,2,0,1.0,0.0
11,16,17,15,3,1,2,0,1.2,0.3333333333333333
11,24,25,17,1,1,1,0,0.5,1.0
11,24,25,18,1,0,1,0,0.5,0.0
11,24,25,19,4,3,1,0,0.8,0.75
11,24,25,20,2,0,3,0,1.2,0.0
11,24,25,21,2,0,3,0,1.2,0.0
12,8,9,9,7,6,1,0,0.875,0.8571428571428571
12,16,17,12,2,0,1,0,0.6666666666666666,0.0
12,16,17,13,3,0,2,0,1.2,0.0
12,16,17,15,3,3,8,0,2.1818181818181817,1.0
12,24,25,14,1,0,1,0,0.5,0.0
12,24,25,15,3,2,2,0,1.2,0.6666666666666666
12,24,25,16,1,0,6,0,0.8571428571428571,0.0
12,24,25,17,1,0,8,0,0.8888888888888888,0.0
12,24,25,18,2,0,9,0,1.6363636363636365,0.0
12,32,33,21,2,2,8,0,1.6,1.0
12,40,41,25,2,0,6,0,1.5,0.0
12,48,49,18,2,0,3,0,1.2,0.0
12,48,49,19,2,0,4,0,1.3333333333333333,0.0
12,48,49,20,3,0,5,0,1.875,0.0
12,48,49,26,1,0,7,0,0.875,0.0
12,48,49,27,1,0,8,0,0.8888888888888888,0.0
12,48,49,28,1,0,12,0,0.9230769230769231,0.0
12,48,49,29,2,1,13,0,1.7333333333333334,0.5
12,56,57,18,2,0,1,0,0.6666666666666666,0.0
12,56,57,19,2,0,2,0,1.0,0.0
12,56,57,20,2,0,3,0,1.2,0.0
12,56,57,21,2,0,3,0,1.2,0.0
12,56,57,22,2,0,4,0,1.3333333333333333,0.0
12,56,57,23,2,0,4,0,1.3333333333333333,0.0
12,56,57,27,1,0,7,0,0.875,0.0
12,56,57,29,2,1,11,0,1.6923076923076923,0.5
12,56,57,30,1,0,12,0,0.9230769230769231,0.0
12,56,57,31,1,0,13,0,0.9285714285714286,0.0
12,64,65,19,1,1,1,0,0.5,1.0
12,64,65,21,2,1,1,0,0.6666666666666666,0.5
12,64,65,23,4,3,2,0,1.3333333333333333,0.75
12,64,65,31,1,0,9,0,0.9,0.0
12,64,65,33,2,2,7,0,1.5555555555555556,1.0
12,64,65,34,2,0,5,0,1.4285714285714286,0.0
12,96,97,26,1,0,3,0,0.75,0.0
12,96,97,27,2,1,4,0,1.3333333333333333,0.5
12,96,97,28,2,0,7,0,1.5555555555555556,0.0
12,96,97,29,2,0,8,0,1.6,0.0
12,104,105,26,2,0,1,0,0.6666666666666666,0.0
12,104,105,27,1,0,3,0,0.75,0.0
12,104,105,28,1,0,6,0,0.8571428571428571,0.0
12,104,105,29,1,0,7,0,0.875,0.0
12,104,105,30,1,0,8,0,0.8888888888888888,0.0
12,112,113,27,1,0,2,0,0.6666666666666666,0.0
12,112,113,28,1,0,5,0,0.8333333333333334,0.0
12,112,113,29,1,0,6,0,0.8571428571428571,0.0
12,112,113,30,1,0,7,0,0.875,0.0
12,112,113,31,1,0,8,0,0.8888888888888888,0.0
12,120,121,28,1,0,4,0,0.8,0.0
12,120,121,30,1,0,5,0,0.8333333333333334,0.0
12,120,121,31,1,1,6,0,0.8571428571428571,1.0
12,120,121,32,2,0,6,0,1.5,0.0
12,160,161,29,3,0,1,0,0.75,0.0
12,168,169,29,2,1,1,0,0.6666666666666666,0.5
12,168,169,30,2,0,2,0,1.0,0.0
12,168,169,31,2,0,3,0,1.2,0.0
12,168,169,32,2,0,3,0,1.2,0.0
12,168,169,33,3,0,3,0,1.5,0.0
12,176,177,30,1,0,2,0,0.6666666666666666,0.0
12,176,177,31,1,0,3,0,0.75,0.0
12,176,177,32,1,0,3,0,0.75,0.0
12,176,177,33,2,1,3,0,1.2,0.5
12,176,177,34,2,0,3,0,1.2,0.0
12,184,185,30,1,0,1,0,0.5,0.0
12,184,185,31,1,0,2,0,0.6666666666666666,0.0
12,184,185,32,1,0,2,0,0.6666666666666666,0.0
12,184,185,33,1,0,2,0,0.6666666666666666,0.0
12,184,185,34,3,0,2,0,1.2,0.0
12,192,193,30,1,0,1,0,0.5,0.0
12,192,193,31,1,0,2,0,0.6666666666666666,0.0
12,192,193,32,1,0,2,0,0.6666666666666666,0.0
12,192,193,33,1,0,2,0,0.6666666666666666,0.0
12,192,193,34,1,0,2,0,0.6666666666666666,0.0
12,192,193,35,2,0,2,0,1.0,0.0
12,200,201,31,2,1,1,0,0.6666666666666666,0.5
12,200,201,32,1,0,2,0,0.6666666666666666,0.0
12,200,201,33,1,0,2,0,0.6666666666666666,0.0
12,200,201,34,1,0,2,0,0.6666666666666666,0.0
12,200,201,35,2,0,2,0,1.0,0.0
12,208,209,31,1,0,1,0,0.5,0.0
12,208,209,32,1,0,1,0,0.5,0.0
12,208,209,33,1,0,1,0,0.5,0.0
12,208,209,34,1,0,1,0,0.5,0.0
12,208,209,35,3,0,1,0,0.75,0.0
12,216,217,36,1,0,2,0,0.6666666666666666,0.0
12,224,225,36,2,0,1,0,0.6666666666666666,0.0
12,232,233,37,1,0,2,0,0.6666666666666666,0.0
13,16,17,14,1,0,2,0,0.6666666666666666,0.0
13,16,17,15,2,1,2,0,1.0,0.5
13,40,41,23,1,0,1,0,0.5,0.0
13,40,41,24,1,0,2,0,0.6666666666666666,0.0
13,40,41,25,2,1,3,0,1.2,0.5
13,40,41,26,2,0,5,0,1.4285714285714286,0.0
13,40,41,27,2,1,7,0,1.5555555555555556,0.5
13,48,49,24,1,0,2,0,0.6666666666666666,0.0
13,48,49,25,1,0,3,0,0.75,0.0
13,48,49,26,1,0,4,0,0.8,0.0
13,48,49,27,2,0,5,0,1.4285714285714286,0.0
13,48,49,28,1,0,8,0,0.8888888888888888,0.0
13,48,49,29,1,0,10,0,0.9090909090909091,0.0
13,48,49,30,1,0,12,0,0.9230769230769231,0.0
13,56,57,27,3,2,1,0,0.75,0.6666666666666666
13,56,57,29,3,3,6,0,2.0,1.0
13,56,57,31,3,3,10,0,2.3076923076923075,1.0
13,64,65,33,1,0,9,0,0.9,0.0
13,64,65,35,1,1,9,0,0.9,1.0
13,72,73,33,1,1,9,0,0.9,1.0
13,80,81,29,2,0,2,0,1.0,0.0
13,80,81,30,3,0,4,0,1.7142857142857142,0.0
13,80,81,34,1,0,7,0,0.875,0.0
13,88,89,30,2,0,2,0,1.0,0.0
13,88,89,31,3,1,3,0,1.5,0.3333333333333333
13,88,89,32,2,0,5,0,1.4285714285714286,0.0
13,88,89,33,3,1,6,0,2.0,0.3333333333333333
13,88,89,35,2,2,6,0,1.5,1.0
13,88,89,36,2,0,8,0,1.6,0.0
13,88,89,37,2,0,10,0,1.6666666666666667,0.0
13,88,89,38,2,0,12,0,1.7142857142857142,0.0
13,88,89,39,3,0,13,0,2.4375,0.0
13,96,97,30,1,0,2,0,0.6666666666666666,0.0
13,96,97,31,3,1,2,0,1.2,0.3333333333333333
13,96,97,32,2,0,4,0,1.3333333333333333,0.0
13,96,97,33,2,0,5,0,1.4285714285714286,0.0
13,96,97,34,2,0,5,0,1.4285714285714286,0.0
13,96,97,36,2,0,6,0,1.5,0.0
13,96,97,37,2,0,8,0,1.6,0.0
13,96,97,38,2,0,10,0,1.6666666666666667,0.0
13,96,97,39,2,0,11,0,1.6923076923076923,0.0
13,96,97,40,2,0,11,0,1.6923076923076923,0.0
13,96,97,41,2,0,12,0,1.7142857142857142,0.0
13,104,105,31,2,0,1,0,0.6666666666666666,0.0
13,104,105,32,2,0,2,0,1.0,0.0
13,104,105,33,2,0,3,0,1.2,0.0
13,104,105,34,3,0,3,0,1.5,0.0
13,104,105,35,1,0,5,0,0.8333333333333334,0.0
13,104,105,37,2,0,6,0,1.5,0.0
13,104,105,38,2,0,8,0,1.6,0.0
13,104,105,39,2,0,9,0,1.6363636363636365,0.0
13,104,105,40,2,0,9,0,1.6363636363636365,0.0
13,104,105,41,4,1,10,0,2.857142857142857,0.25
13,112,113,33,1,0,1,0,0.5,0.0
13,112,113,34,1,0,1,0,0.5,0.0
13,112,113,35,4,2,2,0,1.3333333333333333,0.5
13,112,113,38,1,0,7,0,0.875,0.0
13,112,113,39,1,1,8,0,0.8888888888888888,1.0
13,112,113,41,1,1,9,0,0.9,1.0
13,112,113,42,3,0,8,0,2.1818181818181817,0.0
13,120,121,36,1,0,3,0,0.75,0.0
13,120,121,37,1,0,5,0,0.8333333333333334,0.0
13,120,121,43,1,0,10,0,0.9090909090909091,0.0
13,128,129,36,1,0,3,0,0.75,0.0
13,128,129,44,1,0,10,0,0.9090909090909091,0.0
13,136,137,36,1,0,3,0,0.75,0.0
13,136,137,44,1,0,10,0,0.9090909090909091,0.0
13,144,145,37,1,0,4,0,0.8,0.0
13,144,145,45,1,0,13,0,0.9285714285714286,0.0
13,152,153,36,1,0,1,0,0.5,0.0
13,152,153,37,3,1,2,0,1.2,0.3333333333333333
13,152,153,46,2,0,15,0,1.7647058823529411,0.0
13,160,161,36,1,0,1,0,0.5,0.0
13,160,161,37,2,2,2,0,1.0,1.0
13,160,161,38,1,0,5,0,0.8333333333333334,0.0
13,160,161,39,1,0,7,0,0.875,0.0
13,160,161,46,1,0,15,0,0.9375,0.0
13,160,161,47,1,0,14,0,0.9333333333333333,0.0
13,160,161,48,1,0,15,0,0.9375,0.0
13,160,161,49,2,1,16,0,1.7777777777777777,0.5
13,168,169,37,1,0,1,0,0.5,0.0
13,168,169,38,3,0,2,0,1.2,0.0
13,168,169,39,1,0,6,0,0.8571428571428571,0.0
13,168,169,40,1,0,7,0,0.875,0.0
13,168,169,46,1,0,15,0,0.9375,0.0
13,168,169,47,1,0,14,0,0.9333333333333333,0.0
13,168,169,48,1,0,15,0,0.9375,0.0
13,168,169,49,1,0,16,0,0.9411764705882353,0.0
13,168,169,50,1,0,19,0,0.95,0.0
13,168,169,51,1,0,23,0,0.9583333333333334,0.0
13,176,177,37,1,0,1,0,0.5,0.0
13,176,177,38,2,0,2,0,1.0,0.0
13,176,177,39,2,0,4,0,1.3333333333333333,0.0
13,176,177,40,3,0,5,0,1.875,0.0
13,176,177,47,1,0,13,0,0.9285714285714286,0.0
13,176,177,48,1,0,14,0,0.9333333333333333,0.0
13,176,177,49,2,1,15,0,1.7647058823529411,0.5
13,176,177,50,1,0,19,0,0.95,0.0
13,176,177,51,1,0,23,0,0.9583333333333334,0.0
13,184,185,37,1,1,1,0,0.5,1.0
13,184,185,39,4,1,2,0,1.3333333333333333,0.25
13,184,185,40,2,0,5,0,1.4285714285714286,0.0
13,184,185,41,2,1,7,0,1.5555555555555556,0.5
13,184,185,47,1,0,13,0,0.9285714285714286,0.0
13,184,185,48,1,0,14,0,0.9333333333333333,0.0
13,184,185,49,1,0,15,0,0.9375,0.0
13,184,185,50,1,0,18,0,0.9473684210526315,0.0
13,184,185,51,1,0,22,0,0.9565217391304348,0.0
13,184,185,52,1,0,22,0,0.9565217391304348,0.0
13,192,193,38,1,0,1,0,0.5,0.0
13,192,193,39,2,0,2,0,1.0,0.0
13,192,193,40,2,0,3,0,1.2,0.0
13,192,193,41,3,0,5,0,1.875,0.0
13,192,193,42,1,0,7,0,0.875,0.0
13,192,193,47,1,0,13,0,0.9285714285714286,0.0
13,192,193,48,1,0,14,0,0.9333333333333333,0.0
13,192,193,49,1,0,15,0,0.9375,0.0
13,192,193,50,1,0,18,0,0.9473684210526315,0.0
13,192,193,51,1,0,22,0,0.9565217391304348,0.0
13,192,193,52,1,0,22,0,0.9565217391304348,0.0
13,200,201,39,2,0,1,0,0.6666666666666666,0.0
13,200,201,40,2,0,2,0,1.0,0.0
13,200,201,41,3,0,4,0,1.7142857142857142,0.0
13,200,201,42,2,0,6,0,1.5,0.0
13,200,201,47,1,1,13,0,0.9285714285714286,1.0
13,200,201,49,2,1,14,0,1.75,0.5
13,200,201,50,1,0,18,0,0.9473684210526315,0.0
13,200,201,51,1,0,22,0,0.9565217391304348,0.0
13,200,201,52,1,0,22,0,0.9565217391304348,0.0
13,208,209,39,1,0,1,0,0.5,0.0
13,208,209,40,2,0,1,0,0.6666666666666666,0.0
13,208,209,41,2,0,3,0,1.2,0.0
13,208,209,42,3,0,4,0,1.7142857142857142,0.0
13,208,209,43,2,0,8,0,1.6,0.0
13,208,209,48,1,0,13,0,0.9285714285714286,0.0
13,208,209,49,1,0,14,0,0.9333333333333333,0.0
13,208,209,50,1,0,17,0,0.9444444444444444,0.0
13,208,209,51,1,0,21,0,0.9545454545454546,0.0
13,208,209,52,2,0,21,0,1.826086956521739,0.0
13,216,217,40,1,0,1,0,0.5,0.0
13,216,217,41,2,0,2,0,1.0,0.0
13,216,217,42,1,0,4,0,0.8,0.0
13,216,217,43,3,0,7,0,2.1,0.0
13,216,217,49,1,0,13,0,0.9285714285714286,0.0
13,216,217,50,1,0,16,0,0.9411764705882353,0.0
13,216,217,51,2,1,20,0,1.8181818181818181,0.5
13,216,217,52,1,0,21,0,0.9545454545454546,0.0
13,216,217,53,1,0,20,0,0.9523809523809523,0.0
13,224,225,41,3,0,1,0,0.75,0.0
13,224,225,42,1,0,4,0,0.8,0.0
13,224,225,43,2,0,7,0,1.5555555555555556,0.0
13,224,225,49,1,1,13,0,0.9285714285714286,1.0
13,224,225,51,1,0,19,0,0.95,0.0
13,224,225,52,1,0,19,0,0.95,0.0
13,224,225,53,3,0,18,0,2.5714285714285716,0.0
13,232,233,41,2,0,1,0,0.6666666666666666,0.0
13,232,233,42,2,0,3,0,1.2,0.0
13,232,233,43,2,0,7,0,1.5555555555555556,0.0
13,232,233,54,2,0,17,0,1.7894736842105263,0.0
13,240,241,41,2,1,1,0,0.6666666666666666,0.5
13,240,241,42,1,0,3,0,0.75,0.0
13,240,241,43,3,0,6,0,2.0,0.0
13,240,241,55,1,0,16,0,0.9411764705882353,0.0
13,248,249,42,2,0,1,0,0.6666666666666666,0.0
13,248,249,43,3,0,5,0,1.875,0.0
13,248,249,44,1,0,9,0,0.9,0.0
14,8,9,9,7,7,1,0,0.875,1.0
14,32,33,25,1,0,1,0,0.5,0.0
14,48,49,27,3,1,1,0,0.75,0.3333333333333333
14,56,57,29,2,1,2,0,1.0,0.5
14,56,57,31,2,1,3,0,1.2,0.5
14,56,57,32,1,0,4,0,0.8,0.0
14,64,65,28,1,0,1,0,0.5,0.0
14,64,65,29,1,0,2,0,0.6666666666666666,0.0
14,64,65,30,1,0,3,0,0.75,0.0
14,64,65,31,1,0,3,0,0.75,0.0
14,64,65,32,1,0,3,0,0.75,0.0
14,64,65,33,1,0,3,0,0.75,0.0
14,72,73,30,1,0,1,0,0.5,0.0
14,72,73,31,1,1,1,0,0.5,1.0
14,72,73,34,2,0,1,0,0.6666666666666666,0.0
14,104,105,38,2,0,2,0,1.0,0.0
14,104,105,39,2,0,3,0,1.2,0.0
14,104,105,40,2,0,4,0,1.3333333333333333,0.0
14,104,105,41,3,1,4,0,1.7142857142857142,0.3333333333333333
14,112,113,39,2,0,1,0,0.6666666666666666,0.0
14,112,113,40,2,0,2,0,1.0,0.0
14,112,113,41,2,0,2,0,1.0,0.0
14,112,113,42,2,0,2,0,1.0,0.0
14,112,113,43,4,2,2,0,1.3333333333333333,0.5
14,112,113,44,2,0,4,0,1.3333333333333333,0.0
14,120,121,39,2,0,1,0,0.6666666666666666,0.0
14,120,121,40,2,0,2,0,1.0,0.0
14,120,121,41,2,0,2,0,1.0,0.0
14,120,121,42,2,0,2,0,1.0,0.0
14,120,121,43,2,0,2,0,1.0,0.0
14,120,121,44,2,0,2,0,1.0,0.0
14,120,121,45,2,0,2,0,1.0,0.0
14,128,129,40,1,0,1,0,0.5,0.0
14,128,129,41,1,0,1,0,0.5,0.0
14,128,129,42,1,0,1,0,0.5,0.0
14,128,129,43,1,0,1,0,0.5,0.0
14,128,129,44,2,0,1,0,0.6666666666666666,0.0
14,128,129,45,2,0,2,0,1.0,0.0
14,136,137,46,1,0,1,0,0.5,0.0
15,8,9,8,2,0,2,0,1.0,0.0
15,8,9,9,9,8,2,0,1.6363636363636365,0.8888888888888888
15,16,17,14,1,0,5,0,0.8333333333333334,0.0
15,16,17,15,3,3,7,0,2.1,1.0
15,24,25,18,2,0,4,0,1.3333333333333333,0.0
15,24,25,21,2,0,6,0,1.5,0.0
15,32,33,23,3,1,5,0,1.875,0.3333333333333333
15,40,41,20,1,0,1,0,0.5,0.0
15,40,41,21,2,0,1,0,0.6666666666666666,0.0
15,40,41,22,2,0,2,0,1.0,0.0
15,40,41,24,1,0,6,0,0.8571428571428571,0.0
15,40,41,25,1,0,6,0,0.8571428571428571,0.0
15,40,41,26,1,0,7,0,0.875,0.0
15,40,41,27,2,1,7,0,1.5555555555555556,0.5
15,40,41,28,1,0,8,0,0.8888888888888888,0.0
15,40,41,29,2,1,7,0,1.5555555555555556,0.5
15,48,49,23,1,1,3,0,0.75,1.0
15,48,49,24,1,0,5,0,0.8333333333333334,0.0
15,48,49,25,1,1,5,0,0.8333333333333334,1.0
15,48,49,27,2,1,5,0,1.4285714285714286,0.5
15,48,49,28,1,0,6,0,0.8571428571428571,0.0
15,48,49,29,1,0,5,0,0.8333333333333334,0.0
15,48,49,30,2,0,3,0,1.2,0.0
15,72,73,28,2,0,2,0,1.0,0.0
15,72,73,29,2,0,2,0,1.0,0.0
15,72,73,35,2,0,1,0,0.6666666666666666,0.0
15,72,73,36,2,0,2,0,1.0,0.0
15,72,73,37,2,0,3,0,1.2,0.0
15,72,73,38,2,0,3,0,1.2,0.0
15,72,73,39,3,1,3,0,1.5,0.3333333333333333
15,80,81,36,1,0,1,0,0.5,0.0
15,80,81,37,1,0,2,0,0.6666666666666666,0.0
15,80,81,38,1,0,2,0,0.6666666666666666,0.0
15,80,81,39,1,0,2,0,0.6666666666666666,0.0
15,80,81,40,1,0,2,0,0.6666666666666666,0.0
15,80,81,41,1,0,2,0,0.6666666666666666,0.0
15,88,89,37,1,1,1,0,0.5,1.0
15,88,89,38,1,0,1,0,0.5,0.0
15,88,89,39,1,1,1,0,0.5,1.0
15,88,89,40,1,0,1,0,0.5,0.0
15,88,89,41,2,1,1,0,0.6666666666666666,0.5
16,32,33,21,1,0,1,0,0.5,0.0
16,32,33,22,1,0,2,0,0.6666666666666666,0.0
16,32,33,23,4,3,2,0,1.3333333333333333,0.75
16,40,41,26,1,0,1,0,0.5,0.0
16,40,41,27,3,1,1,0,0.75,0.3333333333333333
16,56,57,30,1,0,1,0,0.5,0.0
16,56,57,31,2,1,2,0,1.0,0.5
16,64,65,31,1,0,1,0,0.5,0.0
16,64,65,32,1,0,2,0,0.6666666666666666,0.0
16,64,65,33,1,0,3,0,0.75,0.0
16,64,65,34,1,0,4,0,0.8,0.0
16,64,65,35,2,1,5,0,1.4285714285714286,0.5
16,72,73,32,1,0,1,0,0.5,0.0
16,72,73,33,2,1,2,0,1.0,0.5
16,72,73,35,2,0,4,0,1.3333333333333333,0.0
16,72,73,36,1,0,5,0,0.8333333333333334,0.0
16,80,81,33,1,1,1,0,0.5,1.0
16,80,81,35,1,1,2,0,0.6666666666666666,1.0
16,80,81,36,1,0,2,0,0.6666666666666666,0.0
16,80,81,37,3,2,2,0,1.2,0.6666666666666666
17,8,9,9,7,5,5,0,2.9166666666666665,0.7142857142857143
17,16,17,12,1,0,2,0,0.6666666666666666,0.0
17,16,17,13,9,6,2,0,1.6363636363636365,0.6666666666666666
17,24,25,17,6,5,5,0,2.727272727272727,0.8333333333333334
17,24,25,18,2,0,10,0,1.6666666666666667,0.0
17,24,25,19,5,2,11,0,3.4375,0.4
17,32,33,19,2,1,1,0,0.6666666666666666,0.5
17,32,33,20,2,0,3,0,1.2,0.0
17,32,33,21,7,5,4,0,2.5454545454545454,0.7142857142857143
17,32,33,22,4,1,8,0,2.6666666666666665,0.25
17,40,41,24,3,0,1,0,0.75,0.0
17,40,41,25,2,1,2,0,1.0,0.5
17,56,57,28,2,0,1,0,0.6666666666666666,0.0
17,56,57,29,4,2,1,0,0.8,0.5
17,56,57,30,2,0,3,0,1.2,0.0
18,8,9,9,14,13,1,0,0.9333333333333333,0.9285714285714286
18,16,17,14,1,0,7,0,0.875,0.0
18,16,17,15,5,4,8,0,3.076923076923077,0.8
18,24,25,18,4,2,1,0,0.8,0.5
18,24,25,19,4,1,3,0,1.7142857142857142,0.25
18,24,25,20,1,0,9,0,0.9,0.0
18,32,33,20,2,0,3,0,1.2,0.0
18,32,33,24,1,0,14,0,0.9333333333333333,0.0
18,40,41,22,2,0,2,0,1.0,0.0
18,40,41,23,3,1,4,0,1.7142857142857142,0.3333333333333333
18,40,41,24,2,0,7,0,1.5555555555555556,0.0
18,40,41,25,1,0,5,0,0.8333333333333334,0.0
18,48,49,23,1,1,1,0,0.5,1.0
18,48,49,24,2,0,2,0,1.0,0.0
18,48,49,25,2,2,2,0,1.0,1.0
18,72,73,28,2,0,2,0,1.0,0.0
18,72,73,29,4,2,2,0,1.3333333333333333,0.5
18,72,73,30,2,0,5,0,1.4285714285714286,0.0
18,72,73,31,2,0,5,0,1.4285714285714286,0.0
18,80,81,28,2,0,2,0,1.0,0.0
18,80,81,29,2,0,2,0,1.0,0.0
18,80,81,30,2,0,3,0,1.2,0.0
18,80,81,31,2,0,3,0,1.2,0.0
18,80,81,32,2,0,5,0,1.4285714285714286,0.0
18,88,89,30,2,0,1,0,0.6666666666666666,0.0
18,88,89,31,2,2,1,0,0.6666666666666666,1.0
18,88,89,32,1,0,3,0,0.75,0.0
18,88,89,33,2,0,4,0,1.3333333333333333,0.0
18,128,129,33,2,1,1,0,0.6666666666666666,0.5
18,128,129,34,2,0,2,0,1.0,0.0
18,128,129,35,2,0,3,0,1.2,0.0
18,128,129,36,2,0,3,0,1.2,0.0
18,128,129,37,3,0,3,0,1.5,0.0
18,136,137,34,1,0,1,0,0.5,0.0
18,136,137,35,1,0,2,0,0.6666666666666666,0.0
18,136,137,36,1,0,2,0,0.6666666666666666,0.0
18,136,137,37,2,1,2,0,1.0,0.5
18,136,137,38,1,0,3,0,0.75,0.0
18,144,145,34,1,0,1,0,0.5,0.0
18,144,145,35,1,0,2,0,0.6666666666666666,0.0
18,144,145,36,1,0,2,0,0.6666666666666666,0.0
18,144,145,37,1,0,2,0,0.6666666666666666,0.0
18,144,145,38,1,0,2,0,0.6666666666666666,0.0
18,144,145,39,1,0,2,0,0.6666666666666666,0.0
18,152,153,35,1,0,1,0,0.5,0.0
18,152,153,36,1,0,1,0,0.5,0.0
18,152,153,37,1,0,1,0,0.5,0.0
18,152,153,38,1,0,1,0,0.5,0.0
18,152,153,39,2,0,1,0,0.6666666666666666,0.0
19,16,17,15,4,4,3,0,1.7142857142857142,1.0
19,32,33,20,2,0,2,0,1.0,0.0
19,32,33,21,2,0,2,0,1.0,0.0
20,16,17,12,2,0,1,0,0.6666666666666666,0.0
20,16,17,13,6,5,3,0,2.0,0.8333333333333334
20,16,17,14,2,0,11,0,1.6923076923076923,0.0
20,16,17,15,5,3,14,0,3.6842105263157894,0.6
20,24,25,15,1,1,4,0,0.8,1.0
20,24,25,16,1,0,5,0,0.8333333333333334,0.0
20,24,25,17,4,3,6,0,2.4,0.75
20,24,25,18,1,0,10,0,0.9090909090909091,0.0
20,24,25,19,3,3,9,0,2.25,1.0
20,32,33,15,3,1,1,0,0.75,0.3333333333333333
20,40,41,16,1,0,1,0,0.5,0.0
20,40,41,17,1,0,2,0,0.6666666666666666,0.0
20,40,41,18,1,0,3,0,0.75,0.0
20,40,41,19,3,2,3,0,1.5,0.6666666666666666
20,48,49,21,3,2,1,0,0.75,0.6666666666666666
20,64,65,23,2,1,1,0,0.6666666666666666,0.5
20,72,73,24,1,0,1,0,0.5,0.0
20,72,73,25,2,1,2,0,1.0,0.5
20,72,73,26,1,0,4,0,0.8,0.0
20,72,73,27,1,0,4,0,0.8,0.0
20,80,81,25,2,1,1,0,0.6666666666666666,0.5
20,80,81,26,1,0,3,0,0.75,0.0
20,80,81,27,1,0,3,0,0.75,0.0
20,80,81,28,1,0,3,0,0.75,0.0
20,88,89,28,1,0,1,0,0.5,0.0
20,88,89,29,2,0,1,0,0.6666666666666666,0.0
21,16,17,15,3,3,5,0,1.875,1.0
21,24,25,15,4,2,1,0,0.8,0.5
21,32,33,18,1,0,1,0,0.5,0.0
21,32,33,19,2,1,1,0,0.6666666666666666,0.5
21,32,33,20,1,0,2,0,0.6666666666666666,0.0
21,32,33,21,1,0,2,0,0.6666666666666666,0.0
22,16,17,14,1,0,1,0,0.5,0.0
22,16,17,15,5,4,2,0,1.4285714285714286,0.8
22,24,25,19,7,3,1,0,0.875,0.42857142857142855
22,24,25,20,1,0,8,0,0.8888888888888888,0.0
22,24,25,21,2,1,10,0,1.6666666666666667,0.5
22,32,33,21,2,0,3,0,1.2,0.0
22,32,33,22,2,0,6,0,1.5,0.0
22,32,33,23,3,0,8,0,2.1818181818181817,0.0
22,32,33,25,1,1,12,0,0.9230769230769231,1.0
22,40,41,22,2,0,1,0,0.6666666666666666,0.0
22,40,41,23,2,0,2,0,1.0,0.0
22,40,41,24,3,0,3,0,1.5,0.0
22,40,41,25,5,3,4,0,2.2222222222222223,0.6
22,40,41,26,2,0,6,0,1.5,0.0
22,40,41,27,2,0,7,0,1.5555555555555556,0.0
22,40,41,28,2,0,7,0,1.5555555555555556,0.0
22,40,41,29,2,0,7,0,1.5555555555555556,0.0
22,48,49,27,3,1,3,0,1.5,0.3333333333333333
22,64,65,29,1,1,4,0,0.8,1.0
22,64,65,31,3,1,4,0,1.7142857142857142,0.3333333333333333
22,64,65,33,3,1,5,0,1.875,0.3333333333333333
22,72,73,29,1,0,1,0,0.5,0.0
22,72,73,30,1,0,2,0,0.6666666666666666,0.0
22,72,73,31,1,0,3,0,0.75,0.0
22,72,73,32,1,0,4,0,0.8,0.0
22,72,73,33,1,0,4,0,0.8,0.0
22,72,73,34,1,0,4,0,0.8,0.0
22,72,73,35,2,1,4,0,1.3333333333333333,0.5
22,80,81,29,1,1,1,0,0.5,1.0
22,80,81,31,1,0,2,0,0.6666666666666666,0.0
22,80,81,32,1,0,3,0,0.75,0.0
22,80,81,33,1,0,3,0,0.75,0.0
22,80,81,34,1,0,3,0,0.75,0.0
22,80,81,35,2,1,3,0,1.2,0.5
22,80,81,36,1,0,4,0,0.8,0.0
22,88,89,31,1,1,1,0,0.5,1.0
22,88,89,33,1,1,1,0,0.5,1.0
23,8,9,9,12,12,1,0,0.9230769230769231,1.0
23,24,25,18,1,0,1,0,0.5,0.0
23,24,25,20,3,0,3,0,1.5,0.0
23,24,25,21,4,2,3,0,1.7142857142857142,0.5
24,8,9,8,3,0,1,0,0.75,0.0
24,8,9,9,11,11,5,0,3.4375,1.0
24,16,17,14,1,0,5,0,0.8333333333333334,0.0
24,16,17,15,3,3,4,0,1.7142857142857142,1.0
24,24,25,17,3,2,1,0,0.75,0.6666666666666666
24,32,33,19,1,1,1,0,0.5,1.0
24,32,33,20,1,0,1,0,0.5,0.0
24,32,33,21,2,1,1,0,0.6666666666666666,0.5
24,32,33,22,1,0,2,0,0.6666666666666666,0.0
24,32,33,23,1,0,2,0,0.6666666666666666,0.0
25,16,17,15,4,3,7,0,2.5454545454545454,0.75
25,24,25,14,2,0,1,0,0.6666666666666666,0.0
25,24,25,15,3,2,2,0,1.2,0.6666666666666666
25,24,25,16,2,0,3,0,1.2,0.0
25,24,25,17,7,3,3,0,2.1,0.42857142857142855
25,24,25,19,4,1,9,0,2.769230769230769,0.25
25,24,25,20,1,0,12,0,0.9230769230769231,0.0
25,24,25,21,2,1,13,0,1.7333333333333334,0.5
25,32,33,19,2,2,4,0,1.3333333333333333,1.0
25,32,33,20,1,0,6,0,0.8571428571428571,0.0
25,32,33,21,1,0,7,0,0.875,0.0
25,32,33,22,1,0,8,0,0.8888888888888888,0.0
25,32,33,23,3,2,9,0,2.25,0.6666666666666666
25,32,33,24,1,0,11,0,0.9166666666666666,0.0
25,32,33,25,2,0,10,0,1.6666666666666667,0.0
25,40,41,20,1,0,1,0,0.5,0.0
25,40,41,21,3,1,2,0,1.2,0.3333333333333333
25,40,41,22,2,0,4,0,1.3333333333333333,0.0
25,40,41,23,3,1,4,0,1.7142857142857142,0.3333333333333333
25,40,41,24,1,0,7,0,0.875,0.0
25,40,41,26,2,0,4,0,1.3333333333333333,0.0
25,40,41,27,1,1,7,1,0.875,0.8571428571428572
25,40,41,28,1,0,9,0,0.9,0.0
25,40,41,29,1,0,12,0,0.9230769230769231,0.0
25,48,49,22,2,0,1,0,0.6666666666666666,0.0
25,48,49,23,2,1,2,0,1.0,0.5
25,48,49,24,1,0,3,0,0.75,0.0
25,48,49,25,1,0,3,0,0.75,0.0
25,48,49,26,1,0,3,0,0.75,0.0
25,48,49,27,2,0,3,0,1.2,0.0
25,48,49,28,1,0,6,0,0.8571428571428571,0.0
25,48,49,29,1,0,9,0,0.9,0.0
25,48,49,30,2,0,12,0,1.7142857142857142,0.0
25,48,49,31,1,0,16,0,0.9411764705882353,0.0
25,48,49,32,2,0,20,0,1.8181818181818181,0.0
25,56,57,28,3,0,3,0,1.5,0.0
25,56,57,29,1,0,8,0,0.8888888888888888,0.0
25,56,57,30,1,0,11,0,0.9166666666666666,0.0
25,56,57,31,1,1,14,0,0.9333333333333333,1.0
25,56,57,32,2,0,17,0,1.7894736842105263,0.0
25,56,57,33,4,2,20,0,3.3333333333333335,0.5
25,64,65,29,2,1,4,0,1.3333333333333333,0.5
25,64,65,30,3,0,6,0,2.0,0.0
25,64,65,31,3,0,9,0,2.25,0.0
25,64,65,32,2,0,12,0,1.7142857142857142,0.0
25,64,65,33,4,0,13,0,3.0588235294117645,0.0
25,64,65,34,3,0,15,0,2.5,0.0
25,64,65,35,5,2,16,0,3.8095238095238093,0.4
25,64,65,36,3,0,17,0,2.55,0.0
25,64,65,37,1,0,16,0,0.9411764705882353,0.0
25,64,65,38,1,0,13,0,0.9285714285714286,0.0
25,72,73,29,2,0,2,0,1.0,0.0
25,72,73,30,2,0,4,0,1.3333333333333333,0.0
25,72,73,31,3,1,6,0,2.0,0.3333333333333333
25,72,73,32,2,0,9,0,1.6363636363636365,0.0
25,72,73,33,2,0,11,0,1.6923076923076923,0.0
25,72,73,34,3,0,12,0,2.4,0.0
25,72,73,35,3,1,13,0,2.4375,0.3333333333333333
25,72,73,36,3,0,14,0,2.4705882352941178,0.0
25,72,73,37,1,1,14,0,0.9333333333333333,1.0
25,72,73,38,1,0,12,0,0.9230769230769231,0.0
25,72,73,39,1,0,9,0,0.9,0.0
25,80,81,30,1,0,3,0,0.75,0.0
25,80,81,31,1,0,5,0,0.8333333333333334,0.0
25,80,81,32,2,0,6,0,1.5,0.0
25,80,81,33,2,0,8,0,1.6,0.0
25,80,81,34,2,0,9,0,1.6363636363636365,0.0
25,80,81,35,2,0,9,0,1.6363636363636365,0.0
25,80,81,36,3,0,9,0,2.25,0.0
25,80,81,37,2,0,10,0,1.6666666666666667,0.0
25,80,81,41,1,0,5,0,0.8333333333333334,0.0
25,88,89,30,2,0,1,0,0.6666666666666666,0.0
25,88,89,31,1,0,4,0,0.8,0.0
25,88,89,33,1,0,6,0,0.8571428571428571,0.0
25,88,89,34,1,0,7,0,0.875,0.0
25,88,89,35,1,0,7,0,0.875,0.0
25,88,89,36,1,0,7,0,0.875,0.0
25,88,89,37,2,1,7,0,1.5555555555555556,0.5
25,88,89,38,2,0,7,0,1.5555555555555556,0.0
25,88,89,39,1,0,6,0,0.8571428571428571,0.0
25,96,97,31,2,0,1,0,0.6666666666666666,0.0
25,96,97,32,1,0,3,0,0.75,0.0
25,96,97,33,2,1,4,0,1.3333333333333333,0.5
25,96,97,34,1,0,6,0,0.8571428571428571,0.0
25,96,97,35,1,0,6,0,0.8571428571428571,0.0
25,96,97,36,1,0,6,0,0.8571428571428571,0.0
25,96,97,37,1,0,6,0,0.8571428571428571,0.0
25,96,97,38,1,0,6,0,0.8571428571428571,0.0
25,96,97,39,2,0,5,0,1.4285714285714286,0.0
25,104,105,31,1,0,1,0,0.5,0.0
25,104,105,32,1,0,2,0,0.6666666666666666,0.0
25,104,105,33,1,0,3,0,0.75,0.0
25,104,105,34,1,0,3,0,0.75,0.0
25,104,105,35,3,1,3,0,1.5,0.3333333333333333
25,104,105,37,1,0,4,0,0.8,0.0
25,104,105,38,1,0,4,0,0.8,0.0
25,104,105,39,3,1,3,0,1.5,0.3333333333333333
25,104,105,40,1,0,5,0,0.8333333333333334,0.0
25,112,113,32,1,0,1,0,0.5,0.0
25,112,113,33,1,0,2,0,0.6666666666666666,0.0
25,112,113,34,1,0,2,0,0.6666666666666666,0.0
25,112,113,35,2,0,2,0,1.0,0.0
25,112,113,36,1,0,3,0,0.75,0.0
25,112,113,38,1,0,2,0,0.6666666666666666,0.0
25,112,113,41,1,0,1,0,0.5,0.0
25,112,113,42,3,0,2,0,1.2,0.0
25,120,121,33,1,1,1,0,0.5,1.0
25,120,121,36,2,0,1,0,0.6666666666666666,0.0
25,120,121,37,1,0,2,0,0.6666666666666666,0.0
25,120,121,44,2,0,4,0,1.3333333333333333,0.0
25,128,129,44,1,0,4,0,0.8,0.0
25,136,137,45,1,0,5,0,0.8333333333333334,0.0
25,144,145,45,1,0,5,0,0.8333333333333334,0.0
25,152,153,45,1,0,5,0,0.8333333333333334,0.0
25,160,161,46,2,0,6,0,1.5,0.0
25,160,161,47,3,1,8,0,2.1818181818181817,0.3333333333333333
25,168,169,46,1,0,6,0,0.8571428571428571,0.0
25,168,169,47,1,0,8,0,0.8888888888888888,0.0
25,168,169,48,1,0,9,0,0.9,0.0
25,168,169,49,3,2,9,0,2.25,0.6666666666666666
25,176,177,47,1,0,7,0,0.875,0.0
25,176,177,48,1,0,8,0,0.8888888888888888,0.0
25,176,177,49,2,1,8,0,1.6,0.5
25,176,177,50,1,0,9,0,0.9,0.0
25,184,185,43,2,0,1,0,0.6666666666666666,0.0
25,184,185,47,1,0,7,0,0.875,0.0
25,184,185,48,1,0,8,0,0.8888888888888888,0.0
25,184,185,49,1,0,8,0,0.8888888888888888,0.0
25,184,185,50,1,0,8,0,0.8888888888888888,0.0
25,184,185,51,1,0,7,0,0.875,0.0
25,192,193,43,1,0,1,0,0.5,0.0
25,192,193,44,1,0,2,0,0.6666666666666666,0.0
25,192,193,45,1,0,3,0,0.75,0.0
25,192,193,46,1,0,4,0,0.8,0.0
25,192,193,47,3,0,5,0,1.875,0.0
25,192,193,48,1,0,8,0,0.8888888888888888,0.0
25,192,193,49,1,0,8,0,0.8888888888888888,0.0
25,192,193,50,1,0,8,0,0.8888888888888888,0.0
25,192,193,51,1,0,7,0,0.875,0.0
25,200,201,43,1,0,1,0,0.5,0.0
25,200,201,44,1,0,2,0,0.6666666666666666,0.0
25,200,201,45,1,0,3,0,0.75,0.0
25,200,201,46,1,0,4,0,0.8,0.0
25,200,201,47,2,1,5,0,1.4285714285714286,0.5
25,200,201,48,2,0,6,0,1.5,0.0
25,200,201,49,2,1,7,0,1.5555555555555556,0.5
25,200,201,50,1,0,8,0,0.8888888888888888,0.0
25,200,201,51,1,0,7,0,0.875,0.0
25,208,209,44,1,0,2,0,0.6666666666666666,0.0
25,208,209,45,1,0,3,0,0.75,0.0
25,208,209,46,1,0,4,0,0.8,0.0
25,208,209,47,1,0,5,0,0.8333333333333334,0.0
25,208,209,48,2,0,5,0,1.4285714285714286,0.0
25,208,209,49,2,0,6,0,1.5,0.0
25,208,209,50,1,0,7,0,0.875,0.0
25,208,209,51,2,1,6,0,1.5,0.5
25,216,217,44,1,0,1,0,0.5,0.0
25,216,217,45,2,1,2,0,1.0,0.5
25,216,217,46,1,0,4,0,0.8,0.0
25,216,217,47,1,0,5,0,0.8333333333333334,0.0
25,216,217,48,1,0,5,0,0.8333333333333334,0.0
25,216,217,49,2,0,5,0,1.4285714285714286,0.0
25,216,217,50,1,0,6,0,0.8571428571428571,0.0
25,216,217,51,2,1,5,0,1.4285714285714286,0.5
25,216,217,52,1,0,5,0,0.8333333333333334,0.0
25,224,225,44,1,0,1,0,0.5,0.0
25,224,225,45,1,0,2,0,0.6666666666666666,0.0
25,224,225,46,1,0,3,0,0.75,0.0
25,224,225,47,1,0,4,0,0.8,0.0
25,224,225,48,1,0,4,0,0.8,0.0
25,224,225,49,3,1,4,0,1.7142857142857142,0.3333333333333333
25,224,225,51,1,0,4,0,0.8,0.0
25,224,225,52,1,0,3,0,0.75,0.0
25,224,225,53,2,0,2,0,1.0,0.0
25,232,233,44,1,0,1,0,0.5,0.0
25,232,233,45,1,0,2,0,0.6666666666666666,0.0
25,232,233,46,1,0,3,0,0.75,0.0
25,232,233,47,1,0,4,0,0.8,0.0
25,232,233,48,1,0,4,0,0.8,0.0
25,232,233,49,1,0,4,0,0.8,0.0
25,232,233,50,1,0,4,0,0.8,0.0
25,232,233,54,1,0,1,0,0.5,0.0
25,240,241,44,1,0,1,0,0.5,0.0
25,240,241,45,1,0,2,0,0.6666666666666666,0.0
25,240,241,46,1,0,3,0,0.75,0.0
25,240,241,47,1,0,4,0,0.8,0.0
25,240,241,48,1,0,4,0,0.8,0.0
25,240,241,49,1,0,4,0,0.8,0.0
25,240,241,50,1,0,4,0,0.8,0.0
25,248,249,44,1,0,1,0,0.5,0.0
25,248,249,45,1,0,2,0,0.6666666666666666,0.0
25,248,249,46,1,0,3,0,0.75,0.0
25,248,249,47,1,0,4,0,0.8,0.0
25,248,249,48,1,0,4,0,0.8,0.0
25,248,249,49,1,0,4,0,0.8,0.0
25,248,249,50,1,0,4,0,0.8,0.0
26,16,17,14,1,0,1,0,0.5,0.0
26,16,17,15,5,4,1,0,0.8333333333333334,0.8
26,40,41,26,1,0,1,0,0.5,0.0
26,40,41,27,2,0,2,0,1.0,0.0
26,40,41,28,1,0,4,0,0.8,0.0
26,40,41,29,3,2,7,0,2.1,0.6666666666666666
26,40,41,30,2,0,11,0,1.6923076923076923,0.0
26,48,49,28,1,0,2,0,0.6666666666666666,0.0
26,48,49,29,1,1,5,0,0.8333333333333334,1.0
26,48,49,31,3,2,8,0,2.1818181818181817,0.6666666666666666
26,48,49,32,1,0,11,0,0.9166666666666666,0.0
26,56,57,30,1,0,5,0,0.8333333333333334,0.0
26,56,57,36,2,0,1,0,0.6666666666666666,0.0
26,64,65,36,1,0,1,0,0.5,0.0
26,72,73,30,2,0,2,0,1.0,0.0
26,72,73,31,3,0,3,0,1.5,0.0
26,80,81,31,2,0,1,0,0.6666666666666666,0.0
26,80,81,32,2,0,2,0,1.0,0.0
26,80,81,33,2,0,2,0,1.0,0.0
26,80,81,34,2,0,2,0,1.0,0.0
26,88,89,32,1,0,1,0,0.5,0.0
26,88,89,33,1,1,1,0,0.5,1.0
26,88,89,34,2,0,1,0,0.6666666666666666,0.0
26,88,89,40,1,0,2,0,0.6666666666666666,0.0
26,88,89,41,2,1,3,0,1.2,0.5
26,88,89,42,2,0,4,0,1.3333333333333333,0.0
26,88,89,43,2,1,5,0,1.4285714285714286,0.5
26,88,89,44,2,0,6,0,1.5,0.0
26,88,89,45,2,0,6,0,1.5,0.0
26,96,97,40,1,0,1,0,0.5,0.0
26,96,97,41,1,0,2,0,0.6666666666666666,0.0
26,96,97,42,1,0,3,0,0.75,0.0
26,96,97,43,1,0,4,0,0.8,0.0
26,96,97,44,1,0,5,0,0.8333333333333334,0.0
26,96,97,45,2,1,5,0,1.4285714285714286,0.5
26,104,105,40,1,0,1,0,0.5,0.0
26,104,105,41,1,0,2,0,0.6666666666666666,0.0
26,104,105,42,1,0,3,0,0.75,0.0
26,104,105,43,1,0,4,0,0.8,0.0
26,104,105,44,1,0,5,0,0.8333333333333334,0.0
26,104,105,45,1,0,5,0,0.8333333333333334,0.0
26,104,105,46,1,0,5,0,0.8333333333333334,0.0
26,112,113,41,1,0,1,0,0.5,0.0
26,112,113,42,1,0,2,0,0.6666666666666666,0.0
26,112,113,43,1,0,3,0,0.75,0.0
26,112,113,44,1,0,4,0,0.8,0.0
26,112,113,45,1,0,4,0,0.8,0.0
26,112,113,46,2,0,4,0,1.3333333333333333,0.0
26,120,121,42,1,0,1,0,0.5,0.0
26,120,121,43,1,1,2,0,0.6666666666666666,1.0
26,120,121,45,1,0,2,0,0.6666666666666666,0.0
26,120,121,46,2,0,2,0,1.0,0.0
26,120,121,47,2,0,3,0,1.2,0.0
27,16,17,13,2,2,1,0,0.6666666666666666,1.0
27,16,17,14,2,0,3,0,1.2,0.0
27,48,49,27,3,1,2,0,1.2,0.3333333333333333
27,56,57,28,2,0,2,0,1.0,0.0
27,56,57,29,2,1,2,0,1.0,0.5
27,56,57,30,2,0,2,0,1.0,0.0
27,56,57,31,2,0,2,0,1.0,0.0
27,56,57,32,2,0,2,0,1.0,0.0
27,56,57,33,2,0,2,0,1.0,0.0
28,16,17,13,1,1,3,0,0.75,1.0
28,16,17,14,1,0,5,0,0.8333333333333334,0.0
28,16,17,15,3,1,7,0,2.1,0.3333333333333333
28,24,25,17,2,1,5,0,1.4285714285714286,0.5
28,24,25,19,5,3,5,0,2.5,0.6
28,24,25,20,1,0,8,0,0.8888888888888888,0.0
28,32,33,15,3,1,1,0,0.75,0.3333333333333333
28,40,41,16,1,0,1,0,0.5,0.0
28,40,41,17,2,1,2,0,1.0,0.5
28,40,41,18,1,0,4,0,0.8,0.0
28,80,81,27,1,0,1,0,0.5,0.0
28,80,81,28,1,0,2,0,0.6666666666666666,0.0
28,80,81,29,1,0,3,0,0.75,0.0
28,80,81,30,1,0,4,0,0.8,0.0
28,80,81,31,2,0,5,0,1.4285714285714286,0.0
28,88,89,28,1,0,1,0,0.5,0.0
28,88,89,29,1,0,2,0,0.6666666666666666,0.0
28,88,89,30,1,0,3,0,0.75,0.0
28,88,89,31,1,0,4,0,0.8,0.0
28,88,89,32,1,0,5,0,0.8333333333333334,0.0
28,88,89,33,1,0,5,0,0.8333333333333334,0.0
28,96,97,29,2,1,1,0,0.6666666666666666,0.5
28,96,97,31,2,1,3,0,1.2,0.5
28,96,97,32,1,0,5,0,0.8333333333333334,0.0
28,96,97,33,1,0,5,0,0.8333333333333334,0.0
28,104,105,29,1,1,1,0,0.5,1.0
28,104,105,31,2,1,2,0,1.0,0.5
28,104,105,32,1,0,4,0,0.8,0.0
28,104,105,33,1,0,4,0,0.8,0.0
28,104,105,34,1,0,4,0,0.8,0.0
29,16,17,15,3,0,6,0,2.0,0.0
29,24,25,18,2,0,4,0,1.3333333333333333,0.0
29,24,25,19,4,0,5,0,2.2222222222222223,0.0
29,32,33,19,2,1,1,0,0.6666666666666666,0.5
29,32,33,20,1,0,2,0,0.6666666666666666,0.0
29,32,33,21,1,0,2,0,0.6666666666666666,0.0
29,32,33,22,1,0,2,0,0.6666666666666666,0.0
29,56,57,28,1,0,1,0,0.5,0.0
29,56,57,29,1,0,2,0,0.6666666666666666,0.0
29,56,57,30,1,0,2,0,0.6666666666666666,0.0
29,56,57,31,1,0,2,0,0.6666666666666666,0.0
29,56,57,32,2,0,2,0,1.0,0.0
29,56,57,33,2,1,3,0,1.2,0.5
29,64,65,29,1,1,1,0,0.5,1.0
29,64,65,30,1,0,1,0,0.5,0.0
29,64,65,31,1,1,1,0,0.5,1.0
29,64,65,32,1,0,1,0,0.5,0.0
29,64,65,33,2,1,1,0,0.6666666666666666,0.5
29,64,65,34,1,0,2,0,0.6666666666666666,0.0
29,72,73,36,1,0,1,0,0.5,0.0
29,96,97,38,2,0,2,0,1.0,0.0
29,96,97,39,3,1,3,0,1.5,0.3333333333333333
29,104,105,39,2,0,1,0,0.6666666666666666,0.0
29,104,105,40,2,0,1,0,0.6666666666666666,0.0
29,104,105,41,4,2,1,0,0.8,0.5
29,104,105,42,2,0,3,0,1.2,0.0
29,112,113,39,2,0,1,0,0.6666666666666666,0.0
29,112,113,40,2,0,1,0,0.6666666666666666,0.0
29,112,113,41,2,0,1,0,0.6666666666666666,0.0
29,112,113,42,2,0,1,0,0.6666666666666666,0.0
29,112,113,43,2,0,1,0,0.6666666666666666,0.0
30,8,9,8,1,0,1,0,0.5,0.0
30,8,9,9,9,8,1,0,0.9,0.8888888888888888
30,16,17,15,10,9,1,0,0.9090909090909091,0.9
30,24,25,20,1,0,7,0,0.875,0.0
30,32,33,24,1,0,7,0,0.875,0.0
30,40,41,22,2,0,2,0,1.0,0.0
30,40,41,23,3,1,3,0,1.5,0.3333333333333333
30,48,49,22,1,0,1,0,0.5,0.0
30,48,49,23,1,0,2,0,0.6666666666666666,0.0
30,48,49,24,1,0,3,0,0.75,0.0
30,48,49,25,1,0,3,0,0.75,0.0
30,48,49,26,1,0,3,0,0.75,0.0
31,24,25,18,2,0,2,0,1.0,0.0
31,24,25,19,3,1,3,0,1.5,0.3333333333333333
31,32,33,20,1,0,1,0,0.5,0.0
31,32,33,21,3,3,1,0,0.75,1.0
31,32,33,22,1,1,3,0,0.75,1.0
31,32,33,23,1,1,3,0,0.75,1.0
31,32,33,24,1,0,3,0,0.75,0.0
