block,arm,update,initialization_seed,schedule_seed,joint_readiness,old_full_pass,R_strict_pooled_T64_32,R_strict_mean_T64_32,S_retention64_to256_32,S_retention_numerator_32,S_continuous_survival64_to256_32,retention_reference_pixels_32,retention_reference_maps_32,R_strict_pooled_T64_64,R_strict_mean_T64_64,S_retention64_to256_64,S_retention_numerator_64,S_continuous_survival64_to256_64,retention_reference_pixels_64,retention_reference_maps_64
0,neural,300,116001,117001,False,False,0.13705583756345177,0.14557460756679508,0.9123825317855169,3301,0.8971807628524047,3618,32,0.15801093355761145,0.1734404882866512,0.8143776824034334,6072,0.785675965665236,7456,32
0,hardclip,300,116001,117001,False,False,0.13705583756345177,0.14557460756679508,0.9123825317855169,3301,0.8971807628524047,3618,32,0.15801093355761145,0.1734404882866512,0.8143776824034334,6072,0.785675965665236,7456,32
1,neural,300,116002,117002,False,False,0.060279187817258884,0.0719142541345902,0.0008710801393728223,3,0.0008710801393728223,3444,32,0.2874264087468461,0.3287862881967971,0.00010262725779967159,1,0.00010262725779967159,9744,32
1,hardclip,300,116002,117002,False,False,0.060279187817258884,0.0719142541345902,0.0008710801393728223,3,0.0008710801393728223,3444,32,0.2874264087468461,0.3287862881967971,0.00010262725779967159,1,0.00010262725779967159,9744,32
2,neural,300,116003,117003,False,False,0.3934010152284264,0.44615433231165935,0.7616033755274262,2527,0.7606992163954189,3318,25,0.5768502943650126,0.5440235967120504,0.5737864077669903,7683,0.5733383121732636,13390,28
2,hardclip,300,116003,117003,False,False,0.3020304568527919,0.3548622120956354,0.7198710197501008,1786,0.7182587666263603,2481,22,0.3616484440706476,0.3116550686180918,0.39864355689525244,3174,0.39814117056016074,7962,24
3,neural,300,116004,117004,False,False,0.004441624365482234,0.005046509216182157,0.675729115175482,1367,0.6752347998022739,2023,32,0.0,0.0,0.0,0,0.0,34,3
3,hardclip,300,116004,117004,False,False,0.0006345177664974619,0.0006528366914103924,0.5497251374312844,1100,0.5492253873063468,2001,32,0.0,0.0,,0,,0,0
4,neural,300,116005,117005,False,False,0.005710659898477157,0.006296126464409247,0.16114519427402862,394,0.1603271983640082,2445,32,0.00336417157275021,0.004646831888306842,0.10238179879132599,288,0.09669392108069677,2813,29
4,hardclip,300,116005,117005,False,False,0.005710659898477157,0.006296126464409247,0.16114519427402862,394,0.1603271983640082,2445,32,0.00336417157275021,0.004646831888306842,0.10238179879132599,288,0.09669392108069677,2813,29
5,neural,300,116006,117006,False,False,0.0932741116751269,0.11048214162467496,0.4277753964852122,998,0.42563223317616805,2333,32,0.151282590412111,0.17842678185046867,0.0995196926032661,518,0.09721421709894332,5205,32
5,hardclip,300,116006,117006,False,False,0.0932741116751269,0.11048214162467496,0.4277753964852122,998,0.42563223317616805,2333,32,0.151282590412111,0.17842678185046867,0.0995196926032661,518,0.09721421709894332,5205,32
6,neural,300,116007,117007,False,False,0.21605329949238578,0.2720291430478152,0.0,0,0.0,3466,31,0.4227291841883936,0.46837761167793956,0.0,0,0.0,11209,32
6,hardclip,300,116007,117007,False,False,0.21605329949238578,0.2720291430478152,0.0,0,0.0,3466,31,0.4227291841883936,0.46837761167793956,0.0,0,0.0,11209,32
7,neural,300,116008,117008,False,False,0.021573604060913704,0.028644331382498712,0.124373576309795,273,0.12209567198177676,2195,32,0.016505466778805718,0.01957568898395108,0.08598726114649681,108,0.08200636942675159,1256,29
7,hardclip,300,116008,117008,False,False,0.0717005076142132,0.09525741468606574,0.060710589858571924,176,0.05933080372542256,2899,32,0.03227502102607233,0.03246951414143713,0.2517301038062284,582,0.2491349480968858,2312,31
