block,arm,update,size,R_strict_pooled_T64,R_strict_mean_T64,S_retention64_to256,S_retention_numerator,S_continuous_survival64_to256,retention_reference_pixels,retention_reference_maps,ever_regressed_fraction,ever_regressed_numerator,ever_regressed_denominator,coverage_gain64_to256,frontier_status,frontier_effect,joint_readiness,full_pass,formal_endpoint
0,neural,0,32,0.0,0.0,,0,,0,0,,0,0,0.0,not_evaluated,,False,,False
0,neural,0,64,0.0,0.0,,0,,0,0,,0,0,0.0,not_evaluated,,,,False
0,neural,25,32,0.0,0.0,0.49166666666666664,354,0.4888888888888889,720,32,0.901565995525727,1612,1788,-0.034284425397541445,not_evaluated,,False,,False
0,neural,25,64,0.001576955424726661,0.0016872862049733095,0.3663594470046083,159,0.2903225806451613,434,32,0.8164165931156222,2775,3399,0.00922019387104077,not_evaluated,,,,False
0,neural,50,32,0.009200507614213198,0.022167926888663654,0.8832035595105673,1588,0.8798665183537263,1798,32,0.769036600757257,1828,2377,-0.0107138829367317,not_evaluated,,False,,False
0,neural,50,64,0.01934398654331371,0.026166943899531777,0.22582872928176795,327,0.22582872928176795,1448,31,0.9719188767550702,3738,3846,-0.022577126510115456,not_evaluated,,,,False
0,neural,75,32,0.004124365482233503,0.0061422351741774045,0.23493234932349324,382,0.23308733087330874,1626,31,0.9418604651162791,3402,3612,-0.0927032818315101,not_evaluated,,False,,False
0,neural,75,64,0.0486753574432296,0.05871648126398246,0.17398015435501654,789,0.17023153252480705,4535,32,0.9565482942151645,10963,11461,-0.0596637098931857,not_evaluated,,,,False
0,neural,100,32,0.008883248730964468,0.007515064365522764,0.8269570335491465,1405,0.8016480282519128,1699,32,0.794469102082622,2327,2929,-0.002819442878087275,not_evaluated,,False,,False
0,neural,100,64,0.01881833473507149,0.0319935348030268,0.6606851549755302,2430,0.6299619358346927,3678,32,0.8897611676249447,8047,9044,-0.01187511576694314,not_evaluated,,,,False
0,neural,125,32,0.02379441624365482,0.0222249706355083,0.8850206138341732,1932,0.8625744388456252,2183,32,0.717128027681661,2487,3468,0.02774331792037893,not_evaluated,,False,,False
0,neural,125,64,0.04257779646761985,0.06499208121090366,0.932979996580612,5457,0.9107539750384681,5849,32,0.5985200050169321,4772,7973,0.012760089732243934,not_evaluated,,,,False
0,neural,150,32,0.007614213197969543,0.007631340772292896,0.8558487593540764,2173,0.8345805435210712,2539,32,0.6559934318555009,2397,3654,0.039697755723469064,not_evaluated,,False,,False
0,neural,150,64,0.02502102607232969,0.03388427272617962,0.9099326599326599,5405,0.8971380471380471,5940,32,0.4688976880827692,3671,7829,0.018419806952190823,not_evaluated,,,,False
0,neural,175,32,0.033312182741116754,0.04411300981315143,0.8331475287997027,2242,0.7985878855444073,2691,32,0.8856046931407943,3925,4432,-0.030111649937972274,not_evaluated,,False,,False
0,neural,175,64,0.07579899074852818,0.08928866612672931,0.8869838548364052,6208,0.8679811401628804,6999,32,0.7790585975024016,8110,10410,-0.003436991911749593,not_evaluated,,,,False
0,neural,200,32,0.04758883248730964,0.062382128550252644,0.7095028745350017,2098,0.6750084545147108,2957,32,0.8362369337979094,4320,5166,0.003270553738581261,not_evaluated,,False,,False
0,neural,200,64,0.14234650967199328,0.1636869775931394,0.5031400073882527,4086,0.4835611377909125,8121,32,0.8670801949490474,13699,15799,-0.035728251250283005,not_evaluated,,,,False
0,neural,225,32,0.11706852791878172,0.13952192403703528,0.5975490196078431,2438,0.4904411764705882,4080,32,0.8297333531952927,5570,6713,-0.11446938085034397,not_evaluated,,False,,False
0,neural,225,64,0.38393608074011776,0.39956925100223323,0.27703640439842,2595,0.20230596775915446,9367,32,0.9393030823796117,25689,27349,-0.08394904196423059,not_evaluated,,,,False
0,neural,250,32,0.08185279187817258,0.07727218515183008,0.903503733486502,3146,0.8595634692705342,3482,32,0.6680782415809638,3313,4959,0.01116499379722563,not_evaluated,,False,,False
0,neural,250,64,0.20521446593776282,0.24132297936481834,0.8450502152080345,7657,0.7991391678622669,9061,32,0.7196669771774569,12361,17176,0.010290394945357995,not_evaluated,,,,False
0,neural,275,32,0.052347715736040606,0.05160204388538885,0.27853403141361255,798,0.2778359511343805,2865,32,0.8945529290853032,4352,4865,-0.2322093154392692,not_evaluated,,False,,False
0,neural,275,64,0.09966358284272497,0.11433353648075467,0.08017492711370262,550,0.07915451895043732,6860,32,0.968299943680103,12035,12429,-0.12967955710140155,not_evaluated,,,,False
0,neural,300,32,0.13705583756345177,0.14557460756679508,0.9123825317855169,3301,0.8971807628524047,3618,32,0.6342188739095955,3199,5044,-0.001691665726852365,full,0.09808951999543356,False,False,True
0,neural,300,64,0.15801093355761145,0.1734404882866512,0.8143776824034334,6072,0.785675965665236,7456,32,0.6023719165085389,6349,10540,-0.011340015229784506,full,0.10796334602253979,,False,True
0,hardclip,0,32,0.0,0.0,,0,,0,0,,0,0,0.0,not_evaluated,,False,,False
0,hardclip,0,64,0.0,0.0,,0,,0,0,,0,0,0.0,not_evaluated,,,,False
0,hardclip,25,32,0.0,0.0,0.49166666666666664,354,0.4888888888888889,720,32,0.901565995525727,1612,1788,-0.034284425397541445,not_evaluated,,False,,False
0,hardclip,25,64,0.001576955424726661,0.0016872862049733095,0.3663594470046083,159,0.2903225806451613,434,32,0.8164165931156222,2775,3399,0.00922019387104077,not_evaluated,,,,False
0,hardclip,50,32,0.009200507614213198,0.022167926888663654,0.8832035595105673,1588,0.8798665183537263,1798,32,0.769036600757257,1828,2377,-0.0107138829367317,not_evaluated,,False,,False
0,hardclip,50,64,0.01934398654331371,0.026166943899531777,0.22582872928176795,327,0.22582872928176795,1448,31,0.9719188767550702,3738,3846,-0.022577126510115456,not_evaluated,,,,False
0,hardclip,75,32,0.004124365482233503,0.0061422351741774045,0.23493234932349324,382,0.23308733087330874,1626,31,0.9418604651162791,3402,3612,-0.0927032818315101,not_evaluated,,False,,False
0,hardclip,75,64,0.0486753574432296,0.05871648126398246,0.17398015435501654,789,0.17023153252480705,4535,32,0.9565482942151645,10963,11461,-0.0596637098931857,not_evaluated,,,,False
0,hardclip,100,32,0.008883248730964468,0.007515064365522764,0.8269570335491465,1405,0.8016480282519128,1699,32,0.794469102082622,2327,2929,-0.002819442878087275,not_evaluated,,False,,False
0,hardclip,100,64,0.01881833473507149,0.0319935348030268,0.6606851549755302,2430,0.6299619358346927,3678,32,0.8897611676249447,8047,9044,-0.01187511576694314,not_evaluated,,,,False
0,hardclip,125,32,0.02379441624365482,0.0222249706355083,0.8850206138341732,1932,0.8625744388456252,2183,32,0.717128027681661,2487,3468,0.02774331792037893,not_evaluated,,False,,False
0,hardclip,125,64,0.04257779646761985,0.06499208121090366,0.932979996580612,5457,0.9107539750384681,5849,32,0.5985200050169321,4772,7973,0.012760089732243934,not_evaluated,,,,False
0,hardclip,150,32,0.007614213197969543,0.007631340772292896,0.8558487593540764,2173,0.8345805435210712,2539,32,0.6559934318555009,2397,3654,0.039697755723469064,not_evaluated,,False,,False
0,hardclip,150,64,0.02502102607232969,0.03388427272617962,0.9099326599326599,5405,0.8971380471380471,5940,32,0.4688976880827692,3671,7829,0.018419806952190823,not_evaluated,,,,False
0,hardclip,175,32,0.033312182741116754,0.04411300981315143,0.8331475287997027,2242,0.7985878855444073,2691,32,0.8856046931407943,3925,4432,-0.030111649937972274,not_evaluated,,False,,False
0,hardclip,175,64,0.07579899074852818,0.08928866612672931,0.8869838548364052,6208,0.8679811401628804,6999,32,0.7790585975024016,8110,10410,-0.003436991911749593,not_evaluated,,,,False
0,hardclip,200,32,0.04758883248730964,0.062382128550252644,0.7095028745350017,2098,0.6750084545147108,2957,32,0.8362369337979094,4320,5166,0.003270553738581261,not_evaluated,,False,,False
0,hardclip,200,64,0.14234650967199328,0.1636869775931394,0.5031400073882527,4086,0.4835611377909125,8121,32,0.8670801949490474,13699,15799,-0.035728251250283005,not_evaluated,,,,False
0,hardclip,225,32,0.11706852791878172,0.13952192403703528,0.5975490196078431,2438,0.4904411764705882,4080,32,0.8297333531952927,5570,6713,-0.11446938085034397,not_evaluated,,False,,False
0,hardclip,225,64,0.38393608074011776,0.39956925100223323,0.27703640439842,2595,0.20230596775915446,9367,32,0.9393030823796117,25689,27349,-0.08394904196423059,not_evaluated,,,,False
0,hardclip,250,32,0.08185279187817258,0.07727218515183008,0.903503733486502,3146,0.8595634692705342,3482,32,0.6680782415809638,3313,4959,0.01116499379722563,not_evaluated,,False,,False
0,hardclip,250,64,0.20521446593776282,0.24132297936481834,0.8450502152080345,7657,0.7991391678622669,9061,32,0.7196669771774569,12361,17176,0.010290394945357995,not_evaluated,,,,False
0,hardclip,275,32,0.052347715736040606,0.05160204388538885,0.27853403141361255,798,0.2778359511343805,2865,32,0.8945529290853032,4352,4865,-0.2322093154392692,not_evaluated,,False,,False
0,hardclip,275,64,0.09966358284272497,0.11433353648075467,0.08017492711370262,550,0.07915451895043732,6860,32,0.968299943680103,12035,12429,-0.12967955710140155,not_evaluated,,,,False
0,hardclip,300,32,0.13705583756345177,0.14557460756679508,0.9123825317855169,3301,0.8971807628524047,3618,32,0.6342188739095955,3199,5044,-0.001691665726852365,full,0.09808951999543356,False,False,True
0,hardclip,300,64,0.15801093355761145,0.1734404882866512,0.8143776824034334,6072,0.785675965665236,7456,32,0.6023719165085389,6349,10540,-0.011340015229784506,full,0.10796334602253979,,False,True
1,neural,0,32,0.0,0.0,,0,,0,0,,0,0,0.0,not_evaluated,,False,,False
1,neural,0,64,0.0,0.0,,0,,0,0,,0,0,0.0,not_evaluated,,,,False
1,neural,25,32,0.0012690355329949238,0.0007784958871915393,0.020773638968481375,29,0.02005730659025788,1396,32,0.995223473217332,2917,2931,-0.154167136573813,not_evaluated,,False,,False
1,neural,25,64,0.0097771236333053,0.012467144727449945,0.0,0,0.0,1367,32,1.0,7139,7139,-0.02813393978060878,not_evaluated,,,,False
1,neural,50,32,0.006027918781725888,0.0040736801512663585,0.9432697266632285,1829,0.9422382671480144,1939,32,0.3861805849936414,911,2359,-0.0015788880117288684,not_evaluated,,False,,False
1,neural,50,64,0.0005256518082422204,0.0007134703196347032,0.0,0,0.0,399,14,1.0,2111,2111,-0.008211735166395687,not_evaluated,,,,False
1,neural,75,32,0.0,0.0,0.410958904109589,150,0.410958904109589,365,26,0.9565347721822542,3191,3336,-0.024247208751550696,not_evaluated,,False,,False
1,neural,75,64,0.014823380992430614,0.01857672351412557,0.0,0,0.0,787,31,0.9996510816468946,8595,8598,-0.01613533927432135,not_evaluated,,,,False
1,neural,100,32,0.00031725888324873094,0.00023496240601503758,0.9408418657565415,827,0.9351535836177475,879,32,0.6762666666666667,1268,1875,0.00011277771512348267,not_evaluated,,False,,False
1,neural,100,64,0.00010513036164844407,0.00014534883720930232,0.9729323308270676,1294,0.9721804511278196,1330,25,0.7028345016763182,2306,3281,0.0008438123855193554,not_evaluated,,,,False
1,neural,125,32,0.0006345177664974619,0.0005115110785814093,0.9109811565951916,1402,0.9109811565951916,1539,32,0.492151431209603,1066,2166,0.005864441186421543,not_evaluated,,False,,False
1,neural,125,64,0.001471825063078217,0.0010480603638611675,0.973109243697479,1737,0.973109243697479,1785,25,0.4986571172784244,1671,3351,0.013439255798637549,not_evaluated,,,,False
1,neural,150,32,0.0015862944162436548,0.0015585059634918952,0.9682772083943387,1984,0.9673011224987799,2049,32,0.2529431550622267,752,2973,0.06529829705650164,not_evaluated,,False,,False
1,neural,150,64,0.02586206896551724,0.025398212379968733,0.9926274831046488,4847,0.9916035224247389,4883,32,0.1726549643444871,1259,7292,0.0461832925147667,not_evaluated,,,,False
1,neural,175,32,0.021890862944162436,0.02626855396968065,0.0,0,0.0,2800,32,1.0,4722,4722,-0.31577760234577645,not_evaluated,,False,,False
1,neural,175,64,0.2359125315391085,0.287791989784332,0.0,0,0.0,9089,32,1.0,13367,13367,-0.1870587993167178,not_evaluated,,,,False
1,neural,200,32,0.008248730964467006,0.009586204786429287,0.0,0,0.0,2811,32,1.0,5632,5632,-0.3170181572121349,not_evaluated,,False,,False
1,neural,200,64,0.11417157275021025,0.14444847480577325,0.0,0,0.0,7320,32,1.0,16629,16629,-0.15065138200004116,not_evaluated,,,,False
1,neural,225,32,0.010469543147208122,0.012161710101692492,0.0,0,0.0,388,24,1.0,4570,4570,-0.04375775346791474,not_evaluated,,False,,False
1,neural,225,64,0.18134987384356602,0.1870737259783079,0.0,0,0.0,5546,32,1.0,14712,14712,-0.11414106073391096,not_evaluated,,,,False
1,neural,250,32,0.012055837563451776,0.013248928557610968,0.0012682308180088776,4,0.0012682308180088776,3154,32,0.9993327773144287,5991,5995,-0.3552498026389985,not_evaluated,,False,,False
1,neural,250,64,0.13320016820857863,0.16406011558598016,0.0,0,0.0,7814,32,1.0,17544,17544,-0.16081829220605487,not_evaluated,,,,False
1,neural,275,32,0.017766497461928935,0.02133903974532657,0.9627776040037536,3078,0.9627776040037536,3197,32,0.1393867924528302,591,4240,0.0886432840870644,not_evaluated,,False,,False
1,neural,275,64,0.16421362489486963,0.2041498584198685,0.9995119570522206,8192,0.9979258174719375,8196,32,0.04702167605393412,551,11718,0.07234147646586675,not_evaluated,,,,False
1,neural,300,32,0.060279187817258884,0.0719142541345902,0.0008710801393728223,3,0.0008710801393728223,3444,32,0.9998495561907628,6646,6647,-0.3880681177399346,full,0.06277064801005142,False,False,True
1,neural,300,64,0.2874264087468461,0.3287862881967971,0.00010262725779967159,1,0.00010262725779967159,9744,32,1.0,22826,22826,-0.20051863590524602,full,0.08392763543847191,,False,True
1,hardclip,0,32,0.0,0.0,,0,,0,0,,0,0,0.0,not_evaluated,,False,,False
1,hardclip,0,64,0.0,0.0,,0,,0,0,,0,0,0.0,not_evaluated,,,,False
1,hardclip,25,32,0.0012690355329949238,0.0007784958871915393,0.020773638968481375,29,0.02005730659025788,1396,32,0.995223473217332,2917,2931,-0.154167136573813,not_evaluated,,False,,False
1,hardclip,25,64,0.0097771236333053,0.012467144727449945,0.0,0,0.0,1367,32,1.0,7139,7139,-0.02813393978060878,not_evaluated,,,,False
1,hardclip,50,32,0.006027918781725888,0.0040736801512663585,0.9432697266632285,1829,0.9422382671480144,1939,32,0.3861805849936414,911,2359,-0.0015788880117288684,not_evaluated,,False,,False
1,hardclip,50,64,0.0005256518082422204,0.0007134703196347032,0.0,0,0.0,399,14,1.0,2111,2111,-0.008211735166395687,not_evaluated,,,,False
1,hardclip,75,32,0.0,0.0,0.410958904109589,150,0.410958904109589,365,26,0.9565347721822542,3191,3336,-0.024247208751550696,not_evaluated,,False,,False
1,hardclip,75,64,0.014823380992430614,0.01857672351412557,0.0,0,0.0,787,31,0.9996510816468946,8595,8598,-0.01613533927432135,not_evaluated,,,,False
1,hardclip,100,32,0.00031725888324873094,0.00023496240601503758,0.9408418657565415,827,0.9351535836177475,879,32,0.6762666666666667,1268,1875,0.00011277771512348267,not_evaluated,,False,,False
1,hardclip,100,64,0.00010513036164844407,0.00014534883720930232,0.9729323308270676,1294,0.9721804511278196,1330,25,0.7028345016763182,2306,3281,0.0008438123855193554,not_evaluated,,,,False
1,hardclip,125,32,0.0006345177664974619,0.0005115110785814093,0.9109811565951916,1402,0.9109811565951916,1539,32,0.492151431209603,1066,2166,0.005864441186421543,not_evaluated,,False,,False
1,hardclip,125,64,0.001471825063078217,0.0010480603638611675,0.973109243697479,1737,0.973109243697479,1785,25,0.4986571172784244,1671,3351,0.013439255798637549,not_evaluated,,,,False
1,hardclip,150,32,0.0015862944162436548,0.0015585059634918952,0.9682772083943387,1984,0.9673011224987799,2049,32,0.2529431550622267,752,2973,0.06529829705650164,not_evaluated,,False,,False
1,hardclip,150,64,0.02586206896551724,0.025398212379968733,0.9926274831046488,4847,0.9916035224247389,4883,32,0.1726549643444871,1259,7292,0.0461832925147667,not_evaluated,,,,False
1,hardclip,175,32,0.021890862944162436,0.02626855396968065,0.0,0,0.0,2800,32,1.0,4722,4722,-0.31577760234577645,not_evaluated,,False,,False
1,hardclip,175,64,0.2359125315391085,0.287791989784332,0.0,0,0.0,9089,32,1.0,13367,13367,-0.1870587993167178,not_evaluated,,,,False
1,hardclip,200,32,0.008248730964467006,0.009586204786429287,0.0,0,0.0,2811,32,1.0,5632,5632,-0.3170181572121349,not_evaluated,,False,,False
1,hardclip,200,64,0.11417157275021025,0.14444847480577325,0.0,0,0.0,7320,32,1.0,16629,16629,-0.15065138200004116,not_evaluated,,,,False
1,hardclip,225,32,0.010469543147208122,0.012161710101692492,0.0,0,0.0,388,24,1.0,4570,4570,-0.04375775346791474,not_evaluated,,False,,False
1,hardclip,225,64,0.18134987384356602,0.1870737259783079,0.0,0,0.0,5546,32,1.0,14712,14712,-0.11414106073391096,not_evaluated,,,,False
1,hardclip,250,32,0.012055837563451776,0.013248928557610968,0.0012682308180088776,4,0.0012682308180088776,3154,32,0.9993327773144287,5991,5995,-0.3552498026389985,not_evaluated,,False,,False
1,hardclip,250,64,0.13320016820857863,0.16406011558598016,0.0,0,0.0,7814,32,1.0,17544,17544,-0.16081829220605487,not_evaluated,,,,False
1,hardclip,275,32,0.017766497461928935,0.02133903974532657,0.9627776040037536,3078,0.9627776040037536,3197,32,0.1393867924528302,591,4240,0.0886432840870644,not_evaluated,,False,,False
1,hardclip,275,64,0.16421362489486963,0.2041498584198685,0.9995119570522206,8192,0.9979258174719375,8196,32,0.04702167605393412,551,11718,0.07234147646586675,not_evaluated,,,,False
1,hardclip,300,32,0.060279187817258884,0.0719142541345902,0.0008710801393728223,3,0.0008710801393728223,3444,32,0.9998495561907628,6646,6647,-0.3880681177399346,full,0.06277064801005142,False,False,True
1,hardclip,300,64,0.2874264087468461,0.3287862881967971,0.00010262725779967159,1,0.00010262725779967159,9744,32,1.0,22826,22826,-0.20051863590524602,full,0.08392763543847191,,False,True
2,neural,0,32,0.0,0.0,,0,,0,0,,0,0,0.0,not_evaluated,,False,,False
2,neural,0,64,0.0,0.0,,0,,0,0,,0,0,0.0,not_evaluated,,,,False
2,neural,25,32,0.0009517766497461929,0.0007248180728887969,0.7757644394110985,685,0.7519818799546999,883,32,0.777067921990585,2311,2974,0.06473440848088417,not_evaluated,,False,,False
2,neural,25,64,0.001471825063078217,0.00223714044792382,0.18120805369127516,54,0.14429530201342283,298,32,0.8460929250263991,3205,3788,0.010125748626232273,not_evaluated,,,,False
2,neural,50,32,0.00951776649746193,0.008830619593594675,0.9526994744386049,1994,0.9273769708552317,2093,32,0.7337180544105524,2670,3639,0.03202887109507163,not_evaluated,,False,,False
2,neural,50,64,0.023338940285954585,0.03198868687695537,0.4347069065583285,749,0.4132327336041788,1723,32,0.8536444495783759,7390,8657,0.004198481137706066,not_evaluated,,,,False
2,neural,75,32,0.0,0.0,0.19879518072289157,33,0.19879518072289157,166,18,0.9938176197836167,2572,2588,-0.014548325250930416,not_evaluated,,False,,False
2,neural,75,64,0.0022077375946173254,0.0017155831210094639,0.07158836689038031,32,0.06935123042505593,447,19,0.9936834506406785,5506,5541,-0.008335219905739983,not_evaluated,,,,False
2,neural,100,32,0.00031725888324873094,0.00027412280701754384,0.8359832635983263,999,0.8309623430962343,1195,29,0.7029077117572693,1668,2373,0.004962219465433626,not_evaluated,,False,,False
2,neural,100,64,0.06886038687973087,0.07803629787030654,0.7663492063492063,2414,0.734920634920635,3150,30,0.7384284176533907,4802,6503,0.0015023976620222729,not_evaluated,,,,False
2,neural,125,32,0.0015862944162436548,0.0027458567854909315,0.14123524069028157,311,0.14123524069028157,2202,32,0.9491059147180193,4140,4362,-0.2067215518213601,not_evaluated,,False,,False
2,neural,125,64,0.08946593776282591,0.11322496521496109,0.32145454545454544,2210,0.32087272727272725,6875,30,0.7962560198850396,10251,12874,-0.07415258597624977,not_evaluated,,,,False
2,neural,150,32,0.02633248730964467,0.04495128892104615,0.0,0,0.0,3423,32,1.0,4669,4669,-0.3860381188677117,not_evaluated,,False,,False
2,neural,150,64,0.24526913372582002,0.29495018283414154,0.0,0,0.0,9350,32,1.0,13710,13710,-0.19243038547819466,not_evaluated,,,,False
2,neural,175,32,0.04346446700507614,0.07875006019423506,0.0,0,0.0,3861,32,1.0,6547,6547,-0.43543475809180104,not_evaluated,,False,,False
2,neural,175,64,0.3247476871320437,0.3775940655207106,0.32817426196617944,3435,0.32702780166236745,10467,32,0.7353761588317336,17927,24378,-0.06888390376422648,not_evaluated,,,,False
2,neural,200,32,0.24619289340101522,0.2910394219038166,0.9920326864147089,4856,0.9842696629213483,4895,32,0.22707496653279785,1357,5976,0.11492049171083796,not_evaluated,,False,,False
2,neural,200,64,0.5748528174936922,0.6194721135813919,1.0,13590,0.9993377483443708,13590,32,0.12460093462268079,2693,21613,0.16472864228529088,not_evaluated,,,,False
2,neural,225,32,0.3543781725888325,0.406038398493937,1.0,5314,0.999059089198344,5314,32,0.19636742593419682,1319,6717,0.15788880117288817,not_evaluated,,False,,False
2,neural,225,64,0.6918629100084104,0.7237727532262626,1.0,15100,0.9993377483443708,15100,32,0.11954088485489844,2937,24569,0.19475601473584558,not_evaluated,,,,False
2,neural,250,32,0.5697969543147208,0.6090724541543311,1.0,6077,0.9995063353628435,6077,32,0.12190739460953698,882,7235,0.13037103868275624,not_evaluated,,False,,False
2,neural,250,64,0.903174936921783,0.9087936914555942,1.0,18971,0.9989984713510094,18971,32,0.07636035674917327,2286,29937,0.22556545720224735,not_evaluated,,,,False
2,neural,275,32,0.34676395939086296,0.41437689484553925,0.7628604382929642,3307,0.7621683967704729,4335,31,0.48480883849396716,3335,6879,-0.025374985902785585,not_evaluated,,False,,False
2,neural,275,64,0.6546467619848613,0.6565184565412262,0.7394851485148515,9336,0.7382178217821782,12625,32,0.3355480494413719,9040,26941,0.14649406244211655,not_evaluated,,,,False
2,neural,300,32,0.3934010152284264,0.44615433231165935,0.7616033755274262,2527,0.7606992163954189,3318,25,0.6005315822388994,3841,6396,-0.0385699785722341,full,0.12915551504769987,False,False,True
2,neural,300,64,0.5768502943650126,0.5440235967120504,0.5737864077669903,7683,0.5733383121732636,13390,28,0.5764341331638329,14510,25172,-0.028236843730062383,full,0.14077994084875975,,False,True
2,hardclip,0,32,0.0,0.0,,0,,0,0,,0,0,0.0,not_evaluated,,False,,False
2,hardclip,0,64,0.0,0.0,,0,,0,0,,0,0,0.0,not_evaluated,,,,False
2,hardclip,25,32,0.0009517766497461929,0.0007248180728887969,0.7757644394110985,685,0.7519818799546999,883,32,0.777067921990585,2311,2974,0.06473440848088417,not_evaluated,,False,,False
2,hardclip,25,64,0.001471825063078217,0.00223714044792382,0.18120805369127516,54,0.14429530201342283,298,32,0.8460929250263991,3205,3788,0.010125748626232273,not_evaluated,,,,False
2,hardclip,50,32,0.00951776649746193,0.008830619593594675,0.9526994744386049,1994,0.9273769708552317,2093,32,0.7337180544105524,2670,3639,0.03202887109507163,not_evaluated,,False,,False
2,hardclip,50,64,0.023338940285954585,0.03198868687695537,0.4347069065583285,749,0.4132327336041788,1723,32,0.8536444495783759,7390,8657,0.004198481137706066,not_evaluated,,,,False
2,hardclip,75,32,0.0,0.0,0.19879518072289157,33,0.19879518072289157,166,18,0.9938176197836167,2572,2588,-0.014548325250930416,not_evaluated,,False,,False
2,hardclip,75,64,0.0022077375946173254,0.0017155831210094639,0.07158836689038031,32,0.06935123042505593,447,19,0.9936834506406785,5506,5541,-0.008335219905739983,not_evaluated,,,,False
2,hardclip,100,32,0.00031725888324873094,0.00027412280701754384,0.8359832635983263,999,0.8309623430962343,1195,29,0.7029077117572693,1668,2373,0.004962219465433626,not_evaluated,,False,,False
2,hardclip,100,64,0.06886038687973087,0.07803629787030654,0.7663492063492063,2414,0.734920634920635,3150,30,0.7384284176533907,4802,6503,0.0015023976620222729,not_evaluated,,,,False
2,hardclip,125,32,0.0015862944162436548,0.0027458567854909315,0.14123524069028157,311,0.14123524069028157,2202,32,0.9491059147180193,4140,4362,-0.2067215518213601,not_evaluated,,False,,False
2,hardclip,125,64,0.08946593776282591,0.11322496521496109,0.32145454545454544,2210,0.32087272727272725,6875,30,0.7962560198850396,10251,12874,-0.07415258597624977,not_evaluated,,,,False
2,hardclip,150,32,0.02633248730964467,0.04495128892104615,0.0,0,0.0,3423,32,1.0,4669,4669,-0.3860381188677117,not_evaluated,,False,,False
2,hardclip,150,64,0.24526913372582002,0.29495018283414154,0.0,0,0.0,9350,32,1.0,13710,13710,-0.19243038547819466,not_evaluated,,,,False
2,hardclip,175,32,0.04346446700507614,0.07875006019423506,0.0,0,0.0,3861,32,1.0,6547,6547,-0.43543475809180104,not_evaluated,,False,,False
2,hardclip,175,64,0.3247476871320437,0.3775940655207106,0.32817426196617944,3435,0.32702780166236745,10467,32,0.7353761588317336,17927,24378,-0.06888390376422648,not_evaluated,,,,False
2,hardclip,200,32,0.24619289340101522,0.2910394219038166,0.9920326864147089,4856,0.9842696629213483,4895,32,0.22707496653279785,1357,5976,0.11492049171083796,not_evaluated,,False,,False
2,hardclip,200,64,0.5748528174936922,0.6194721135813919,1.0,13590,0.9993377483443708,13590,32,0.12460093462268079,2693,21613,0.16472864228529088,not_evaluated,,,,False
2,hardclip,225,32,0.3543781725888325,0.406038398493937,1.0,5314,0.999059089198344,5314,32,0.19636742593419682,1319,6717,0.15788880117288817,not_evaluated,,False,,False
2,hardclip,225,64,0.6918629100084104,0.7237727532262626,1.0,15100,0.9993377483443708,15100,32,0.11954088485489844,2937,24569,0.19475601473584558,not_evaluated,,,,False
2,hardclip,250,32,0.5697969543147208,0.6090724541543311,1.0,6077,0.9995063353628435,6077,32,0.12190739460953698,882,7235,0.13037103868275624,not_evaluated,,False,,False
2,hardclip,250,64,0.903174936921783,0.9087936914555942,1.0,18971,0.9989984713510094,18971,32,0.07636035674917327,2286,29937,0.22556545720224735,not_evaluated,,,,False
2,hardclip,275,32,0.3229695431472081,0.3972950818721931,0.7594362159579551,3179,0.7584806497849976,4186,31,0.5013150204558737,3431,6844,-0.02469831961204466,not_evaluated,,False,,False
2,hardclip,275,64,0.657905803195963,0.6594127256562132,0.71165255913298,8996,0.7109405901431849,12641,31,0.36289237668161434,9711,26760,0.12613966124019838,not_evaluated,,,,False
2,hardclip,300,32,0.3020304568527919,0.3548622120956354,0.7198710197501008,1786,0.7182587666263603,2481,22,0.6937375924923299,3844,5541,-0.050862749520694694,full,0.13913144365875948,False,False,True
2,hardclip,300,64,0.3616484440706476,0.3116550686180918,0.39864355689525244,3174,0.39814117056016074,7962,24,0.77840246101623,14676,18854,-0.06340941365329603,full,0.11983549470319818,,False,True
3,neural,0,32,0.0,0.0,,0,,0,0,,0,0,0.0,not_evaluated,,False,,False
3,neural,0,64,0.0,0.0,,0,,0,0,,0,0,0.0,not_evaluated,,,,False
3,neural,25,32,0.0025380710659898475,0.002116965910736116,0.9219941348973607,1572,0.9032258064516129,1705,32,0.7305212251477701,2719,3722,0.07285440396977558,not_evaluated,,False,,False
3,neural,25,64,0.004730866274179983,0.005811677697803061,0.7919597989949749,788,0.6874371859296482,995,32,0.6747388414055081,4263,6318,0.0498878346950956,not_evaluated,,,,False
3,neural,50,32,0.0,0.0,0.992886781268524,1675,0.991701244813278,1687,32,0.7746000969461949,1598,2063,0.006766662907409515,not_evaluated,,False,,False
3,neural,50,64,0.0,0.0,,0,,0,0,1.0,2404,2404,0.0,not_evaluated,,,,False
3,neural,75,32,0.0799492385786802,0.07346214795009347,0.9620798621085895,3349,0.9620798621085895,3481,32,0.42473367299675774,1834,4318,-0.008683884064508818,not_evaluated,,False,,False
3,neural,75,64,0.09335576114381834,0.1378372263159534,0.9893208030756088,6948,0.9893208030756088,7023,32,0.2780864615801599,2052,7379,-0.000658585276502921,not_evaluated,,,,False
3,neural,100,32,0.0,0.0,0.9226759339704604,1062,0.9209383145091226,1151,29,0.6632031529917592,1851,2791,-0.003834442314198716,not_evaluated,,False,,False
3,neural,100,64,0.0,0.0,0.0,0,0.0,10,3,1.0,5965,5965,-0.00020580789890716007,not_evaluated,,,,False
3,neural,125,32,0.0028553299492385786,0.002975606846169587,0.9967727063162748,2162,0.9967727063162748,2169,32,0.3711205488402483,1136,3061,0.014548325250930416,not_evaluated,,False,,False
3,neural,125,64,0.0,0.0,0.0,0,0.0,4,2,1.0,4439,4439,-8.232315956286402e-05,not_evaluated,,,,False
3,neural,150,32,0.0,0.0,0.9421965317919075,1630,0.9421965317919075,1730,31,0.436558287073751,1101,2522,-0.004285553174692702,not_evaluated,,False,,False
3,neural,150,64,0.0,0.0,,0,,0,0,1.0,2632,2632,0.0,not_evaluated,,,,False
3,neural,175,32,0.01681472081218274,0.012672370728791054,0.8773455377574371,1917,0.8727688787185355,2185,32,0.37069547602970965,1098,2962,-0.002593887447840282,not_evaluated,,False,,False
3,neural,175,64,0.0,0.0,0.0,0,0.0,13,2,1.0,2931,2931,-0.00026755026857930807,not_evaluated,,,,False
3,neural,200,32,0.011104060913705584,0.011180514053469509,0.8816749903956973,2295,0.8797541298501729,2603,32,0.2441704636826588,911,3731,0.07894440058644414,not_evaluated,,False,,False
3,neural,200,64,0.0,0.0,0.3813559322033898,90,0.3644067796610169,236,8,0.973542944785276,2539,2608,-0.0030047953240445366,not_evaluated,,,,False
3,neural,225,32,0.007614213197969543,0.0077616555106944825,0.33920524375256045,828,0.33879557558377715,2441,32,0.8462097800399927,4655,5501,-0.16837712867937296,not_evaluated,,False,,False
3,neural,225,64,0.007253994953742641,0.007425872151227107,0.3440488841657811,1295,0.34006376195536664,3764,30,0.7755568246716162,8148,10506,-0.02467636707896849,not_evaluated,,,,False
3,neural,250,32,0.0,0.0,,0,,0,0,1.0,3672,3672,0.0,not_evaluated,,False,,False
3,neural,250,64,0.0,0.0,,0,,0,0,1.0,5277,5277,0.0,not_evaluated,,,,False
3,neural,275,32,0.01015228426395939,0.010495592581364493,0.9128808123997862,1708,0.9070016034206306,1871,32,0.4916399857701885,1382,2811,-0.008345550919138356,not_evaluated,,False,,False
3,neural,275,64,0.0,0.0,0.501577287066246,159,0.48580441640378547,317,9,0.9614435533621222,3117,3242,-0.002881310584700241,not_evaluated,,,,False
3,neural,300,32,0.004441624365482234,0.005046509216182157,0.675729115175482,1367,0.6752347998022739,2023,32,0.5137844611528822,1435,2793,-0.03947220029322204,full,0.005173127045504094,False,False,True
3,neural,300,64,0.0,0.0,0.0,0,0.0,34,3,1.0,2804,2804,-0.0006997468562843442,full,0.006045488360406157,,False,True
3,hardclip,0,32,0.0,0.0,,0,,0,0,,0,0,0.0,not_evaluated,,False,,False
3,hardclip,0,64,0.0,0.0,,0,,0,0,,0,0,0.0,not_evaluated,,,,False
3,hardclip,25,32,0.0025380710659898475,0.002116965910736116,0.9219941348973607,1572,0.9032258064516129,1705,32,0.7305212251477701,2719,3722,0.07285440396977558,not_evaluated,,False,,False
3,hardclip,25,64,0.004730866274179983,0.005811677697803061,0.7919597989949749,788,0.6874371859296482,995,32,0.6747388414055081,4263,6318,0.0498878346950956,not_evaluated,,,,False
3,hardclip,50,32,0.0,0.0,0.992886781268524,1675,0.991701244813278,1687,32,0.7746000969461949,1598,2063,0.006766662907409515,not_evaluated,,False,,False
3,hardclip,50,64,0.0,0.0,,0,,0,0,1.0,2404,2404,0.0,not_evaluated,,,,False
3,hardclip,75,32,0.0799492385786802,0.07346214795009347,0.9620798621085895,3349,0.9620798621085895,3481,32,0.42473367299675774,1834,4318,-0.008683884064508818,not_evaluated,,False,,False
3,hardclip,75,64,0.09335576114381834,0.1378372263159534,0.9893208030756088,6948,0.9893208030756088,7023,32,0.2780864615801599,2052,7379,-0.000658585276502921,not_evaluated,,,,False
3,hardclip,100,32,0.0,0.0,0.9226759339704604,1062,0.9209383145091226,1151,29,0.6632031529917592,1851,2791,-0.003834442314198716,not_evaluated,,False,,False
3,hardclip,100,64,0.0,0.0,0.0,0,0.0,10,3,1.0,5965,5965,-0.00020580789890716007,not_evaluated,,,,False
3,hardclip,125,32,0.0028553299492385786,0.002975606846169587,0.9967727063162748,2162,0.9967727063162748,2169,32,0.3711205488402483,1136,3061,0.014548325250930416,not_evaluated,,False,,False
3,hardclip,125,64,0.0,0.0,0.0,0,0.0,4,2,1.0,4439,4439,-8.232315956286402e-05,not_evaluated,,,,False
3,hardclip,150,32,0.0,0.0,0.9421965317919075,1630,0.9421965317919075,1730,31,0.436558287073751,1101,2522,-0.004285553174692702,not_evaluated,,False,,False
3,hardclip,150,64,0.0,0.0,,0,,0,0,1.0,2632,2632,0.0,not_evaluated,,,,False
3,hardclip,175,32,0.01681472081218274,0.012672370728791054,0.8773455377574371,1917,0.8727688787185355,2185,32,0.37069547602970965,1098,2962,-0.002593887447840282,not_evaluated,,False,,False
3,hardclip,175,64,0.0,0.0,0.0,0,0.0,13,2,1.0,2931,2931,-0.00026755026857930807,not_evaluated,,,,False
3,hardclip,200,32,0.011104060913705584,0.011180514053469509,0.882443334613907,2297,0.8809066461774875,2603,32,0.24363441436612168,909,3731,0.07916995601669113,not_evaluated,,False,,False
3,hardclip,200,64,0.0,0.0,0.3813559322033898,90,0.3644067796610169,236,8,0.973542944785276,2539,2608,-0.0030047953240445366,not_evaluated,,,,False
3,hardclip,225,32,0.007614213197969543,0.0077616555106944825,0.34203016714227474,839,0.3412148389726865,2453,32,0.8441910966340934,4665,5526,-0.168151573249126,not_evaluated,,False,,False
3,hardclip,225,64,0.007464255677039529,0.008084624259853835,0.3393891521853607,1289,0.3362295945234334,3798,30,0.7776199943197956,8214,10563,-0.025767148943176443,not_evaluated,,,,False
3,hardclip,250,32,0.0,0.0,,0,,0,0,1.0,3706,3706,0.0,not_evaluated,,False,,False
3,hardclip,250,64,0.0,0.0,,0,,0,0,1.0,5548,5548,0.0,not_evaluated,,,,False
3,hardclip,275,32,0.008883248730964468,0.009721890890543237,0.9096418732782369,1651,0.9057851239669421,1815,32,0.4831378299120235,1318,2728,-0.007217773767903446,not_evaluated,,False,,False
3,hardclip,275,64,0.0,0.0,0.024390243902439025,2,0.024390243902439025,82,6,0.9993451211525868,3052,3054,-0.0016464631912572805,not_evaluated,,,,False
3,hardclip,300,32,0.0006345177664974619,0.0006528366914103924,0.5497251374312844,1100,0.5492253873063468,2001,32,0.46910963052695337,1549,3302,0.00811999548889139,full,0.009357120089902594,False,False,True
3,hardclip,300,64,0.0,0.0,,0,,0,0,1.0,2679,2679,0.0,full,0.0038706962760289387,,False,True
4,neural,0,32,0.0,0.0,,0,,0,0,,0,0,0.0,not_evaluated,,False,,False
4,neural,0,64,0.0,0.0,,0,,0,0,,0,0,0.0,not_evaluated,,,,False
4,neural,25,32,0.0006345177664974619,0.0009967672413793104,0.7613895216400911,1337,0.7471526195899773,1756,32,0.7437395659432388,2673,3594,-0.04646441863087855,not_evaluated,,False,,False
4,neural,25,64,0.018292682926829267,0.02535983890450582,0.004073319755600814,10,0.004073319755600814,2455,32,0.9993657505285413,9454,9460,-0.05032003128280063,not_evaluated,,,,False
4,neural,50,32,0.02030456852791878,0.01616150535010601,0.9411032766486935,2269,0.9352965574450436,2411,32,0.6207211319032405,2720,4382,0.0021427765873462956,not_evaluated,,False,,False
4,neural,50,64,0.10197645079899074,0.13597933231603282,0.9296205630354957,6076,0.927937576499388,6536,32,0.5155562664960409,6446,12503,0.02556134104426927,not_evaluated,,,,False
4,neural,75,32,0.017449238578680203,0.016365418593847266,0.9236330772706733,2044,0.9191143244464528,2213,32,0.4730425358981306,1746,3691,0.01026277207623777,not_evaluated,,False,,False
4,neural,75,64,0.06360386879730866,0.0932721447835125,0.8117495711835334,3786,0.8025300171526587,4664,32,0.5085663895187704,4037,7938,0.006873983823499144,not_evaluated,,,,False
4,neural,100,32,0.0,0.0,0.9923371647509579,1813,0.9896004378762999,1827,32,0.41824841824841824,1256,3003,0.020074433291981525,not_evaluated,,False,,False
4,neural,100,64,0.03322119428090833,0.04403662348847586,0.8867478025693036,2623,0.8796484110885734,2958,32,0.6058007566204288,4804,7930,0.010578526003828026,not_evaluated,,,,False
4,neural,125,32,0.0,0.0,0.27381938690969343,661,0.27133388566694283,2414,32,0.8660508083140878,4125,4763,-0.1891282282620954,not_evaluated,,False,,False
4,neural,125,64,0.011038687973086627,0.016320959663499585,0.3558926487747958,610,0.3424737456242707,1714,27,0.9326871297792138,8660,9285,-0.018913745909568014,not_evaluated,,,,False
4,neural,150,32,0.038705583756345176,0.031036672610603125,0.17523652817770466,426,0.1740024681201152,2431,32,0.8258590564938847,2836,3434,-0.18856433968647796,not_evaluated,,False,,False
4,neural,150,64,0.006518082422203532,0.004092342470720718,0.0,0,0.0,3211,32,1.0,8995,8995,-0.0660849163390891,not_evaluated,,,,False
4,neural,175,32,0.007614213197969543,0.008288866884135843,0.0,0,0.0,2577,32,1.0,4205,4205,-0.29062817187323786,not_evaluated,,False,,False
4,neural,175,64,0.0,0.0,0.0,0,0.0,1047,31,1.0,6587,6587,-0.02154808701557966,not_evaluated,,,,False
4,neural,200,32,0.03902284263959391,0.030389917824901462,0.462406015037594,1353,0.4596719070403281,2926,32,0.7304909560723514,2827,3870,-0.15461824743430697,not_evaluated,,False,,False
4,neural,200,64,0.028595458368376788,0.02615448166117177,0.07034813925570228,293,0.05858343337334934,4165,31,0.9744781293796563,13211,13557,-0.07645763444400996,not_evaluated,,,,False
4,neural,225,32,0.007614213197969543,0.00922585949083712,0.0,0,0.0,2546,32,1.0,4935,4935,-0.2871320627044096,not_evaluated,,False,,False
4,neural,225,64,0.10008410428931876,0.12409743275762614,0.0,0,0.0,6317,32,1.0,14337,14337,-0.13000884973965302,not_evaluated,,,,False
4,neural,250,32,0.04314720812182741,0.07500004416270159,0.0,0,0.0,3500,32,1.0,5122,5122,-0.3947220029322206,not_evaluated,,False,,False
4,neural,250,64,0.059819175777964674,0.07663256182874217,0.015402843601895734,91,0.012863913337846988,5908,32,0.9897618395839036,18078,18265,-0.11654901315112473,not_evaluated,,,,False
4,neural,275,32,0.06662436548223351,0.07064381843932306,0.0,0,0.0,3201,32,1.0,5070,5070,-0.3610014661102966,not_evaluated,,False,,False
4,neural,275,64,0.11764087468460892,0.11698614916118832,0.0,0,0.0,5363,32,1.0,10773,10773,-0.11037477618390994,not_evaluated,,,,False
4,neural,300,32,0.005710659898477157,0.006296126464409247,0.16114519427402862,394,0.1603271983640082,2445,32,0.9350017379214459,5380,5754,-0.22645765196797116,full,0.02124055038435847,False,False,True
4,neural,300,64,0.00336417157275021,0.004646831888306842,0.10238179879132599,288,0.09669392108069677,2813,29,0.9781864841745082,11435,11690,-0.05042293523225422,full,0.035651366063359544,,False,True
4,hardclip,0,32,0.0,0.0,,0,,0,0,,0,0,0.0,not_evaluated,,False,,False
4,hardclip,0,64,0.0,0.0,,0,,0,0,,0,0,0.0,not_evaluated,,,,False
4,hardclip,25,32,0.0006345177664974619,0.0009967672413793104,0.7613895216400911,1337,0.7471526195899773,1756,32,0.7437395659432388,2673,3594,-0.04646441863087855,not_evaluated,,False,,False
4,hardclip,25,64,0.018292682926829267,0.02535983890450582,0.004073319755600814,10,0.004073319755600814,2455,32,0.9993657505285413,9454,9460,-0.05032003128280063,not_evaluated,,,,False
4,hardclip,50,32,0.02030456852791878,0.01616150535010601,0.9411032766486935,2269,0.9352965574450436,2411,32,0.6207211319032405,2720,4382,0.0021427765873462956,not_evaluated,,False,,False
4,hardclip,50,64,0.10197645079899074,0.13597933231603282,0.9296205630354957,6076,0.927937576499388,6536,32,0.5155562664960409,6446,12503,0.02556134104426927,not_evaluated,,,,False
4,hardclip,75,32,0.017449238578680203,0.016365418593847266,0.9236330772706733,2044,0.9191143244464528,2213,32,0.4730425358981306,1746,3691,0.01026277207623777,not_evaluated,,False,,False
4,hardclip,75,64,0.06360386879730866,0.0932721447835125,0.8117495711835334,3786,0.8025300171526587,4664,32,0.5085663895187704,4037,7938,0.006873983823499144,not_evaluated,,,,False
4,hardclip,100,32,0.0,0.0,0.9923371647509579,1813,0.9896004378762999,1827,32,0.41824841824841824,1256,3003,0.020074433291981525,not_evaluated,,False,,False
4,hardclip,100,64,0.03322119428090833,0.04403662348847586,0.8867478025693036,2623,0.8796484110885734,2958,32,0.6058007566204288,4804,7930,0.010578526003828026,not_evaluated,,,,False
4,hardclip,125,32,0.0,0.0,0.27381938690969343,661,0.27133388566694283,2414,32,0.8660508083140878,4125,4763,-0.1891282282620954,not_evaluated,,False,,False
4,hardclip,125,64,0.011038687973086627,0.016320959663499585,0.3558926487747958,610,0.3424737456242707,1714,27,0.9326871297792138,8660,9285,-0.018913745909568014,not_evaluated,,,,False
4,hardclip,150,32,0.038705583756345176,0.031036672610603125,0.17523652817770466,426,0.1740024681201152,2431,32,0.8258590564938847,2836,3434,-0.18856433968647796,not_evaluated,,False,,False
4,hardclip,150,64,0.006518082422203532,0.004092342470720718,0.0,0,0.0,3211,32,1.0,8995,8995,-0.0660849163390891,not_evaluated,,,,False
4,hardclip,175,32,0.007614213197969543,0.008288866884135843,0.0,0,0.0,2577,32,1.0,4205,4205,-0.29062817187323786,not_evaluated,,False,,False
4,hardclip,175,64,0.0,0.0,0.0,0,0.0,1047,31,1.0,6587,6587,-0.02154808701557966,not_evaluated,,,,False
4,hardclip,200,32,0.03902284263959391,0.030389917824901462,0.462406015037594,1353,0.4596719070403281,2926,32,0.7304909560723514,2827,3870,-0.15461824743430697,not_evaluated,,False,,False
4,hardclip,200,64,0.028595458368376788,0.02615448166117177,0.07034813925570228,293,0.05858343337334934,4165,31,0.9744781293796563,13211,13557,-0.07645763444400996,not_evaluated,,,,False
4,hardclip,225,32,0.007614213197969543,0.00922585949083712,0.0,0,0.0,2546,32,1.0,4935,4935,-0.2871320627044096,not_evaluated,,False,,False
4,hardclip,225,64,0.10008410428931876,0.12409743275762614,0.0,0,0.0,6317,32,1.0,14337,14337,-0.13000884973965302,not_evaluated,,,,False
4,hardclip,250,32,0.04314720812182741,0.07500004416270159,0.0,0,0.0,3500,32,1.0,5122,5122,-0.3947220029322206,not_evaluated,,False,,False
4,hardclip,250,64,0.059819175777964674,0.07663256182874217,0.015402843601895734,91,0.012863913337846988,5908,32,0.9897618395839036,18078,18265,-0.11654901315112473,not_evaluated,,,,False
4,hardclip,275,32,0.06662436548223351,0.07064381843932306,0.0,0,0.0,3201,32,1.0,5070,5070,-0.3610014661102966,not_evaluated,,False,,False
4,hardclip,275,64,0.11764087468460892,0.11698614916118832,0.0,0,0.0,5363,32,1.0,10773,10773,-0.11037477618390994,not_evaluated,,,,False
4,hardclip,300,32,0.005710659898477157,0.006296126464409247,0.16114519427402862,394,0.1603271983640082,2445,32,0.9350017379214459,5380,5754,-0.22645765196797116,full,0.02124055038435847,False,False,True
4,hardclip,300,64,0.00336417157275021,0.004646831888306842,0.10238179879132599,288,0.09669392108069677,2813,29,0.9781864841745082,11435,11690,-0.05042293523225422,full,0.035651366063359544,,False,True
5,neural,0,32,0.0,0.0,,0,,0,0,,0,0,0.0,not_evaluated,,False,,False
5,neural,0,64,0.0,0.0,,0,,0,0,,0,0,0.0,not_evaluated,,,,False
5,neural,25,32,0.0,0.0,0.02132998745294856,17,0.02132998745294856,797,32,0.996464869642068,2255,2263,-0.08796661779632345,not_evaluated,,False,,False
5,neural,25,64,0.004835996635828428,0.007126676884303377,0.0,0,0.0,1207,32,1.0,5723,5723,-0.02484101339809422,not_evaluated,,,,False
5,neural,50,32,0.02284263959390863,0.02447992470711036,0.9269261318506752,2334,0.920571882446386,2518,32,0.7255607864857381,2620,3611,0.0007894440058643926,not_evaluated,,False,,False
5,neural,50,64,0.021551724137931036,0.035939334733250165,0.9968652037617555,5724,0.9932079414838035,5742,32,0.4836826347305389,3231,6680,0.018152256683611506,not_evaluated,,,,False
5,neural,75,32,0.008248730964467006,0.009883242107160177,0.740153452685422,1447,0.7370843989769821,1955,32,0.6657738095238095,2237,3360,-0.01443554753580692,not_evaluated,,False,,False
5,neural,75,64,0.00010513036164844407,4.426345609065156e-05,0.9939978563772776,4637,0.9834941050375134,4665,32,0.5814314547430524,3745,6441,0.035831155199736564,not_evaluated,,,,False
5,neural,100,32,0.011421319796954314,0.011538177095616338,0.8407960199004975,1352,0.8302238805970149,1608,28,0.6081818181818182,2007,3300,0.00011277771512349655,not_evaluated,,False,,False
5,neural,100,64,0.013246425567703952,0.019206336344326495,0.9753600555266354,5621,0.9699809127190699,5763,32,0.23425414364640884,1696,7240,0.022042025972956833,not_evaluated,,,,False
5,neural,125,32,0.04282994923857868,0.05013285557779334,0.8384074941451991,1790,0.8192037470725996,2135,28,0.5941762854144806,2265,3812,-0.006089996616668536,not_evaluated,,False,,False
5,neural,125,64,0.048359966358284275,0.06721391712355895,0.9852919105508029,6565,0.9773375356446046,6663,32,0.2455148685180634,1998,8138,0.018831422750005156,not_evaluated,,,,False
5,neural,150,32,0.006979695431472081,0.006281743038588969,0.9162037037037037,1979,0.9092592592592592,2160,32,0.6481126039667306,2026,3126,-0.013420548099695506,not_evaluated,,False,,False
5,neural,150,64,0.014087468460891506,0.02949333803498698,0.9749911316069528,5497,0.9645264278112806,5638,32,0.2953788208025496,2039,6903,0.008973224392352167,not_evaluated,,,,False
5,neural,175,32,0.005710659898477157,0.0038461111758535853,0.946219797349961,2428,0.921667965705378,2566,32,0.6465580150814887,2658,4111,0.009924438930867252,not_evaluated,,False,,False
5,neural,175,64,0.05014718250630782,0.0773915190478247,0.953045304530453,6353,0.9444944494449445,6666,32,0.4787704819997608,4003,8361,0.0028813105847002307,not_evaluated,,,,False
5,neural,200,32,0.08692893401015228,0.12379716260136661,0.7944933295486801,2799,0.7624183934147034,3523,32,0.8097796883396023,4521,5583,-0.05142663809631215,not_evaluated,,False,,False
5,neural,200,64,0.21362489486963834,0.25447451596820303,0.689691497366441,4583,0.6695259593679458,6645,32,0.7745669418811721,9569,12354,-0.03867130420465538,not_evaluated,,,,False
5,neural,225,32,0.157994923857868,0.2144390012646468,0.7850148030061489,3447,0.7381006604418128,4391,32,0.5810732833237161,3021,5199,-0.09202661554076913,not_evaluated,,False,,False
5,neural,225,64,0.2065811606391926,0.24235447459138781,0.5774777136864184,4405,0.5557157839538542,7628,32,0.7174955344552035,7632,10637,-0.061515980983350135,not_evaluated,,,,False
5,neural,250,32,0.10596446700507614,0.12903123549216844,0.9604900459418071,3136,0.9467075038284839,3265,32,0.7208347588094424,4214,5846,0.08988383895342283,not_evaluated,,False,,False
5,neural,250,64,0.3511354079058032,0.3715932935733779,0.749750946403666,7526,0.7286312014345487,10038,32,0.7543887647622087,14181,18798,-0.01648521270246353,not_evaluated,,,,False
5,neural,275,32,0.06503807106598984,0.09124048199341327,0.7461208319577418,2260,0.7309343017497524,3029,32,0.7339659110876823,4177,5691,-0.041614976880568366,not_evaluated,,False,,False
5,neural,275,64,0.24873843566021867,0.2784533246139478,0.6783007791653325,6355,0.563774148788558,9369,32,0.7877111001803574,19217,24396,0.042170038486077116,not_evaluated,,,,False
5,neural,300,32,0.0932741116751269,0.11048214162467496,0.4277753964852122,998,0.42563223317616805,2333,32,0.7981065609863496,3625,4542,-0.1319499266944852,full,0.07563332639532283,False,False,True
5,neural,300,64,0.151282590412111,0.17842678185046867,0.0995196926032661,518,0.09721421709894332,5205,32,0.9493430759502565,13512,14233,-0.08314639115849268,full,0.08910237757217424,,False,True
5,hardclip,0,32,0.0,0.0,,0,,0,0,,0,0,0.0,not_evaluated,,False,,False
5,hardclip,0,64,0.0,0.0,,0,,0,0,,0,0,0.0,not_evaluated,,,,False
5,hardclip,25,32,0.0,0.0,0.02132998745294856,17,0.02132998745294856,797,32,0.996464869642068,2255,2263,-0.08796661779632345,not_evaluated,,False,,False
5,hardclip,25,64,0.004835996635828428,0.007126676884303377,0.0,0,0.0,1207,32,1.0,5723,5723,-0.02484101339809422,not_evaluated,,,,False
5,hardclip,50,32,0.02284263959390863,0.02447992470711036,0.9269261318506752,2334,0.920571882446386,2518,32,0.7255607864857381,2620,3611,0.0007894440058643926,not_evaluated,,False,,False
5,hardclip,50,64,0.021551724137931036,0.035939334733250165,0.9968652037617555,5724,0.9932079414838035,5742,32,0.4836826347305389,3231,6680,0.018152256683611506,not_evaluated,,,,False
5,hardclip,75,32,0.008248730964467006,0.009883242107160177,0.740153452685422,1447,0.7370843989769821,1955,32,0.6657738095238095,2237,3360,-0.01443554753580692,not_evaluated,,False,,False
5,hardclip,75,64,0.00010513036164844407,4.426345609065156e-05,0.9939978563772776,4637,0.9834941050375134,4665,32,0.5814314547430524,3745,6441,0.035831155199736564,not_evaluated,,,,False
5,hardclip,100,32,0.011421319796954314,0.011538177095616338,0.8407960199004975,1352,0.8302238805970149,1608,28,0.6081818181818182,2007,3300,0.00011277771512349655,not_evaluated,,False,,False
5,hardclip,100,64,0.013246425567703952,0.019206336344326495,0.9753600555266354,5621,0.9699809127190699,5763,32,0.23425414364640884,1696,7240,0.022042025972956833,not_evaluated,,,,False
5,hardclip,125,32,0.04282994923857868,0.05013285557779334,0.8384074941451991,1790,0.8192037470725996,2135,28,0.5941762854144806,2265,3812,-0.006089996616668536,not_evaluated,,False,,False
5,hardclip,125,64,0.048359966358284275,0.06721391712355895,0.9852919105508029,6565,0.9773375356446046,6663,32,0.2455148685180634,1998,8138,0.018831422750005156,not_evaluated,,,,False
5,hardclip,150,32,0.006979695431472081,0.006281743038588969,0.9162037037037037,1979,0.9092592592592592,2160,32,0.6481126039667306,2026,3126,-0.013420548099695506,not_evaluated,,False,,False
5,hardclip,150,64,0.014087468460891506,0.02949333803498698,0.9749911316069528,5497,0.9645264278112806,5638,32,0.2953788208025496,2039,6903,0.008973224392352167,not_evaluated,,,,False
5,hardclip,175,32,0.005710659898477157,0.0038461111758535853,0.946219797349961,2428,0.921667965705378,2566,32,0.6465580150814887,2658,4111,0.009924438930867252,not_evaluated,,False,,False
5,hardclip,175,64,0.05014718250630782,0.0773915190478247,0.953045304530453,6353,0.9444944494449445,6666,32,0.4787704819997608,4003,8361,0.0028813105847002307,not_evaluated,,,,False
5,hardclip,200,32,0.08692893401015228,0.12379716260136661,0.7944933295486801,2799,0.7624183934147034,3523,32,0.8097796883396023,4521,5583,-0.05142663809631215,not_evaluated,,False,,False
5,hardclip,200,64,0.21362489486963834,0.25447451596820303,0.689691497366441,4583,0.6695259593679458,6645,32,0.7745669418811721,9569,12354,-0.03867130420465538,not_evaluated,,,,False
5,hardclip,225,32,0.157994923857868,0.2144390012646468,0.7850148030061489,3447,0.7381006604418128,4391,32,0.5810732833237161,3021,5199,-0.09202661554076913,not_evaluated,,False,,False
5,hardclip,225,64,0.2065811606391926,0.24235447459138781,0.5774777136864184,4405,0.5557157839538542,7628,32,0.7174955344552035,7632,10637,-0.061515980983350135,not_evaluated,,,,False
5,hardclip,250,32,0.10596446700507614,0.12903123549216844,0.9604900459418071,3136,0.9467075038284839,3265,32,0.7208347588094424,4214,5846,0.08988383895342283,not_evaluated,,False,,False
5,hardclip,250,64,0.3511354079058032,0.3715932935733779,0.749750946403666,7526,0.7286312014345487,10038,32,0.7543887647622087,14181,18798,-0.01648521270246353,not_evaluated,,,,False
5,hardclip,275,32,0.06503807106598984,0.09124048199341327,0.7461208319577418,2260,0.7309343017497524,3029,32,0.7339659110876823,4177,5691,-0.041614976880568366,not_evaluated,,False,,False
5,hardclip,275,64,0.24873843566021867,0.2784533246139478,0.6783007791653325,6355,0.563774148788558,9369,32,0.7877111001803574,19217,24396,0.042170038486077116,not_evaluated,,,,False
5,hardclip,300,32,0.0932741116751269,0.11048214162467496,0.4277753964852122,998,0.42563223317616805,2333,32,0.7981065609863496,3625,4542,-0.1319499266944852,full,0.07563332639532283,False,False,True
5,hardclip,300,64,0.151282590412111,0.17842678185046867,0.0995196926032661,518,0.09721421709894332,5205,32,0.9493430759502565,13512,14233,-0.08314639115849268,full,0.08910237757217424,,False,True
6,neural,0,32,0.0,0.0,,0,,0,0,,0,0,0.0,not_evaluated,,False,,False
6,neural,0,64,0.0,0.0,,0,,0,0,,0,0,0.0,not_evaluated,,,,False
6,neural,25,32,0.004124365482233503,0.004058314064148656,0.936318407960199,1882,0.9203980099502488,2010,32,0.7638929726551015,2598,3401,0.051201082666065156,not_evaluated,,False,,False
6,neural,25,64,0.008830950378469302,0.012864278403128725,0.8876712328767123,1296,0.7986301369863014,1460,32,0.7747909199522103,5188,6696,0.0523369486920908,not_evaluated,,,,False
6,neural,50,32,0.0009517766497461929,0.0007316260396213463,0.9663187855787476,2037,0.9658444022770398,2108,32,0.7720269619643717,3207,4154,-0.006541107477162522,not_evaluated,,False,,False
6,neural,50,64,0.0,0.0,0.0,0,0.0,40,2,1.0,7214,7214,-0.0008232315956286403,not_evaluated,,,,False
6,neural,75,32,0.0,0.0,0.995875073659399,1690,0.995875073659399,1697,32,0.513189448441247,1712,3336,0.002142776587346351,not_evaluated,,False,,False
6,neural,75,64,0.0,0.0,,0,,0,0,1.0,6501,6501,0.0,not_evaluated,,,,False
6,neural,100,32,0.0,0.0,0.06349206349206349,24,0.06349206349206349,378,31,0.9900124843945068,2379,2403,-0.03992331115371602,not_evaluated,,False,,False
6,neural,100,64,0.0,0.0,0.2857142857142857,2,0.2857142857142857,7,3,0.9995302959135745,4256,4258,-0.00010290394945358002,not_evaluated,,,,False
6,neural,125,32,0.0,0.0,0.8462469733656174,699,0.8426150121065376,826,30,0.5716835217132659,961,1681,-0.007556106913273936,not_evaluated,,False,,False
6,neural,125,64,0.0,0.0,0.6666666666666666,2,0.6666666666666666,3,2,0.9988216810683425,2543,2546,0.0,not_evaluated,,,,False
6,neural,150,32,0.0,0.0,0.9908333333333333,1189,0.99,1200,29,0.3810089020771513,642,1685,0.009924438930867252,not_evaluated,,False,,False
6,neural,150,64,0.0,0.0,0.8217821782178217,83,0.8217821782178217,101,4,0.9646302250803859,2100,2177,-0.000144065529235012,not_evaluated,,,,False
6,neural,175,32,0.0006345177664974619,0.0003980891719745223,0.9967707212055974,1852,0.9865446716899893,1858,31,0.35767946577629384,857,2396,0.03766775685124618,not_evaluated,,False,,False
6,neural,175,64,0.0053616484440706475,0.005412643285760969,0.9554896142433235,2576,0.9484421364985163,2696,28,0.4423297408851181,1929,4361,0.012019181296178148,not_evaluated,,,,False
6,neural,200,32,0.01300761421319797,0.011044021746516997,0.9823042168674698,2609,0.9815512048192772,2656,32,0.25162337662337664,775,3080,0.03620164655464081,not_evaluated,,False,,False
6,neural,200,64,0.03048780487804878,0.03451579635799981,0.9881668283220174,5094,0.9800193986420951,5155,32,0.2342234820229748,1570,6703,0.027187223445635858,not_evaluated,,,,False
6,neural,225,32,0.0450507614213198,0.05760729567534928,0.9224324324324324,3413,0.9224324324324324,3700,32,0.1981795614398014,958,4834,0.09202661554076919,not_evaluated,,False,,False
6,neural,225,64,0.13488225399495374,0.1522207267633785,0.9217175022908758,7041,0.919884801675612,7639,32,0.18217583299879567,2269,12455,0.07859803659264444,not_evaluated,,,,False
6,neural,250,32,0.015228426395939087,0.018354950700027385,1.0,3186,1.0,3186,32,0.08097447795823666,349,4310,0.12676215179880457,not_evaluated,,False,,False
6,neural,250,64,0.041105971404541634,0.0458417883997295,1.0,6118,0.9988558352402745,6118,32,0.08262988943050767,695,8411,0.04706826648006751,not_evaluated,,,,False
6,neural,275,32,0.2623730964467005,0.3338730496819909,0.0,0,0.0,4851,32,1.0,6905,6905,-0.5470846960640577,not_evaluated,,False,,False
6,neural,275,64,0.3605971404541632,0.3993342898263553,0.0,0,0.0,10543,32,1.0,20752,20752,-0.21698326781781885,not_evaluated,,,,False
6,neural,300,32,0.21605329949238578,0.2720291430478152,0.0,0,0.0,3466,31,1.0,7326,7326,-0.3908875606180219,full,0.0491831810270403,False,False,True
6,neural,300,64,0.4227291841883936,0.46837761167793956,0.0,0,0.0,11209,32,1.0,29033,29033,-0.2306900738850357,full,0.04873626399608533,,False,True
6,hardclip,0,32,0.0,0.0,,0,,0,0,,0,0,0.0,not_evaluated,,False,,False
6,hardclip,0,64,0.0,0.0,,0,,0,0,,0,0,0.0,not_evaluated,,,,False
6,hardclip,25,32,0.004124365482233503,0.004058314064148656,0.936318407960199,1882,0.9203980099502488,2010,32,0.7638929726551015,2598,3401,0.051201082666065156,not_evaluated,,False,,False
6,hardclip,25,64,0.008830950378469302,0.012864278403128725,0.8876712328767123,1296,0.7986301369863014,1460,32,0.7747909199522103,5188,6696,0.0523369486920908,not_evaluated,,,,False
6,hardclip,50,32,0.0009517766497461929,0.0007316260396213463,0.9663187855787476,2037,0.9658444022770398,2108,32,0.7720269619643717,3207,4154,-0.006541107477162522,not_evaluated,,False,,False
6,hardclip,50,64,0.0,0.0,0.0,0,0.0,40,2,1.0,7214,7214,-0.0008232315956286403,not_evaluated,,,,False
6,hardclip,75,32,0.0,0.0,0.995875073659399,1690,0.995875073659399,1697,32,0.513189448441247,1712,3336,0.002142776587346351,not_evaluated,,False,,False
6,hardclip,75,64,0.0,0.0,,0,,0,0,1.0,6501,6501,0.0,not_evaluated,,,,False
6,hardclip,100,32,0.0,0.0,0.06349206349206349,24,0.06349206349206349,378,31,0.9900124843945068,2379,2403,-0.03992331115371602,not_evaluated,,False,,False
6,hardclip,100,64,0.0,0.0,0.2857142857142857,2,0.2857142857142857,7,3,0.9995302959135745,4256,4258,-0.00010290394945358002,not_evaluated,,,,False
6,hardclip,125,32,0.0,0.0,0.8462469733656174,699,0.8426150121065376,826,30,0.5716835217132659,961,1681,-0.007556106913273936,not_evaluated,,False,,False
6,hardclip,125,64,0.0,0.0,0.6666666666666666,2,0.6666666666666666,3,2,0.9988216810683425,2543,2546,0.0,not_evaluated,,,,False
6,hardclip,150,32,0.0,0.0,0.9908333333333333,1189,0.99,1200,29,0.3810089020771513,642,1685,0.009924438930867252,not_evaluated,,False,,False
6,hardclip,150,64,0.0,0.0,0.8217821782178217,83,0.8217821782178217,101,4,0.9646302250803859,2100,2177,-0.000144065529235012,not_evaluated,,,,False
6,hardclip,175,32,0.0006345177664974619,0.0003980891719745223,0.9967707212055974,1852,0.9865446716899893,1858,31,0.35767946577629384,857,2396,0.03766775685124618,not_evaluated,,False,,False
6,hardclip,175,64,0.0053616484440706475,0.005412643285760969,0.9554896142433235,2576,0.9484421364985163,2696,28,0.4423297408851181,1929,4361,0.012019181296178148,not_evaluated,,,,False
6,hardclip,200,32,0.01300761421319797,0.011044021746516997,0.9823042168674698,2609,0.9815512048192772,2656,32,0.25162337662337664,775,3080,0.03620164655464081,not_evaluated,,False,,False
6,hardclip,200,64,0.03048780487804878,0.03451579635799981,0.9881668283220174,5094,0.9800193986420951,5155,32,0.2342234820229748,1570,6703,0.027187223445635858,not_evaluated,,,,False
6,hardclip,225,32,0.0450507614213198,0.05760729567534928,0.9224324324324324,3413,0.9224324324324324,3700,32,0.1981795614398014,958,4834,0.09202661554076919,not_evaluated,,False,,False
6,hardclip,225,64,0.13488225399495374,0.1522207267633785,0.9217175022908758,7041,0.919884801675612,7639,32,0.18217583299879567,2269,12455,0.07859803659264444,not_evaluated,,,,False
6,hardclip,250,32,0.015228426395939087,0.018354950700027385,1.0,3186,1.0,3186,32,0.08097447795823666,349,4310,0.12676215179880457,not_evaluated,,False,,False
6,hardclip,250,64,0.041105971404541634,0.0458417883997295,1.0,6118,0.9988558352402745,6118,32,0.08262988943050767,695,8411,0.04706826648006751,not_evaluated,,,,False
6,hardclip,275,32,0.2623730964467005,0.3338730496819909,0.0,0,0.0,4851,32,1.0,6905,6905,-0.5470846960640577,not_evaluated,,False,,False
6,hardclip,275,64,0.3605971404541632,0.3993342898263553,0.0,0,0.0,10543,32,1.0,20752,20752,-0.21698326781781885,not_evaluated,,,,False
6,hardclip,300,32,0.21605329949238578,0.2720291430478152,0.0,0,0.0,3466,31,1.0,7326,7326,-0.3908875606180219,full,0.0491831810270403,False,False,True
6,hardclip,300,64,0.4227291841883936,0.46837761167793956,0.0,0,0.0,11209,32,1.0,29033,29033,-0.2306900738850357,full,0.04873626399608533,,False,True
7,neural,0,32,0.0,0.0,,0,,0,0,,0,0,0.0,not_evaluated,,False,,False
7,neural,0,64,0.0,0.0,,0,,0,0,,0,0,0.0,not_evaluated,,,,False
7,neural,25,32,0.00031725888324873094,0.00014467592592592592,0.023076923076923078,24,0.022115384615384617,1040,32,0.9975452592819883,3251,3259,-0.11458215856546747,not_evaluated,,False,,False
7,neural,25,64,0.0022077375946173254,0.002844751774084435,0.0017271157167530224,1,0.0017271157167530224,579,32,0.9943599803825405,8110,8156,-0.0109283994319702,not_evaluated,,,,False
7,neural,50,32,0.01967005076142132,0.024011510076204393,0.7564285714285715,1059,0.7478571428571429,1400,32,0.8862019914651493,3115,3515,-0.024247208751550675,not_evaluated,,False,,False
7,neural,50,64,0.01576955424726661,0.016164177944932034,0.11643835616438356,102,0.11529680365296803,876,29,0.9774188231415857,5930,6067,-0.01376854843688901,not_evaluated,,,,False
7,neural,75,32,0.0019035532994923859,0.002666975881261595,0.9694897422409259,1843,0.9689637033140452,1901,32,0.5661927330173776,1792,3165,0.003834442314198716,not_evaluated,,False,,False
7,neural,75,64,0.04152649285113541,0.05659102712087045,0.8676844783715013,3069,0.8552445575346339,3537,32,0.5805148914689551,4600,7924,0.02356500442486982,not_evaluated,,,,False
7,neural,100,32,0.00031725888324873094,0.00040584415584415587,0.9845802398629354,1724,0.9845802398629354,1751,32,0.3703279938977879,971,2622,0.034848313973158906,not_evaluated,,False,,False
7,neural,100,64,0.021551724137931036,0.02467901621281072,0.26084836665041444,535,0.25792296440760604,2051,31,0.9245228870713158,6443,6969,-0.02955401428306818,not_evaluated,,,,False
7,neural,125,32,0.06535532994923858,0.06401682653002531,0.6369281045751634,1949,0.630718954248366,3060,32,0.555902004454343,2496,4490,-0.09146272696515167,not_evaluated,,False,,False
7,neural,125,64,0.12100504625735913,0.14065637592479635,0.7874544945393447,5624,0.7607112853542425,7142,32,0.5571182350913478,8081,14505,0.021692152544814658,not_evaluated,,,,False
7,neural,150,32,0.01618020304568528,0.01708125050046208,0.9330829634687606,2733,0.9327415500170707,2929,32,0.41765913757700207,2034,4870,0.0777038457200857,not_evaluated,,False,,False
7,neural,150,64,0.0,0.0,0.391304347826087,72,0.391304347826087,184,13,0.9159442140972484,7290,7959,0.018975488279240157,not_evaluated,,,,False
7,neural,175,32,0.0,0.0,0.4602510460251046,440,0.4476987447698745,956,32,0.7164567954841511,1650,2303,-0.013194992669448513,not_evaluated,,False,,False
7,neural,175,64,0.0,0.0,0.5534041224234854,886,0.5421611492816989,1601,24,0.8436472346786248,2822,3345,-0.013912613966124022,not_evaluated,,,,False
7,neural,200,32,0.012055837563451776,0.010868649036251645,0.7970890410958904,1862,0.788527397260274,2336,32,0.6089965397923875,2288,3757,-0.006089996616668536,not_evaluated,,False,,False
7,neural,200,64,0.0,0.0,0.22081218274111675,87,0.22081218274111675,394,13,0.9660056657223796,4092,4236,-0.001914013459836589,not_evaluated,,,,False
7,neural,225,32,0.061865482233502536,0.09013080936047912,0.03316749585406302,100,0.030845771144278607,3015,32,0.984497645211931,5017,5096,-0.3260403744220142,not_evaluated,,False,,False
7,neural,225,64,0.031644238856181665,0.03241968922883034,0.0,0,0.0,594,30,0.9988012786361214,7499,7508,-0.011319434439893803,not_evaluated,,,,False
7,neural,250,32,0.0358502538071066,0.06464397440583715,0.03282357329354718,88,0.03207758299142111,2681,32,0.9860604760883551,4598,4663,-0.2913048381639788,not_evaluated,,False,,False
7,neural,250,64,0.022708158116063918,0.02325814967874003,0.0,0,0.0,376,28,0.9986859395532195,6840,6849,-0.007347341990985614,not_evaluated,,,,False
7,neural,275,32,0.03680203045685279,0.033631759861367024,0.12804054054054054,379,0.12736486486486487,2960,32,0.9439490445859873,4446,4710,-0.2909665050186083,not_evaluated,,False,,False
7,neural,275,64,0.16379310344827586,0.17283764879358415,0.32742273119074006,2659,0.3197882034232237,8121,32,0.8361512450046111,13600,16265,-0.09055547551915044,not_evaluated,,,,False
7,neural,300,32,0.021573604060913704,0.028644331382498712,0.124373576309795,273,0.12209567198177676,2195,32,0.9575375863470134,4713,4922,-0.21472876959512802,full,0.02731887602402685,False,False,True
7,neural,300,64,0.016505466778805718,0.01957568898395108,0.08598726114649681,108,0.08200636942675159,1256,29,0.987369985141159,6645,6730,-0.02317396941694622,full,0.039814915838048706,,False,True
7,hardclip,0,32,0.0,0.0,,0,,0,0,,0,0,0.0,not_evaluated,,False,,False
7,hardclip,0,64,0.0,0.0,,0,,0,0,,0,0,0.0,not_evaluated,,,,False
7,hardclip,25,32,0.00031725888324873094,0.00014467592592592592,0.023076923076923078,24,0.022115384615384617,1040,32,0.9975452592819883,3251,3259,-0.11458215856546747,not_evaluated,,False,,False
7,hardclip,25,64,0.0022077375946173254,0.002844751774084435,0.0017271157167530224,1,0.0017271157167530224,579,32,0.9943599803825405,8110,8156,-0.0109283994319702,not_evaluated,,,,False
7,hardclip,50,32,0.01967005076142132,0.024011510076204393,0.7564285714285715,1059,0.7478571428571429,1400,32,0.8862019914651493,3115,3515,-0.024247208751550675,not_evaluated,,False,,False
7,hardclip,50,64,0.01576955424726661,0.016164177944932034,0.11643835616438356,102,0.11529680365296803,876,29,0.9774188231415857,5930,6067,-0.01376854843688901,not_evaluated,,,,False
7,hardclip,75,32,0.0019035532994923859,0.002666975881261595,0.9694897422409259,1843,0.9689637033140452,1901,32,0.5661927330173776,1792,3165,0.003834442314198716,not_evaluated,,False,,False
7,hardclip,75,64,0.04152649285113541,0.05659102712087045,0.8676844783715013,3069,0.8552445575346339,3537,32,0.5805148914689551,4600,7924,0.02356500442486982,not_evaluated,,,,False
7,hardclip,100,32,0.00031725888324873094,0.00040584415584415587,0.9845802398629354,1724,0.9845802398629354,1751,32,0.3703279938977879,971,2622,0.034848313973158906,not_evaluated,,False,,False
7,hardclip,100,64,0.021551724137931036,0.02467901621281072,0.26084836665041444,535,0.25792296440760604,2051,31,0.9245228870713158,6443,6969,-0.02955401428306818,not_evaluated,,,,False
7,hardclip,125,32,0.06535532994923858,0.06401682653002531,0.6369281045751634,1949,0.630718954248366,3060,32,0.555902004454343,2496,4490,-0.09146272696515167,not_evaluated,,False,,False
7,hardclip,125,64,0.12100504625735913,0.14065637592479635,0.7874544945393447,5624,0.7607112853542425,7142,32,0.5571182350913478,8081,14505,0.021692152544814658,not_evaluated,,,,False
7,hardclip,150,32,0.01618020304568528,0.01708125050046208,0.9330829634687606,2733,0.9327415500170707,2929,32,0.41765913757700207,2034,4870,0.0777038457200857,not_evaluated,,False,,False
7,hardclip,150,64,0.0,0.0,0.391304347826087,72,0.391304347826087,184,13,0.9159442140972484,7290,7959,0.018975488279240157,not_evaluated,,,,False
7,hardclip,175,32,0.0,0.0,0.45977011494252873,440,0.44723092998955066,957,32,0.7168256721595837,1653,2306,-0.01308221495432503,not_evaluated,,False,,False
7,hardclip,175,64,0.0,0.0,0.5512740832815414,887,0.5413300186451212,1609,24,0.8417287630402385,2824,3355,-0.01399493712568688,not_evaluated,,,,False
7,hardclip,200,32,0.0266497461928934,0.04614470976430878,0.8121165644171779,2118,0.8071319018404908,2608,32,0.582078678970374,2397,4118,-0.007217773767903446,not_evaluated,,False,,False
7,hardclip,200,64,0.0,0.0,0.31158238172920066,191,0.300163132137031,613,15,0.9525353090993286,4114,4319,-0.005371586161476878,not_evaluated,,,,False
7,hardclip,225,32,0.024746192893401017,0.021928155219087336,0.2295880149812734,613,0.22134831460674156,2670,32,0.9019923525860334,4482,4969,-0.21912710048494416,not_evaluated,,False,,False
7,hardclip,225,64,0.0,0.0,0.16666666666666666,2,0.16666666666666666,12,3,0.9404712114875227,6746,7173,0.015641400316944165,not_evaluated,,,,False
7,hardclip,250,32,0.050761421319796954,0.07858017471488021,0.11596696490020647,337,0.11596696490020647,2906,32,0.9477656405163853,4772,5035,-0.28747039584978007,not_evaluated,,False,,False
7,hardclip,250,64,0.013877207737594618,0.012018431486079641,0.009708737864077669,2,0.009708737864077669,206,16,0.9367017701097916,8361,8926,0.013994937125686883,not_evaluated,,,,False
7,hardclip,275,32,0.05298223350253807,0.056555996540221344,0.17041912019397298,492,0.16799445791479045,2887,32,0.9274447949526814,4410,4755,-0.26931318371489793,not_evaluated,,False,,False
7,hardclip,275,64,0.1968040370058873,0.2281308350427195,0.6361978850127629,5234,0.6098213200437583,8227,32,0.6282916697574364,8470,13481,-0.02414126654180987,not_evaluated,,,,False
7,hardclip,300,32,0.0717005076142132,0.09525741468606574,0.060710589858571924,176,0.05933080372542256,2899,32,0.9645922746781116,5394,5592,-0.2958159467689185,full,0.025671408816138275,False,False,True
7,hardclip,300,64,0.03227502102607233,0.03246951414143713,0.2517301038062284,582,0.2491349480968858,2312,31,0.9281037360380023,7229,7789,-0.03200312828006339,full,0.035036975811678306,,False,True
