condition,size,T,band,mean,pooled,correct,pixels,eligible_maps,ba_original,ba_flipped
full,32,8,all_changed,0.25832031920037646,0.22093156986774007,1921,8695,32,0.8001883029937744,0.755813479423523
full,32,8,0_8,0.9917623014456112,0.9906213364595545,1690,1706,32,0.8001883029937744,0.755813479423523
full,32,8,8_16,0.10968676228086684,0.103125,231,2240,32,0.8001883029937744,0.755813479423523
full,32,8,equal_16,0.0,0.0,0,276,32,0.8001883029937744,0.755813479423523
full,32,8,strict_16_32,0.0,0.0,0,2918,32,0.8001883029937744,0.755813479423523
full,32,8,32_64,0.0,0.0,0,1555,18,0.8001883029937744,0.755813479423523
full,32,8,64_128,,,0,0,0,0.8001883029937744,0.755813479423523
full,32,8,128_inf,,,0,0,0,0.8001883029937744,0.755813479423523
full,32,8,far_gt16,0.0,0.0,0,4473,32,0.8001883029937744,0.755813479423523
full,32,8,far_gt32,0.0,0.0,0,1418,17,0.8001883029937744,0.755813479423523
full,32,8,r_le1,0.4771796351822718,0.45499763145428707,1921,4222,32,0.8001883029937744,0.755813479423523
full,32,8,r_1_2,0.0,0.0,0,3055,32,0.8001883029937744,0.755813479423523
full,32,8,r_gt2,0.0,0.0,0,1418,17,0.8001883029937744,0.755813479423523
full,32,8,outside_forward_lightcone,0.0,0.0,0,4473,32,0.8001883029937744,0.755813479423523
full,32,16,all_changed,0.4469244890263353,0.39160437032777456,3405,8695,32,0.8837214708328247,0.8485465049743652
full,32,16,0_8,1.0,1.0,1706,1706,32,0.8837214708328247,0.8485465049743652
full,32,16,8_16,0.757105695463632,0.7584821428571429,1699,2240,32,0.8837214708328247,0.8485465049743652
full,32,16,equal_16,0.0,0.0,0,276,32,0.8837214708328247,0.8485465049743652
full,32,16,strict_16_32,0.0,0.0,0,2918,32,0.8837214708328247,0.8485465049743652
full,32,16,32_64,0.0,0.0,0,1555,18,0.8837214708328247,0.8485465049743652
full,32,16,64_128,,,0,0,0,0.8837214708328247,0.8485465049743652
full,32,16,128_inf,,,0,0,0,0.8837214708328247,0.8485465049743652
full,32,16,far_gt16,0.0,0.0,0,4473,32,0.8837214708328247,0.8485465049743652
full,32,16,far_gt32,0.0,0.0,0,1418,17,0.8837214708328247,0.8485465049743652
full,32,16,r_le1,0.8091306344562902,0.8064898152534344,3405,4222,32,0.8837214708328247,0.8485465049743652
full,32,16,r_1_2,0.0,0.0,0,3055,32,0.8837214708328247,0.8485465049743652
full,32,16,r_gt2,0.0,0.0,0,1418,17,0.8837214708328247,0.8485465049743652
full,32,16,outside_forward_lightcone,0.0,0.0,0,1418,17,0.8837214708328247,0.8485465049743652
full,32,32,all_changed,0.6677947748739221,0.6036802760207015,5249,8695,32,0.9367160797119141,0.9190217852592468
full,32,32,0_8,1.0,1.0,1706,1706,32,0.9367160797119141,0.9190217852592468
full,32,32,8_16,0.992726023976024,0.9946428571428572,2228,2240,32,0.9367160797119141,0.9190217852592468
full,32,32,equal_16,0.9674479166666667,0.9492753623188406,262,276,32,0.9367160797119141,0.9190217852592468
full,32,32,strict_16_32,0.4262084091977114,0.3608636052090473,1053,2918,32,0.9367160797119141,0.9190217852592468
full,32,32,32_64,0.0,0.0,0,1555,18,0.9367160797119141,0.9190217852592468
full,32,32,64_128,,,0,0,0,0.9367160797119141,0.9190217852592468
full,32,32,128_inf,,,0,0,0,0.9367160797119141,0.9190217852592468
full,32,32,far_gt16,0.3711682512275579,0.23541247484909456,1053,4473,32,0.9367160797119141,0.9190217852592468
full,32,32,far_gt32,0.0,0.0,0,1418,17,0.9367160797119141,0.9190217852592468
full,32,32,r_le1,0.9925832928248128,0.9938417811463761,4196,4222,32,0.9367160797119141,0.9190217852592468
full,32,32,r_1_2,0.4156076627867172,0.3446808510638298,1053,3055,32,0.9367160797119141,0.9190217852592468
full,32,32,r_gt2,0.0,0.0,0,1418,17,0.9367160797119141,0.9190217852592468
full,32,32,outside_forward_lightcone,,,0,0,0,0.9367160797119141,0.9190217852592468
full,32,64,all_changed,0.8436343211300947,0.7884991374353076,6856,8695,32,0.9698113203048706,0.9685815572738647
full,32,64,0_8,1.0,1.0,1706,1706,32,0.9698113203048706,0.9685815572738647
full,32,64,8_16,1.0,1.0,2240,2240,32,0.9698113203048706,0.9685815572738647
full,32,64,equal_16,1.0,1.0,276,276,32,0.9698113203048706,0.9685815572738647
full,32,64,strict_16_32,0.8889380863613643,0.8591501028101439,2507,2918,32,0.9698113203048706,0.9685815572738647
full,32,64,32_64,0.16634401642850263,0.08167202572347267,127,1555,18,0.9698113203048706,0.9685815572738647
full,32,64,64_128,,,0,0,0,0.9698113203048706,0.9685815572738647
full,32,64,128_inf,,,0,0,0,0.9698113203048706,0.9685815572738647
full,32,64,far_gt16,0.7493158787016881,0.5888665325285044,2634,4473,32,0.9698113203048706,0.9685815572738647
full,32,64,far_gt32,0.122042961232619,0.05289139633286319,75,1418,17,0.9698113203048706,0.9685815572738647
full,32,64,r_le1,1.0,1.0,4222,4222,32,0.9698113203048706,0.9685815572738647
full,32,64,r_1_2,0.8733579914928685,0.8376432078559738,2559,3055,32,0.9698113203048706,0.9685815572738647
full,32,64,r_gt2,0.122042961232619,0.05289139633286319,75,1418,17,0.9698113203048706,0.9685815572738647
full,32,64,outside_forward_lightcone,,,0,0,0,0.9698113203048706,0.9685815572738647
full,32,128,all_changed,0.9556039946251571,0.9201840138010351,8001,8695,32,0.9907637238502502,0.990175187587738
full,32,128,0_8,1.0,1.0,1706,1706,32,0.9907637238502502,0.990175187587738
full,32,128,8_16,1.0,1.0,2240,2240,32,0.9907637238502502,0.990175187587738
full,32,128,equal_16,1.0,1.0,276,276,32,0.9907637238502502,0.990175187587738
full,32,128,strict_16_32,0.996444610778443,0.9934886908841672,2899,2918,32,0.9907637238502502,0.990175187587738
full,32,128,32_64,0.7978734533599424,0.5659163987138264,880,1555,18,0.9907637238502502,0.990175187587738
full,32,128,64_128,,,0,0,0,0.9907637238502502,0.990175187587738
full,32,128,128_inf,,,0,0,0,0.9907637238502502,0.990175187587738
full,32,128,far_gt16,0.9370025383345166,0.844846858931366,3779,4473,32,0.9907637238502502,0.990175187587738
full,32,128,far_gt32,0.7701338910803605,0.5289139633286318,750,1418,17,0.9907637238502502,0.990175187587738
full,32,128,r_le1,1.0,1.0,4222,4222,32,0.9907637238502502,0.990175187587738
full,32,128,r_1_2,0.9954169433918038,0.9914893617021276,3029,3055,32,0.9907637238502502,0.990175187587738
full,32,128,r_gt2,0.7701338910803605,0.5289139633286318,750,1418,17,0.9907637238502502,0.990175187587738
full,32,128,outside_forward_lightcone,,,0,0,0,0.9907637238502502,0.990175187587738
full,32,256,all_changed,0.977810690240033,0.954801610120759,8302,8695,32,0.9944358468055725,0.9955612421035767
full,32,256,0_8,1.0,1.0,1706,1706,32,0.9944358468055725,0.9955612421035767
full,32,256,8_16,1.0,1.0,2240,2240,32,0.9944358468055725,0.9955612421035767
full,32,256,equal_16,1.0,1.0,276,276,32,0.9944358468055725,0.9955612421035767
full,32,256,strict_16_32,1.0,1.0,2918,2918,32,0.9944358468055725,0.9955612421035767
full,32,256,32_64,0.9185827417386707,0.7472668810289389,1162,1555,18,0.9944358468055725,0.9955612421035767
full,32,256,64_128,,,0,0,0,0.9944358468055725,0.9955612421035767
full,32,256,128_inf,,,0,0,0,0.9944358468055725,0.9955612421035767
full,32,256,far_gt16,0.9717305443488201,0.9121395036887995,4080,4473,32,0.9944358468055725,0.9955612421035767
full,32,256,far_gt32,0.9080764226211067,0.7228490832157969,1025,1418,17,0.9944358468055725,0.9955612421035767
full,32,256,r_le1,1.0,1.0,4222,4222,32,0.9944358468055725,0.9955612421035767
full,32,256,r_1_2,1.0,1.0,3055,3055,32,0.9944358468055725,0.9955612421035767
full,32,256,r_gt2,0.9080764226211067,0.7228490832157969,1025,1418,17,0.9944358468055725,0.9955612421035767
full,32,256,outside_forward_lightcone,,,0,0,0,0.9944358468055725,0.9955612421035767
full,64,8,all_changed,0.0875688267709095,0.06947587580338553,3070,44188,32,0.6343336701393127,0.6258967518806458
full,64,8,0_8,0.9918810620588638,0.9917485265225933,2524,2545,32,0.6343336701393127,0.6258967518806458
full,64,8,8_16,0.1270178261317501,0.12106430155210643,546,4510,32,0.6343336701393127,0.6258967518806458
full,64,8,equal_16,0.0,0.0,0,534,32,0.6343336701393127,0.6258967518806458
full,64,8,strict_16_32,0.0,0.0,0,8618,32,0.6343336701393127,0.6258967518806458
full,64,8,32_64,0.0,0.0,0,15892,32,0.6343336701393127,0.6258967518806458
full,64,8,64_128,0.0,0.0,0,11718,24,0.6343336701393127,0.6258967518806458
full,64,8,128_inf,0.0,0.0,0,371,3,0.6343336701393127,0.6258967518806458
full,64,8,far_gt16,0.0,0.0,0,36599,32,0.6343336701393127,0.6258967518806458
full,64,8,far_gt32,0.0,0.0,0,27436,32,0.6343336701393127,0.6258967518806458
full,64,8,r_le1,0.4128786460383287,0.40453287653182235,3070,7589,32,0.6343336701393127,0.6258967518806458
full,64,8,r_1_2,0.0,0.0,0,9163,32,0.6343336701393127,0.6258967518806458
full,64,8,r_gt2,0.0,0.0,0,27436,32,0.6343336701393127,0.6258967518806458
full,64,8,outside_forward_lightcone,0.0,0.0,0,36599,32,0.6343336701393127,0.6258967518806458
full,64,16,all_changed,0.17924899469047378,0.14191635738209468,6271,44188,32,0.7616663575172424,0.7450408935546875
full,64,16,0_8,0.9773706896551724,0.9752455795677799,2482,2545,32,0.7616663575172424,0.7450408935546875
full,64,16,8_16,0.8521003701452733,0.8401330376940133,3789,4510,32,0.7616663575172424,0.7450408935546875
full,64,16,equal_16,0.0,0.0,0,534,32,0.7616663575172424,0.7450408935546875
full,64,16,strict_16_32,0.0,0.0,0,8618,32,0.7616663575172424,0.7450408935546875
full,64,16,32_64,0.0,0.0,0,15892,32,0.7616663575172424,0.7450408935546875
full,64,16,64_128,0.0,0.0,0,11718,24,0.7616663575172424,0.7450408935546875
full,64,16,128_inf,0.0,0.0,0,371,3,0.7616663575172424,0.7450408935546875
full,64,16,far_gt16,0.0,0.0,0,36599,32,0.7616663575172424,0.7450408935546875
full,64,16,far_gt32,0.0,0.0,0,27436,32,0.7616663575172424,0.7450408935546875
full,64,16,r_le1,0.8351616482371702,0.8263275793912241,6271,7589,32,0.7616663575172424,0.7450408935546875
full,64,16,r_1_2,0.0,0.0,0,9163,32,0.7616663575172424,0.7450408935546875
full,64,16,r_gt2,0.0,0.0,0,27436,32,0.7616663575172424,0.7450408935546875
full,64,16,outside_forward_lightcone,0.0,0.0,0,27436,32,0.7616663575172424,0.7450408935546875
full,64,32,all_changed,0.32318071878769383,0.25728704625690235,11369,44188,32,0.8531311750411987,0.8293572664260864
full,64,32,0_8,0.96875,0.9658153241650295,2458,2545,32,0.8531311750411987,0.8293572664260864
full,64,32,8_16,0.9668387739084937,0.9620842572062084,4339,4510,32,0.8531311750411987,0.8293572664260864
full,64,32,equal_16,0.9670632102272727,0.9625468164794008,514,534,32,0.8531311750411987,0.8293572664260864
full,64,32,strict_16_32,0.46585479720508893,0.4708749129728475,4058,8618,32,0.8531311750411987,0.8293572664260864
full,64,32,32_64,0.0,0.0,0,15892,32,0.8531311750411987,0.8293572664260864
full,64,32,64_128,0.0,0.0,0,11718,24,0.8531311750411987,0.8293572664260864
full,64,32,128_inf,0.0,0.0,0,371,3,0.8531311750411987,0.8293572664260864
full,64,32,far_gt16,0.16271545659174452,0.11087734637558404,4058,36599,32,0.8531311750411987,0.8293572664260864
full,64,32,far_gt32,0.0,0.0,0,27436,32,0.8531311750411987,0.8293572664260864
full,64,32,r_le1,0.967957925226947,0.9633680326788773,7311,7589,32,0.8531311750411987,0.8293572664260864
full,64,32,r_1_2,0.43882054089116984,0.44286805631343445,4058,9163,32,0.8531311750411987,0.8293572664260864
full,64,32,r_gt2,0.0,0.0,0,27436,32,0.8531311750411987,0.8293572664260864
full,64,32,outside_forward_lightcone,0.0,0.0,0,11629,24,0.8531311750411987,0.8293572664260864
full,64,64,all_changed,0.5246217731504321,0.43188195890286957,19084,44188,32,0.9384111166000366,0.8873114585876465
full,64,64,0_8,0.9375,0.9328094302554027,2374,2545,32,0.9384111166000366,0.8873114585876465
full,64,64,8_16,0.9375,0.9401330376940134,4240,4510,32,0.9384111166000366,0.8873114585876465
full,64,64,equal_16,0.9375,0.9438202247191011,504,534,32,0.9384111166000366,0.8873114585876465
full,64,64,strict_16_32,0.9301408768673849,0.9350197261545602,8058,8618,32,0.9384111166000366,0.8873114585876465
full,64,64,32_64,0.3444977886098606,0.24590989176944375,3908,15892,32,0.9384111166000366,0.8873114585876465
full,64,64,64_128,0.0,0.0,0,11718,24,0.9384111166000366,0.8873114585876465
full,64,64,128_inf,0.0,0.0,0,371,3,0.9384111166000366,0.8873114585876465
full,64,64,far_gt16,0.4436836368086824,0.3269488237383535,11966,36599,32,0.9384111166000366,0.8873114585876465
full,64,64,far_gt32,0.2631864231948753,0.12483598192156291,3425,27436,32,0.9384111166000366,0.8873114585876465
full,64,64,r_le1,0.9375,0.9379364870206879,7118,7589,32,0.9384111166000366,0.8873114585876465
full,64,64,r_1_2,0.9291785831929883,0.932118301866201,8541,9163,32,0.9384111166000366,0.8873114585876465
full,64,64,r_gt2,0.2631864231948753,0.12483598192156291,3425,27436,32,0.9384111166000366,0.8873114585876465
full,64,64,outside_forward_lightcone,0.0,0.0,0,337,3,0.9384111166000366,0.8873114585876465
full,64,128,all_changed,0.6789665407953742,0.5958857608400471,26331,44188,32,0.9675559997558594,0.9193484783172607
full,64,128,0_8,0.9375,0.9328094302554027,2374,2545,32,0.9675559997558594,0.9193484783172607
full,64,128,8_16,0.9375,0.9401330376940134,4240,4510,32,0.9675559997558594,0.9193484783172607
full,64,128,equal_16,0.9375,0.9438202247191011,504,534,32,0.9675559997558594,0.9193484783172607
full,64,128,strict_16_32,0.9338849614395887,0.9432582965885357,8129,8618,32,0.9675559997558594,0.9193484783172607
full,64,128,32_64,0.7471793326441349,0.6815378806946891,10831,15892,32,0.9675559997558594,0.9193484783172607
full,64,128,64_128,0.09429531420630932,0.021590715139102237,253,11718,24,0.9675559997558594,0.9193484783172607
full,64,128,128_inf,0.0,0.0,0,371,3,0.9675559997558594,0.9193484783172607
full,64,128,far_gt16,0.6345893865893026,0.524959698352414,19213,36599,32,0.9675559997558594,0.9193484783172607
full,64,128,far_gt32,0.5577856581302454,0.3859527627934101,10589,27436,32,0.9675559997558594,0.9193484783172607
full,64,128,r_le1,0.9375,0.9379364870206879,7118,7589,32,0.9675559997558594,0.9193484783172607
full,64,128,r_1_2,0.9334463443396226,0.9411764705882353,8624,9163,32,0.9675559997558594,0.9193484783172607
full,64,128,r_gt2,0.5577856581302454,0.3859527627934101,10589,27436,32,0.9675559997558594,0.9193484783172607
full,64,128,outside_forward_lightcone,,,0,0,0,0.9675559997558594,0.9193484783172607
full,64,256,all_changed,0.7974419344223895,0.7264868290033494,32102,44188,32,0.9824604392051697,0.9407313466072083
full,64,256,0_8,0.9375,0.9328094302554027,2374,2545,32,0.9824604392051697,0.9407313466072083
full,64,256,8_16,0.9375,0.9401330376940134,4240,4510,32,0.9824604392051697,0.9407313466072083
full,64,256,equal_16,0.9375,0.9438202247191011,504,534,32,0.9824604392051697,0.9407313466072083
full,64,256,strict_16_32,0.9375,0.9484799257368299,8174,8618,32,0.9824604392051697,0.9407313466072083
full,64,256,32_64,0.9065343859076107,0.8847218726403222,14060,15892,32,0.9824604392051697,0.9407313466072083
full,64,256,64_128,0.49989498517705167,0.23468168629458952,2750,11718,24,0.9824604392051697,0.9407313466072083
full,64,256,128_inf,0.0,0.0,0,371,3,0.9824604392051697,0.9407313466072083
full,64,256,far_gt16,0.7772504246121748,0.6826416022295692,24984,36599,32,0.9824604392051697,0.9407313466072083
full,64,256,far_gt32,0.749900691258865,0.5942921708703893,16305,27436,32,0.9824604392051697,0.9407313466072083
full,64,256,r_le1,0.9375,0.9379364870206879,7118,7589,32,0.9824604392051697,0.9407313466072083
full,64,256,r_1_2,0.9375,0.9471788715486195,8679,9163,32,0.9824604392051697,0.9407313466072083
full,64,256,r_gt2,0.749900691258865,0.5942921708703893,16305,27436,32,0.9824604392051697,0.9407313466072083
full,64,256,outside_forward_lightcone,,,0,0,0,0.9824604392051697,0.9407313466072083
no_transport,32,8,all_changed,0.1314130435787971,0.11075330649798736,963,8695,32,0.6880784034729004,0.6547720432281494
no_transport,32,8,0_8,0.5525966993416456,0.5310668229777257,906,1706,32,0.6880784034729004,0.6547720432281494
no_transport,32,8,8_16,0.03193944550841293,0.02544642857142857,57,2240,32,0.6880784034729004,0.6547720432281494
no_transport,32,8,equal_16,0.0,0.0,0,276,32,0.6880784034729004,0.6547720432281494
no_transport,32,8,strict_16_32,0.0,0.0,0,2918,32,0.6880784034729004,0.6547720432281494
no_transport,32,8,32_64,0.0,0.0,0,1555,18,0.6880784034729004,0.6547720432281494
no_transport,32,8,64_128,,,0,0,0,0.6880784034729004,0.6547720432281494
no_transport,32,8,128_inf,,,0,0,0,0.6880784034729004,0.6547720432281494
no_transport,32,8,far_gt16,0.0,0.0,0,4473,32,0.6880784034729004,0.6547720432281494
no_transport,32,8,far_gt32,0.0,0.0,0,1418,17,0.6880784034729004,0.6547720432281494
no_transport,32,8,r_le1,0.252061339347295,0.2280909521553766,963,4222,32,0.6880784034729004,0.6547720432281494
no_transport,32,8,r_1_2,0.0,0.0,0,3055,32,0.6880784034729004,0.6547720432281494
no_transport,32,8,r_gt2,0.0,0.0,0,1418,17,0.6880784034729004,0.6547720432281494
no_transport,32,8,outside_forward_lightcone,0.0,0.0,0,4473,32,0.6880784034729004,0.6547720432281494
no_transport,32,16,all_changed,0.14748652214879138,0.1227142035652674,1067,8695,32,0.7097179889678955,0.6616367101669312
no_transport,32,16,0_8,0.6407919250755763,0.6254396248534584,1067,1706,32,0.7097179889678955,0.6616367101669312
no_transport,32,16,8_16,0.0,0.0,0,2240,32,0.7097179889678955,0.6616367101669312
no_transport,32,16,equal_16,0.0,0.0,0,276,32,0.7097179889678955,0.6616367101669312
no_transport,32,16,strict_16_32,0.0,0.0,0,2918,32,0.7097179889678955,0.6616367101669312
no_transport,32,16,32_64,0.0,0.0,0,1555,18,0.7097179889678955,0.6616367101669312
no_transport,32,16,64_128,,,0,0,0,0.7097179889678955,0.6616367101669312
no_transport,32,16,128_inf,,,0,0,0,0.7097179889678955,0.6616367101669312
no_transport,32,16,far_gt16,0.0,0.0,0,4473,32,0.7097179889678955,0.6616367101669312
no_transport,32,16,far_gt32,0.0,0.0,0,1418,17,0.7097179889678955,0.6616367101669312
no_transport,32,16,r_le1,0.28321180568624227,0.2527238275698721,1067,4222,32,0.7097179889678955,0.6616367101669312
no_transport,32,16,r_1_2,0.0,0.0,0,3055,32,0.7097179889678955,0.6616367101669312
no_transport,32,16,r_gt2,0.0,0.0,0,1418,17,0.7097179889678955,0.6616367101669312
no_transport,32,16,outside_forward_lightcone,0.0,0.0,0,1418,17,0.7097179889678955,0.6616367101669312
no_transport,32,32,all_changed,0.0,0.0,0,8695,32,0.5,0.484375
no_transport,32,32,0_8,0.0,0.0,0,1706,32,0.5,0.484375
no_transport,32,32,8_16,0.0,0.0,0,2240,32,0.5,0.484375
no_transport,32,32,equal_16,0.0,0.0,0,276,32,0.5,0.484375
no_transport,32,32,strict_16_32,0.0,0.0,0,2918,32,0.5,0.484375
no_transport,32,32,32_64,0.0,0.0,0,1555,18,0.5,0.484375
no_transport,32,32,64_128,,,0,0,0,0.5,0.484375
no_transport,32,32,128_inf,,,0,0,0,0.5,0.484375
no_transport,32,32,far_gt16,0.0,0.0,0,4473,32,0.5,0.484375
no_transport,32,32,far_gt32,0.0,0.0,0,1418,17,0.5,0.484375
no_transport,32,32,r_le1,0.0,0.0,0,4222,32,0.5,0.484375
no_transport,32,32,r_1_2,0.0,0.0,0,3055,32,0.5,0.484375
no_transport,32,32,r_gt2,0.0,0.0,0,1418,17,0.5,0.484375
no_transport,32,32,outside_forward_lightcone,,,0,0,0,0.5,0.484375
no_transport,32,64,all_changed,0.0,0.0,0,8695,32,0.5,0.484375
no_transport,32,64,0_8,0.0,0.0,0,1706,32,0.5,0.484375
no_transport,32,64,8_16,0.0,0.0,0,2240,32,0.5,0.484375
no_transport,32,64,equal_16,0.0,0.0,0,276,32,0.5,0.484375
no_transport,32,64,strict_16_32,0.0,0.0,0,2918,32,0.5,0.484375
no_transport,32,64,32_64,0.0,0.0,0,1555,18,0.5,0.484375
no_transport,32,64,64_128,,,0,0,0,0.5,0.484375
no_transport,32,64,128_inf,,,0,0,0,0.5,0.484375
no_transport,32,64,far_gt16,0.0,0.0,0,4473,32,0.5,0.484375
no_transport,32,64,far_gt32,0.0,0.0,0,1418,17,0.5,0.484375
no_transport,32,64,r_le1,0.0,0.0,0,4222,32,0.5,0.484375
no_transport,32,64,r_1_2,0.0,0.0,0,3055,32,0.5,0.484375
no_transport,32,64,r_gt2,0.0,0.0,0,1418,17,0.5,0.484375
no_transport,32,64,outside_forward_lightcone,,,0,0,0,0.5,0.484375
no_transport,32,128,all_changed,0.0,0.0,0,8695,32,0.5,0.484375
no_transport,32,128,0_8,0.0,0.0,0,1706,32,0.5,0.484375
no_transport,32,128,8_16,0.0,0.0,0,2240,32,0.5,0.484375
no_transport,32,128,equal_16,0.0,0.0,0,276,32,0.5,0.484375
no_transport,32,128,strict_16_32,0.0,0.0,0,2918,32,0.5,0.484375
no_transport,32,128,32_64,0.0,0.0,0,1555,18,0.5,0.484375
no_transport,32,128,64_128,,,0,0,0,0.5,0.484375
no_transport,32,128,128_inf,,,0,0,0,0.5,0.484375
no_transport,32,128,far_gt16,0.0,0.0,0,4473,32,0.5,0.484375
no_transport,32,128,far_gt32,0.0,0.0,0,1418,17,0.5,0.484375
no_transport,32,128,r_le1,0.0,0.0,0,4222,32,0.5,0.484375
no_transport,32,128,r_1_2,0.0,0.0,0,3055,32,0.5,0.484375
no_transport,32,128,r_gt2,0.0,0.0,0,1418,17,0.5,0.484375
no_transport,32,128,outside_forward_lightcone,,,0,0,0,0.5,0.484375
no_transport,32,256,all_changed,0.0,0.0,0,8695,32,0.5,0.484375
no_transport,32,256,0_8,0.0,0.0,0,1706,32,0.5,0.484375
no_transport,32,256,8_16,0.0,0.0,0,2240,32,0.5,0.484375
no_transport,32,256,equal_16,0.0,0.0,0,276,32,0.5,0.484375
no_transport,32,256,strict_16_32,0.0,0.0,0,2918,32,0.5,0.484375
no_transport,32,256,32_64,0.0,0.0,0,1555,18,0.5,0.484375
no_transport,32,256,64_128,,,0,0,0,0.5,0.484375
no_transport,32,256,128_inf,,,0,0,0,0.5,0.484375
no_transport,32,256,far_gt16,0.0,0.0,0,4473,32,0.5,0.484375
no_transport,32,256,far_gt32,0.0,0.0,0,1418,17,0.5,0.484375
no_transport,32,256,r_le1,0.0,0.0,0,4222,32,0.5,0.484375
no_transport,32,256,r_1_2,0.0,0.0,0,3055,32,0.5,0.484375
no_transport,32,256,r_gt2,0.0,0.0,0,1418,17,0.5,0.484375
no_transport,32,256,outside_forward_lightcone,,,0,0,0,0.5,0.484375
no_transport,64,8,all_changed,0.040620775647358845,0.032452249479496695,1434,44188,32,0.5658671259880066,0.5569466352462769
no_transport,64,8,0_8,0.5055586934576013,0.4860510805500982,1237,2545,32,0.5658671259880066,0.5569466352462769
no_transport,64,8,8_16,0.047016182051789736,0.04368070953436807,197,4510,32,0.5658671259880066,0.5569466352462769
no_transport,64,8,equal_16,0.0,0.0,0,534,32,0.5658671259880066,0.5569466352462769
no_transport,64,8,strict_16_32,0.0,0.0,0,8618,32,0.5658671259880066,0.5569466352462769
no_transport,64,8,32_64,0.0,0.0,0,15892,32,0.5658671259880066,0.5569466352462769
no_transport,64,8,64_128,0.0,0.0,0,11718,24,0.5658671259880066,0.5569466352462769
no_transport,64,8,128_inf,0.0,0.0,0,371,3,0.5658671259880066,0.5569466352462769
no_transport,64,8,far_gt16,0.0,0.0,0,36599,32,0.5658671259880066,0.5569466352462769
no_transport,64,8,far_gt32,0.0,0.0,0,27436,32,0.5658671259880066,0.5569466352462769
no_transport,64,8,r_le1,0.19436157022632966,0.1889577019370141,1434,7589,32,0.5658671259880066,0.5569466352462769
no_transport,64,8,r_1_2,0.0,0.0,0,9163,32,0.5658671259880066,0.5569466352462769
no_transport,64,8,r_gt2,0.0,0.0,0,27436,32,0.5658671259880066,0.5569466352462769
no_transport,64,8,outside_forward_lightcone,0.0,0.0,0,36599,32,0.5658671259880066,0.5569466352462769
no_transport,64,16,all_changed,0.04923395158129763,0.039015117226396306,1724,44188,32,0.5751568078994751,0.5724385976791382
no_transport,64,16,0_8,0.6603978792723041,0.6774066797642436,1724,2545,32,0.5751568078994751,0.5724385976791382
no_transport,64,16,8_16,0.0,0.0,0,4510,32,0.5751568078994751,0.5724385976791382
no_transport,64,16,equal_16,0.0,0.0,0,534,32,0.5751568078994751,0.5724385976791382
no_transport,64,16,strict_16_32,0.0,0.0,0,8618,32,0.5751568078994751,0.5724385976791382
no_transport,64,16,32_64,0.0,0.0,0,15892,32,0.5751568078994751,0.5724385976791382
no_transport,64,16,64_128,0.0,0.0,0,11718,24,0.5751568078994751,0.5724385976791382
no_transport,64,16,128_inf,0.0,0.0,0,371,3,0.5751568078994751,0.5724385976791382
no_transport,64,16,far_gt16,0.0,0.0,0,36599,32,0.5751568078994751,0.5724385976791382
no_transport,64,16,far_gt32,0.0,0.0,0,27436,32,0.5751568078994751,0.5724385976791382
no_transport,64,16,r_le1,0.23265147021335802,0.2271709052576097,1724,7589,32,0.5751568078994751,0.5724385976791382
no_transport,64,16,r_1_2,0.0,0.0,0,9163,32,0.5751568078994751,0.5724385976791382
no_transport,64,16,r_gt2,0.0,0.0,0,27436,32,0.5751568078994751,0.5724385976791382
no_transport,64,16,outside_forward_lightcone,0.0,0.0,0,27436,32,0.5751568078994751,0.5724385976791382
no_transport,64,32,all_changed,0.0,0.0,0,44188,32,0.5,0.5
no_transport,64,32,0_8,0.0,0.0,0,2545,32,0.5,0.5
no_transport,64,32,8_16,0.0,0.0,0,4510,32,0.5,0.5
no_transport,64,32,equal_16,0.0,0.0,0,534,32,0.5,0.5
no_transport,64,32,strict_16_32,0.0,0.0,0,8618,32,0.5,0.5
no_transport,64,32,32_64,0.0,0.0,0,15892,32,0.5,0.5
no_transport,64,32,64_128,0.0,0.0,0,11718,24,0.5,0.5
no_transport,64,32,128_inf,0.0,0.0,0,371,3,0.5,0.5
no_transport,64,32,far_gt16,0.0,0.0,0,36599,32,0.5,0.5
no_transport,64,32,far_gt32,0.0,0.0,0,27436,32,0.5,0.5
no_transport,64,32,r_le1,0.0,0.0,0,7589,32,0.5,0.5
no_transport,64,32,r_1_2,0.0,0.0,0,9163,32,0.5,0.5
no_transport,64,32,r_gt2,0.0,0.0,0,27436,32,0.5,0.5
no_transport,64,32,outside_forward_lightcone,0.0,0.0,0,11629,24,0.5,0.5
no_transport,64,64,all_changed,0.0,0.0,0,44188,32,0.5,0.5
no_transport,64,64,0_8,0.0,0.0,0,2545,32,0.5,0.5
no_transport,64,64,8_16,0.0,0.0,0,4510,32,0.5,0.5
no_transport,64,64,equal_16,0.0,0.0,0,534,32,0.5,0.5
no_transport,64,64,strict_16_32,0.0,0.0,0,8618,32,0.5,0.5
no_transport,64,64,32_64,0.0,0.0,0,15892,32,0.5,0.5
no_transport,64,64,64_128,0.0,0.0,0,11718,24,0.5,0.5
no_transport,64,64,128_inf,0.0,0.0,0,371,3,0.5,0.5
no_transport,64,64,far_gt16,0.0,0.0,0,36599,32,0.5,0.5
no_transport,64,64,far_gt32,0.0,0.0,0,27436,32,0.5,0.5
no_transport,64,64,r_le1,0.0,0.0,0,7589,32,0.5,0.5
no_transport,64,64,r_1_2,0.0,0.0,0,9163,32,0.5,0.5
no_transport,64,64,r_gt2,0.0,0.0,0,27436,32,0.5,0.5
no_transport,64,64,outside_forward_lightcone,0.0,0.0,0,337,3,0.5,0.5
no_transport,64,128,all_changed,0.0,0.0,0,44188,32,0.5,0.5
no_transport,64,128,0_8,0.0,0.0,0,2545,32,0.5,0.5
no_transport,64,128,8_16,0.0,0.0,0,4510,32,0.5,0.5
no_transport,64,128,equal_16,0.0,0.0,0,534,32,0.5,0.5
no_transport,64,128,strict_16_32,0.0,0.0,0,8618,32,0.5,0.5
no_transport,64,128,32_64,0.0,0.0,0,15892,32,0.5,0.5
no_transport,64,128,64_128,0.0,0.0,0,11718,24,0.5,0.5
no_transport,64,128,128_inf,0.0,0.0,0,371,3,0.5,0.5
no_transport,64,128,far_gt16,0.0,0.0,0,36599,32,0.5,0.5
no_transport,64,128,far_gt32,0.0,0.0,0,27436,32,0.5,0.5
no_transport,64,128,r_le1,0.0,0.0,0,7589,32,0.5,0.5
no_transport,64,128,r_1_2,0.0,0.0,0,9163,32,0.5,0.5
no_transport,64,128,r_gt2,0.0,0.0,0,27436,32,0.5,0.5
no_transport,64,128,outside_forward_lightcone,,,0,0,0,0.5,0.5
no_transport,64,256,all_changed,0.0,0.0,0,44188,32,0.5,0.5
no_transport,64,256,0_8,0.0,0.0,0,2545,32,0.5,0.5
no_transport,64,256,8_16,0.0,0.0,0,4510,32,0.5,0.5
no_transport,64,256,equal_16,0.0,0.0,0,534,32,0.5,0.5
no_transport,64,256,strict_16_32,0.0,0.0,0,8618,32,0.5,0.5
no_transport,64,256,32_64,0.0,0.0,0,15892,32,0.5,0.5
no_transport,64,256,64_128,0.0,0.0,0,11718,24,0.5,0.5
no_transport,64,256,128_inf,0.0,0.0,0,371,3,0.5,0.5
no_transport,64,256,far_gt16,0.0,0.0,0,36599,32,0.5,0.5
no_transport,64,256,far_gt32,0.0,0.0,0,27436,32,0.5,0.5
no_transport,64,256,r_le1,0.0,0.0,0,7589,32,0.5,0.5
no_transport,64,256,r_1_2,0.0,0.0,0,9163,32,0.5,0.5
no_transport,64,256,r_gt2,0.0,0.0,0,27436,32,0.5,0.5
no_transport,64,256,outside_forward_lightcone,,,0,0,0,0.5,0.5
no_perception,32,8,all_changed,0.0,0.0,0,8695,32,0.5,0.484375
no_perception,32,8,0_8,0.0,0.0,0,1706,32,0.5,0.484375
no_perception,32,8,8_16,0.0,0.0,0,2240,32,0.5,0.484375
no_perception,32,8,equal_16,0.0,0.0,0,276,32,0.5,0.484375
no_perception,32,8,strict_16_32,0.0,0.0,0,2918,32,0.5,0.484375
no_perception,32,8,32_64,0.0,0.0,0,1555,18,0.5,0.484375
no_perception,32,8,64_128,,,0,0,0,0.5,0.484375
no_perception,32,8,128_inf,,,0,0,0,0.5,0.484375
no_perception,32,8,far_gt16,0.0,0.0,0,4473,32,0.5,0.484375
no_perception,32,8,far_gt32,0.0,0.0,0,1418,17,0.5,0.484375
no_perception,32,8,r_le1,0.0,0.0,0,4222,32,0.5,0.484375
no_perception,32,8,r_1_2,0.0,0.0,0,3055,32,0.5,0.484375
no_perception,32,8,r_gt2,0.0,0.0,0,1418,17,0.5,0.484375
no_perception,32,8,outside_forward_lightcone,0.0,0.0,0,4473,32,0.5,0.484375
no_perception,32,16,all_changed,0.0,0.0,0,8695,32,0.5,0.484375
no_perception,32,16,0_8,0.0,0.0,0,1706,32,0.5,0.484375
no_perception,32,16,8_16,0.0,0.0,0,2240,32,0.5,0.484375
no_perception,32,16,equal_16,0.0,0.0,0,276,32,0.5,0.484375
no_perception,32,16,strict_16_32,0.0,0.0,0,2918,32,0.5,0.484375
no_perception,32,16,32_64,0.0,0.0,0,1555,18,0.5,0.484375
no_perception,32,16,64_128,,,0,0,0,0.5,0.484375
no_perception,32,16,128_inf,,,0,0,0,0.5,0.484375
no_perception,32,16,far_gt16,0.0,0.0,0,4473,32,0.5,0.484375
no_perception,32,16,far_gt32,0.0,0.0,0,1418,17,0.5,0.484375
no_perception,32,16,r_le1,0.0,0.0,0,4222,32,0.5,0.484375
no_perception,32,16,r_1_2,0.0,0.0,0,3055,32,0.5,0.484375
no_perception,32,16,r_gt2,0.0,0.0,0,1418,17,0.5,0.484375
no_perception,32,16,outside_forward_lightcone,0.0,0.0,0,1418,17,0.5,0.484375
no_perception,32,32,all_changed,0.0,0.0,0,8695,32,0.5,0.484375
no_perception,32,32,0_8,0.0,0.0,0,1706,32,0.5,0.484375
no_perception,32,32,8_16,0.0,0.0,0,2240,32,0.5,0.484375
no_perception,32,32,equal_16,0.0,0.0,0,276,32,0.5,0.484375
no_perception,32,32,strict_16_32,0.0,0.0,0,2918,32,0.5,0.484375
no_perception,32,32,32_64,0.0,0.0,0,1555,18,0.5,0.484375
no_perception,32,32,64_128,,,0,0,0,0.5,0.484375
no_perception,32,32,128_inf,,,0,0,0,0.5,0.484375
no_perception,32,32,far_gt16,0.0,0.0,0,4473,32,0.5,0.484375
no_perception,32,32,far_gt32,0.0,0.0,0,1418,17,0.5,0.484375
no_perception,32,32,r_le1,0.0,0.0,0,4222,32,0.5,0.484375
no_perception,32,32,r_1_2,0.0,0.0,0,3055,32,0.5,0.484375
no_perception,32,32,r_gt2,0.0,0.0,0,1418,17,0.5,0.484375
no_perception,32,32,outside_forward_lightcone,,,0,0,0,0.5,0.484375
no_perception,32,64,all_changed,0.0,0.0,0,8695,32,0.5,0.484375
no_perception,32,64,0_8,0.0,0.0,0,1706,32,0.5,0.484375
no_perception,32,64,8_16,0.0,0.0,0,2240,32,0.5,0.484375
no_perception,32,64,equal_16,0.0,0.0,0,276,32,0.5,0.484375
no_perception,32,64,strict_16_32,0.0,0.0,0,2918,32,0.5,0.484375
no_perception,32,64,32_64,0.0,0.0,0,1555,18,0.5,0.484375
no_perception,32,64,64_128,,,0,0,0,0.5,0.484375
no_perception,32,64,128_inf,,,0,0,0,0.5,0.484375
no_perception,32,64,far_gt16,0.0,0.0,0,4473,32,0.5,0.484375
no_perception,32,64,far_gt32,0.0,0.0,0,1418,17,0.5,0.484375
no_perception,32,64,r_le1,0.0,0.0,0,4222,32,0.5,0.484375
no_perception,32,64,r_1_2,0.0,0.0,0,3055,32,0.5,0.484375
no_perception,32,64,r_gt2,0.0,0.0,0,1418,17,0.5,0.484375
no_perception,32,64,outside_forward_lightcone,,,0,0,0,0.5,0.484375
no_perception,32,128,all_changed,0.0,0.0,0,8695,32,0.5,0.484375
no_perception,32,128,0_8,0.0,0.0,0,1706,32,0.5,0.484375
no_perception,32,128,8_16,0.0,0.0,0,2240,32,0.5,0.484375
no_perception,32,128,equal_16,0.0,0.0,0,276,32,0.5,0.484375
no_perception,32,128,strict_16_32,0.0,0.0,0,2918,32,0.5,0.484375
no_perception,32,128,32_64,0.0,0.0,0,1555,18,0.5,0.484375
no_perception,32,128,64_128,,,0,0,0,0.5,0.484375
no_perception,32,128,128_inf,,,0,0,0,0.5,0.484375
no_perception,32,128,far_gt16,0.0,0.0,0,4473,32,0.5,0.484375
no_perception,32,128,far_gt32,0.0,0.0,0,1418,17,0.5,0.484375
no_perception,32,128,r_le1,0.0,0.0,0,4222,32,0.5,0.484375
no_perception,32,128,r_1_2,0.0,0.0,0,3055,32,0.5,0.484375
no_perception,32,128,r_gt2,0.0,0.0,0,1418,17,0.5,0.484375
no_perception,32,128,outside_forward_lightcone,,,0,0,0,0.5,0.484375
no_perception,32,256,all_changed,0.0,0.0,0,8695,32,0.5,0.484375
no_perception,32,256,0_8,0.0,0.0,0,1706,32,0.5,0.484375
no_perception,32,256,8_16,0.0,0.0,0,2240,32,0.5,0.484375
no_perception,32,256,equal_16,0.0,0.0,0,276,32,0.5,0.484375
no_perception,32,256,strict_16_32,0.0,0.0,0,2918,32,0.5,0.484375
no_perception,32,256,32_64,0.0,0.0,0,1555,18,0.5,0.484375
no_perception,32,256,64_128,,,0,0,0,0.5,0.484375
no_perception,32,256,128_inf,,,0,0,0,0.5,0.484375
no_perception,32,256,far_gt16,0.0,0.0,0,4473,32,0.5,0.484375
no_perception,32,256,far_gt32,0.0,0.0,0,1418,17,0.5,0.484375
no_perception,32,256,r_le1,0.0,0.0,0,4222,32,0.5,0.484375
no_perception,32,256,r_1_2,0.0,0.0,0,3055,32,0.5,0.484375
no_perception,32,256,r_gt2,0.0,0.0,0,1418,17,0.5,0.484375
no_perception,32,256,outside_forward_lightcone,,,0,0,0,0.5,0.484375
no_perception,64,8,all_changed,0.0,0.0,0,44188,32,0.5,0.5
no_perception,64,8,0_8,0.0,0.0,0,2545,32,0.5,0.5
no_perception,64,8,8_16,0.0,0.0,0,4510,32,0.5,0.5
no_perception,64,8,equal_16,0.0,0.0,0,534,32,0.5,0.5
no_perception,64,8,strict_16_32,0.0,0.0,0,8618,32,0.5,0.5
no_perception,64,8,32_64,0.0,0.0,0,15892,32,0.5,0.5
no_perception,64,8,64_128,0.0,0.0,0,11718,24,0.5,0.5
no_perception,64,8,128_inf,0.0,0.0,0,371,3,0.5,0.5
no_perception,64,8,far_gt16,0.0,0.0,0,36599,32,0.5,0.5
no_perception,64,8,far_gt32,0.0,0.0,0,27436,32,0.5,0.5
no_perception,64,8,r_le1,0.0,0.0,0,7589,32,0.5,0.5
no_perception,64,8,r_1_2,0.0,0.0,0,9163,32,0.5,0.5
no_perception,64,8,r_gt2,0.0,0.0,0,27436,32,0.5,0.5
no_perception,64,8,outside_forward_lightcone,0.0,0.0,0,36599,32,0.5,0.5
no_perception,64,16,all_changed,0.0,0.0,0,44188,32,0.5,0.5
no_perception,64,16,0_8,0.0,0.0,0,2545,32,0.5,0.5
no_perception,64,16,8_16,0.0,0.0,0,4510,32,0.5,0.5
no_perception,64,16,equal_16,0.0,0.0,0,534,32,0.5,0.5
no_perception,64,16,strict_16_32,0.0,0.0,0,8618,32,0.5,0.5
no_perception,64,16,32_64,0.0,0.0,0,15892,32,0.5,0.5
no_perception,64,16,64_128,0.0,0.0,0,11718,24,0.5,0.5
no_perception,64,16,128_inf,0.0,0.0,0,371,3,0.5,0.5
no_perception,64,16,far_gt16,0.0,0.0,0,36599,32,0.5,0.5
no_perception,64,16,far_gt32,0.0,0.0,0,27436,32,0.5,0.5
no_perception,64,16,r_le1,0.0,0.0,0,7589,32,0.5,0.5
no_perception,64,16,r_1_2,0.0,0.0,0,9163,32,0.5,0.5
no_perception,64,16,r_gt2,0.0,0.0,0,27436,32,0.5,0.5
no_perception,64,16,outside_forward_lightcone,0.0,0.0,0,27436,32,0.5,0.5
no_perception,64,32,all_changed,0.0,0.0,0,44188,32,0.5,0.5
no_perception,64,32,0_8,0.0,0.0,0,2545,32,0.5,0.5
no_perception,64,32,8_16,0.0,0.0,0,4510,32,0.5,0.5
no_perception,64,32,equal_16,0.0,0.0,0,534,32,0.5,0.5
no_perception,64,32,strict_16_32,0.0,0.0,0,8618,32,0.5,0.5
no_perception,64,32,32_64,0.0,0.0,0,15892,32,0.5,0.5
no_perception,64,32,64_128,0.0,0.0,0,11718,24,0.5,0.5
no_perception,64,32,128_inf,0.0,0.0,0,371,3,0.5,0.5
no_perception,64,32,far_gt16,0.0,0.0,0,36599,32,0.5,0.5
no_perception,64,32,far_gt32,0.0,0.0,0,27436,32,0.5,0.5
no_perception,64,32,r_le1,0.0,0.0,0,7589,32,0.5,0.5
no_perception,64,32,r_1_2,0.0,0.0,0,9163,32,0.5,0.5
no_perception,64,32,r_gt2,0.0,0.0,0,27436,32,0.5,0.5
no_perception,64,32,outside_forward_lightcone,0.0,0.0,0,11629,24,0.5,0.5
no_perception,64,64,all_changed,0.0,0.0,0,44188,32,0.5,0.5
no_perception,64,64,0_8,0.0,0.0,0,2545,32,0.5,0.5
no_perception,64,64,8_16,0.0,0.0,0,4510,32,0.5,0.5
no_perception,64,64,equal_16,0.0,0.0,0,534,32,0.5,0.5
no_perception,64,64,strict_16_32,0.0,0.0,0,8618,32,0.5,0.5
no_perception,64,64,32_64,0.0,0.0,0,15892,32,0.5,0.5
no_perception,64,64,64_128,0.0,0.0,0,11718,24,0.5,0.5
no_perception,64,64,128_inf,0.0,0.0,0,371,3,0.5,0.5
no_perception,64,64,far_gt16,0.0,0.0,0,36599,32,0.5,0.5
no_perception,64,64,far_gt32,0.0,0.0,0,27436,32,0.5,0.5
no_perception,64,64,r_le1,0.0,0.0,0,7589,32,0.5,0.5
no_perception,64,64,r_1_2,0.0,0.0,0,9163,32,0.5,0.5
no_perception,64,64,r_gt2,0.0,0.0,0,27436,32,0.5,0.5
no_perception,64,64,outside_forward_lightcone,0.0,0.0,0,337,3,0.5,0.5
no_perception,64,128,all_changed,0.0,0.0,0,44188,32,0.5,0.5
no_perception,64,128,0_8,0.0,0.0,0,2545,32,0.5,0.5
no_perception,64,128,8_16,0.0,0.0,0,4510,32,0.5,0.5
no_perception,64,128,equal_16,0.0,0.0,0,534,32,0.5,0.5
no_perception,64,128,strict_16_32,0.0,0.0,0,8618,32,0.5,0.5
no_perception,64,128,32_64,0.0,0.0,0,15892,32,0.5,0.5
no_perception,64,128,64_128,0.0,0.0,0,11718,24,0.5,0.5
no_perception,64,128,128_inf,0.0,0.0,0,371,3,0.5,0.5
no_perception,64,128,far_gt16,0.0,0.0,0,36599,32,0.5,0.5
no_perception,64,128,far_gt32,0.0,0.0,0,27436,32,0.5,0.5
no_perception,64,128,r_le1,0.0,0.0,0,7589,32,0.5,0.5
no_perception,64,128,r_1_2,0.0,0.0,0,9163,32,0.5,0.5
no_perception,64,128,r_gt2,0.0,0.0,0,27436,32,0.5,0.5
no_perception,64,128,outside_forward_lightcone,,,0,0,0,0.5,0.5
no_perception,64,256,all_changed,0.0,0.0,0,44188,32,0.5,0.5
no_perception,64,256,0_8,0.0,0.0,0,2545,32,0.5,0.5
no_perception,64,256,8_16,0.0,0.0,0,4510,32,0.5,0.5
no_perception,64,256,equal_16,0.0,0.0,0,534,32,0.5,0.5
no_perception,64,256,strict_16_32,0.0,0.0,0,8618,32,0.5,0.5
no_perception,64,256,32_64,0.0,0.0,0,15892,32,0.5,0.5
no_perception,64,256,64_128,0.0,0.0,0,11718,24,0.5,0.5
no_perception,64,256,128_inf,0.0,0.0,0,371,3,0.5,0.5
no_perception,64,256,far_gt16,0.0,0.0,0,36599,32,0.5,0.5
no_perception,64,256,far_gt32,0.0,0.0,0,27436,32,0.5,0.5
no_perception,64,256,r_le1,0.0,0.0,0,7589,32,0.5,0.5
no_perception,64,256,r_1_2,0.0,0.0,0,9163,32,0.5,0.5
no_perception,64,256,r_gt2,0.0,0.0,0,27436,32,0.5,0.5
no_perception,64,256,outside_forward_lightcone,,,0,0,0,0.5,0.5
neither,32,8,all_changed,0.0043366106231622105,0.0036802760207015526,32,8695,32,0.506493330001831,0.49053817987442017
neither,32,8,0_8,0.019918271350526824,0.01875732708089097,32,1706,32,0.506493330001831,0.49053817987442017
neither,32,8,8_16,0.0,0.0,0,2240,32,0.506493330001831,0.49053817987442017
neither,32,8,equal_16,0.0,0.0,0,276,32,0.506493330001831,0.49053817987442017
neither,32,8,strict_16_32,0.0,0.0,0,2918,32,0.506493330001831,0.49053817987442017
neither,32,8,32_64,0.0,0.0,0,1555,18,0.506493330001831,0.49053817987442017
neither,32,8,64_128,,,0,0,0,0.506493330001831,0.49053817987442017
neither,32,8,128_inf,,,0,0,0,0.506493330001831,0.49053817987442017
neither,32,8,far_gt16,0.0,0.0,0,4473,32,0.506493330001831,0.49053817987442017
neither,32,8,far_gt32,0.0,0.0,0,1418,17,0.506493330001831,0.49053817987442017
neither,32,8,r_le1,0.008371616345588535,0.007579346281383231,32,4222,32,0.506493330001831,0.49053817987442017
neither,32,8,r_1_2,0.0,0.0,0,3055,32,0.506493330001831,0.49053817987442017
neither,32,8,r_gt2,0.0,0.0,0,1418,17,0.506493330001831,0.49053817987442017
neither,32,8,outside_forward_lightcone,0.0,0.0,0,4473,32,0.506493330001831,0.49053817987442017
neither,32,16,all_changed,0.0,0.0,0,8695,32,0.5,0.484375
neither,32,16,0_8,0.0,0.0,0,1706,32,0.5,0.484375
neither,32,16,8_16,0.0,0.0,0,2240,32,0.5,0.484375
neither,32,16,equal_16,0.0,0.0,0,276,32,0.5,0.484375
neither,32,16,strict_16_32,0.0,0.0,0,2918,32,0.5,0.484375
neither,32,16,32_64,0.0,0.0,0,1555,18,0.5,0.484375
neither,32,16,64_128,,,0,0,0,0.5,0.484375
neither,32,16,128_inf,,,0,0,0,0.5,0.484375
neither,32,16,far_gt16,0.0,0.0,0,4473,32,0.5,0.484375
neither,32,16,far_gt32,0.0,0.0,0,1418,17,0.5,0.484375
neither,32,16,r_le1,0.0,0.0,0,4222,32,0.5,0.484375
neither,32,16,r_1_2,0.0,0.0,0,3055,32,0.5,0.484375
neither,32,16,r_gt2,0.0,0.0,0,1418,17,0.5,0.484375
neither,32,16,outside_forward_lightcone,0.0,0.0,0,1418,17,0.5,0.484375
neither,32,32,all_changed,0.0,0.0,0,8695,32,0.5,0.484375
neither,32,32,0_8,0.0,0.0,0,1706,32,0.5,0.484375
neither,32,32,8_16,0.0,0.0,0,2240,32,0.5,0.484375
neither,32,32,equal_16,0.0,0.0,0,276,32,0.5,0.484375
neither,32,32,strict_16_32,0.0,0.0,0,2918,32,0.5,0.484375
neither,32,32,32_64,0.0,0.0,0,1555,18,0.5,0.484375
neither,32,32,64_128,,,0,0,0,0.5,0.484375
neither,32,32,128_inf,,,0,0,0,0.5,0.484375
neither,32,32,far_gt16,0.0,0.0,0,4473,32,0.5,0.484375
neither,32,32,far_gt32,0.0,0.0,0,1418,17,0.5,0.484375
neither,32,32,r_le1,0.0,0.0,0,4222,32,0.5,0.484375
neither,32,32,r_1_2,0.0,0.0,0,3055,32,0.5,0.484375
neither,32,32,r_gt2,0.0,0.0,0,1418,17,0.5,0.484375
neither,32,32,outside_forward_lightcone,,,0,0,0,0.5,0.484375
neither,32,64,all_changed,0.0,0.0,0,8695,32,0.5,0.484375
neither,32,64,0_8,0.0,0.0,0,1706,32,0.5,0.484375
neither,32,64,8_16,0.0,0.0,0,2240,32,0.5,0.484375
neither,32,64,equal_16,0.0,0.0,0,276,32,0.5,0.484375
neither,32,64,strict_16_32,0.0,0.0,0,2918,32,0.5,0.484375
neither,32,64,32_64,0.0,0.0,0,1555,18,0.5,0.484375
neither,32,64,64_128,,,0,0,0,0.5,0.484375
neither,32,64,128_inf,,,0,0,0,0.5,0.484375
neither,32,64,far_gt16,0.0,0.0,0,4473,32,0.5,0.484375
neither,32,64,far_gt32,0.0,0.0,0,1418,17,0.5,0.484375
neither,32,64,r_le1,0.0,0.0,0,4222,32,0.5,0.484375
neither,32,64,r_1_2,0.0,0.0,0,3055,32,0.5,0.484375
neither,32,64,r_gt2,0.0,0.0,0,1418,17,0.5,0.484375
neither,32,64,outside_forward_lightcone,,,0,0,0,0.5,0.484375
neither,32,128,all_changed,0.0,0.0,0,8695,32,0.5,0.484375
neither,32,128,0_8,0.0,0.0,0,1706,32,0.5,0.484375
neither,32,128,8_16,0.0,0.0,0,2240,32,0.5,0.484375
neither,32,128,equal_16,0.0,0.0,0,276,32,0.5,0.484375
neither,32,128,strict_16_32,0.0,0.0,0,2918,32,0.5,0.484375
neither,32,128,32_64,0.0,0.0,0,1555,18,0.5,0.484375
neither,32,128,64_128,,,0,0,0,0.5,0.484375
neither,32,128,128_inf,,,0,0,0,0.5,0.484375
neither,32,128,far_gt16,0.0,0.0,0,4473,32,0.5,0.484375
neither,32,128,far_gt32,0.0,0.0,0,1418,17,0.5,0.484375
neither,32,128,r_le1,0.0,0.0,0,4222,32,0.5,0.484375
neither,32,128,r_1_2,0.0,0.0,0,3055,32,0.5,0.484375
neither,32,128,r_gt2,0.0,0.0,0,1418,17,0.5,0.484375
neither,32,128,outside_forward_lightcone,,,0,0,0,0.5,0.484375
neither,32,256,all_changed,0.0,0.0,0,8695,32,0.5,0.484375
neither,32,256,0_8,0.0,0.0,0,1706,32,0.5,0.484375
neither,32,256,8_16,0.0,0.0,0,2240,32,0.5,0.484375
neither,32,256,equal_16,0.0,0.0,0,276,32,0.5,0.484375
neither,32,256,strict_16_32,0.0,0.0,0,2918,32,0.5,0.484375
neither,32,256,32_64,0.0,0.0,0,1555,18,0.5,0.484375
neither,32,256,64_128,,,0,0,0,0.5,0.484375
neither,32,256,128_inf,,,0,0,0,0.5,0.484375
neither,32,256,far_gt16,0.0,0.0,0,4473,32,0.5,0.484375
neither,32,256,far_gt32,0.0,0.0,0,1418,17,0.5,0.484375
neither,32,256,r_le1,0.0,0.0,0,4222,32,0.5,0.484375
neither,32,256,r_1_2,0.0,0.0,0,3055,32,0.5,0.484375
neither,32,256,r_gt2,0.0,0.0,0,1418,17,0.5,0.484375
neither,32,256,outside_forward_lightcone,,,0,0,0,0.5,0.484375
neither,64,8,all_changed,0.0009124877535855033,0.0007241785100027156,32,44188,32,0.50144362449646,0.5013710260391235
neither,64,8,0_8,0.013496021557323143,0.012573673870333988,32,2545,32,0.50144362449646,0.5013710260391235
neither,64,8,8_16,0.0,0.0,0,4510,32,0.50144362449646,0.5013710260391235
neither,64,8,equal_16,0.0,0.0,0,534,32,0.50144362449646,0.5013710260391235
neither,64,8,strict_16_32,0.0,0.0,0,8618,32,0.50144362449646,0.5013710260391235
neither,64,8,32_64,0.0,0.0,0,15892,32,0.50144362449646,0.5013710260391235
neither,64,8,64_128,0.0,0.0,0,11718,24,0.50144362449646,0.5013710260391235
neither,64,8,128_inf,0.0,0.0,0,371,3,0.50144362449646,0.5013710260391235
neither,64,8,far_gt16,0.0,0.0,0,36599,32,0.50144362449646,0.5013710260391235
neither,64,8,far_gt32,0.0,0.0,0,27436,32,0.50144362449646,0.5013710260391235
neither,64,8,r_le1,0.004427853696504123,0.00421662933192779,32,7589,32,0.50144362449646,0.5013710260391235
neither,64,8,r_1_2,0.0,0.0,0,9163,32,0.50144362449646,0.5013710260391235
neither,64,8,r_gt2,0.0,0.0,0,27436,32,0.50144362449646,0.5013710260391235
neither,64,8,outside_forward_lightcone,0.0,0.0,0,36599,32,0.50144362449646,0.5013710260391235
neither,64,16,all_changed,0.0,0.0,0,44188,32,0.5,0.5
neither,64,16,0_8,0.0,0.0,0,2545,32,0.5,0.5
neither,64,16,8_16,0.0,0.0,0,4510,32,0.5,0.5
neither,64,16,equal_16,0.0,0.0,0,534,32,0.5,0.5
neither,64,16,strict_16_32,0.0,0.0,0,8618,32,0.5,0.5
neither,64,16,32_64,0.0,0.0,0,15892,32,0.5,0.5
neither,64,16,64_128,0.0,0.0,0,11718,24,0.5,0.5
neither,64,16,128_inf,0.0,0.0,0,371,3,0.5,0.5
neither,64,16,far_gt16,0.0,0.0,0,36599,32,0.5,0.5
neither,64,16,far_gt32,0.0,0.0,0,27436,32,0.5,0.5
neither,64,16,r_le1,0.0,0.0,0,7589,32,0.5,0.5
neither,64,16,r_1_2,0.0,0.0,0,9163,32,0.5,0.5
neither,64,16,r_gt2,0.0,0.0,0,27436,32,0.5,0.5
neither,64,16,outside_forward_lightcone,0.0,0.0,0,27436,32,0.5,0.5
neither,64,32,all_changed,0.0,0.0,0,44188,32,0.5,0.5
neither,64,32,0_8,0.0,0.0,0,2545,32,0.5,0.5
neither,64,32,8_16,0.0,0.0,0,4510,32,0.5,0.5
neither,64,32,equal_16,0.0,0.0,0,534,32,0.5,0.5
neither,64,32,strict_16_32,0.0,0.0,0,8618,32,0.5,0.5
neither,64,32,32_64,0.0,0.0,0,15892,32,0.5,0.5
neither,64,32,64_128,0.0,0.0,0,11718,24,0.5,0.5
neither,64,32,128_inf,0.0,0.0,0,371,3,0.5,0.5
neither,64,32,far_gt16,0.0,0.0,0,36599,32,0.5,0.5
neither,64,32,far_gt32,0.0,0.0,0,27436,32,0.5,0.5
neither,64,32,r_le1,0.0,0.0,0,7589,32,0.5,0.5
neither,64,32,r_1_2,0.0,0.0,0,9163,32,0.5,0.5
neither,64,32,r_gt2,0.0,0.0,0,27436,32,0.5,0.5
neither,64,32,outside_forward_lightcone,0.0,0.0,0,11629,24,0.5,0.5
neither,64,64,all_changed,0.0,0.0,0,44188,32,0.5,0.5
neither,64,64,0_8,0.0,0.0,0,2545,32,0.5,0.5
neither,64,64,8_16,0.0,0.0,0,4510,32,0.5,0.5
neither,64,64,equal_16,0.0,0.0,0,534,32,0.5,0.5
neither,64,64,strict_16_32,0.0,0.0,0,8618,32,0.5,0.5
neither,64,64,32_64,0.0,0.0,0,15892,32,0.5,0.5
neither,64,64,64_128,0.0,0.0,0,11718,24,0.5,0.5
neither,64,64,128_inf,0.0,0.0,0,371,3,0.5,0.5
neither,64,64,far_gt16,0.0,0.0,0,36599,32,0.5,0.5
neither,64,64,far_gt32,0.0,0.0,0,27436,32,0.5,0.5
neither,64,64,r_le1,0.0,0.0,0,7589,32,0.5,0.5
neither,64,64,r_1_2,0.0,0.0,0,9163,32,0.5,0.5
neither,64,64,r_gt2,0.0,0.0,0,27436,32,0.5,0.5
neither,64,64,outside_forward_lightcone,0.0,0.0,0,337,3,0.5,0.5
neither,64,128,all_changed,0.0,0.0,0,44188,32,0.5,0.5
neither,64,128,0_8,0.0,0.0,0,2545,32,0.5,0.5
neither,64,128,8_16,0.0,0.0,0,4510,32,0.5,0.5
neither,64,128,equal_16,0.0,0.0,0,534,32,0.5,0.5
neither,64,128,strict_16_32,0.0,0.0,0,8618,32,0.5,0.5
neither,64,128,32_64,0.0,0.0,0,15892,32,0.5,0.5
neither,64,128,64_128,0.0,0.0,0,11718,24,0.5,0.5
neither,64,128,128_inf,0.0,0.0,0,371,3,0.5,0.5
neither,64,128,far_gt16,0.0,0.0,0,36599,32,0.5,0.5
neither,64,128,far_gt32,0.0,0.0,0,27436,32,0.5,0.5
neither,64,128,r_le1,0.0,0.0,0,7589,32,0.5,0.5
neither,64,128,r_1_2,0.0,0.0,0,9163,32,0.5,0.5
neither,64,128,r_gt2,0.0,0.0,0,27436,32,0.5,0.5
neither,64,128,outside_forward_lightcone,,,0,0,0,0.5,0.5
neither,64,256,all_changed,0.0,0.0,0,44188,32,0.5,0.5
neither,64,256,0_8,0.0,0.0,0,2545,32,0.5,0.5
neither,64,256,8_16,0.0,0.0,0,4510,32,0.5,0.5
neither,64,256,equal_16,0.0,0.0,0,534,32,0.5,0.5
neither,64,256,strict_16_32,0.0,0.0,0,8618,32,0.5,0.5
neither,64,256,32_64,0.0,0.0,0,15892,32,0.5,0.5
neither,64,256,64_128,0.0,0.0,0,11718,24,0.5,0.5
neither,64,256,128_inf,0.0,0.0,0,371,3,0.5,0.5
neither,64,256,far_gt16,0.0,0.0,0,36599,32,0.5,0.5
neither,64,256,far_gt32,0.0,0.0,0,27436,32,0.5,0.5
neither,64,256,r_le1,0.0,0.0,0,7589,32,0.5,0.5
neither,64,256,r_1_2,0.0,0.0,0,9163,32,0.5,0.5
neither,64,256,r_gt2,0.0,0.0,0,27436,32,0.5,0.5
neither,64,256,outside_forward_lightcone,,,0,0,0,0.5,0.5
