seed,size,T,band,pixels,eligible_maps,mean_effect_pp,pooled_effect_pp,ba_original_effect_pp,ba_flipped_effect_pp
2,32,64,0_8,1706,32,-9.537748899518483,-10.199296600234465,-14.536595344543457,-12.181514501571655
2,32,64,8_16,2240,32,-72.52329210068888,-76.07142857142857,-14.536595344543457,-12.181514501571655
2,32,64,equal_16,276,32,-98.95833333333334,-99.63768115942028,-14.536595344543457,-12.181514501571655
2,32,64,strict_16_32,2918,32,-93.70121752102094,-92.97464016449622,-14.536595344543457,-12.181514501571655
2,32,64,32_64,1555,18,-53.957210717054174,-29.0032154340836,-14.536595344543457,-12.181514501571655
2,32,64,64_128,0,0,,,-14.536595344543457,-12.181514501571655
2,32,64,128_inf,0,0,,,-14.536595344543457,-12.181514501571655
2,32,64,far_gt16,4473,32,-84.41875702920144,-70.73552425665102,-14.536595344543457,-12.181514501571655
2,32,64,far_gt32,1418,17,-49.11199360207771,-25.52891396332863,-14.536595344543457,-12.181514501571655
2,32,64,r_le1,4222,32,-47.48191510526175,-50.994789199431544,-14.536595344543457,-12.181514501571655
2,32,64,r_1_2,3055,32,-92.84982718243437,-91.71849427168576,-14.536595344543457,-12.181514501571655
2,32,64,r_gt2,1418,17,-49.11199360207771,-25.52891396332863,-14.536595344543457,-12.181514501571655
2,32,64,outside_forward_lightcone,0,0,,,-14.536595344543457,-12.181514501571655
2,32,128,0_8,1706,32,-13.946330667897556,-14.947245017584997,-14.906716346740723,-12.821674346923828
2,32,128,8_16,2240,32,-77.06375997994047,-80.80357142857143,-14.906716346740723,-12.821674346923828
2,32,128,equal_16,276,32,-98.95833333333334,-99.63768115942028,-14.906716346740723,-12.821674346923828
2,32,128,strict_16_32,2918,32,-93.48340875066626,-92.76901987662782,-14.906716346740723,-12.821674346923828
2,32,128,32_64,1555,18,-61.22763431343328,-46.366559485530544,-14.906716346740723,-12.821674346923828
2,32,128,64_128,0,0,,,-14.906716346740723,-12.821674346923828
2,32,128,128_inf,0,0,,,-14.906716346740723,-12.821674346923828
2,32,128,far_gt16,4473,32,-86.7837892981237,-76.63760339816677,-14.906716346740723,-12.821674346923828
2,32,128,far_gt32,1418,17,-57.504307443361,-44.56981664315938,-14.906716346740723,-12.821674346923828
2,32,128,r_le1,4222,32,-51.351036935949736,-55.42396968261487,-14.906716346740723,-12.821674346923828
2,32,128,r_1_2,3055,32,-92.63492842640858,-91.52209492635025,-14.906716346740723,-12.821674346923828
2,32,128,r_gt2,1418,17,-57.504307443361,-44.56981664315938,-14.906716346740723,-12.821674346923828
2,32,128,outside_forward_lightcone,0,0,,,-14.906716346740723,-12.821674346923828
2,32,256,0_8,1706,32,-16.427421943860043,-17.702227432590856,-15.43911099433899,-13.264894485473633
2,32,256,8_16,2240,32,-80.80361814068306,-84.01785714285714,-15.43911099433899,-13.264894485473633
2,32,256,equal_16,276,32,-100.0,-100.0,-15.43911099433899,-13.264894485473633
2,32,256,strict_16_32,2918,32,-93.95854494006369,-93.21453050034269,-15.43911099433899,-13.264894485473633
2,32,256,32_64,1555,18,-61.49850652480195,-46.366559485530544,-15.43911099433899,-13.264894485473633
2,32,256,64_128,0,0,,,-15.43911099433899,-13.264894485473633
2,32,256,128_inf,0,0,,,-15.43911099433899,-13.264894485473633
2,32,256,far_gt16,4473,32,-87.11378848514664,-76.92823608316566,-15.43911099433899,-13.264894485473633
2,32,256,far_gt32,1418,17,-57.798560402504805,-44.42877291960507,-15.43911099433899,-13.264894485473633
2,32,256,r_le1,4222,32,-54.05553817226523,-58.26622453813359,-15.43911099433899,-13.264894485473633
2,32,256,r_1_2,3055,32,-93.19738571398399,-92.01309328968902,-15.43911099433899,-13.264894485473633
2,32,256,r_gt2,1418,17,-57.798560402504805,-44.42877291960507,-15.43911099433899,-13.264894485473633
2,32,256,outside_forward_lightcone,0,0,,,-15.43911099433899,-13.264894485473633
2,64,64,0_8,2545,32,-29.732204587091047,-28.133595284872303,-16.67872667312622,-18.181514739990234
2,64,64,8_16,4510,32,-30.790937468277946,-34.83370288248337,-16.67872667312622,-18.181514739990234
2,64,64,equal_16,534,32,-86.54353459040959,-92.88389513108615,-16.67872667312622,-18.181514739990234
2,64,64,strict_16_32,8618,32,-88.845153942266,-88.99976792759341,-16.67872667312622,-18.181514739990234
2,64,64,32_64,15892,32,-16.346189805755586,-10.74125346086081,-16.67872667312622,-18.181514739990234
2,64,64,64_128,11718,24,0.0,0.0,-16.67872667312622,-18.181514739990234
2,64,64,128_inf,371,3,0.0,0.0,-16.67872667312622,-18.181514739990234
2,64,64,far_gt16,36599,32,-34.93633482751614,-25.620918604333447,-16.67872667312622,-18.181514739990234
2,64,64,far_gt32,27436,32,-12.676141582877086,-5.069981046799825,-16.67872667312622,-18.181514739990234
2,64,64,r_le1,7589,32,-34.85583009139728,-36.6714982211095,-16.67872667312622,-18.181514739990234
2,64,64,r_1_2,9163,32,-86.64403784251898,-87.15486194477792,-16.67872667312622,-18.181514739990234
2,64,64,r_gt2,27436,32,-12.676141582877086,-5.069981046799825,-16.67872667312622,-18.181514739990234
2,64,64,outside_forward_lightcone,337,3,0.0,0.0,-16.67872667312622,-18.181514739990234
2,64,128,0_8,2545,32,-56.91084510728657,-54.263261296660126,-20.919132232666016,-21.3029146194458
2,64,128,8_16,4510,32,-36.21932715816805,-40.04434589800443,-20.919132232666016,-21.3029146194458
2,64,128,equal_16,534,32,-80.08099539349539,-90.0749063670412,-20.919132232666016,-21.3029146194458
2,64,128,strict_16_32,8618,32,-88.35775187361983,-88.66326293803667,-20.919132232666016,-21.3029146194458
2,64,128,32_64,15892,32,-40.13284760647818,-38.302290460609115,-20.919132232666016,-21.3029146194458
2,64,128,64_128,11718,24,-18.393131224311947,-12.04983785628947,-20.919132232666016,-21.3029146194458
2,64,128,128_inf,371,3,0.0,0.0,-20.919132232666016,-21.3029146194458
2,64,128,far_gt16,36599,32,-48.52834957502082,-41.367250471324354,-20.919132232666016,-21.3029146194458
2,64,128,far_gt32,27436,32,-31.709831839327535,-26.16635077999708,-20.919132232666016,-21.3029146194458
2,64,128,r_le1,7589,32,-46.788645300243815,-48.3331137172223,-20.919132232666016,-21.3029146194458
2,64,128,r_1_2,9163,32,-86.2827871462541,-86.88202553748772,-20.919132232666016,-21.3029146194458
2,64,128,r_gt2,27436,32,-31.709831839327535,-26.16635077999708,-20.919132232666016,-21.3029146194458
2,64,128,outside_forward_lightcone,0,0,,,-20.919132232666016,-21.3029146194458
2,64,256,0_8,2545,32,-62.83096611120769,-57.760314341846765,-22.67935276031494,-21.622055768966675
2,64,256,8_16,4510,32,-39.6801766109689,-43.747228381374725,-22.67935276031494,-21.622055768966675
2,64,256,equal_16,534,32,-79.48519362581862,-89.8876404494382,-22.67935276031494,-21.622055768966675
2,64,256,strict_16_32,8618,32,-88.85699180355665,-89.24344395451381,-22.67935276031494,-21.622055768966675
2,64,256,32_64,15892,32,-40.652909492174416,-38.58545179964762,-22.67935276031494,-21.622055768966675
2,64,256,64_128,11718,24,-35.1129193462517,-36.67861409796894,-22.67935276031494,-21.622055768966675
2,64,256,128_inf,371,3,0.0,0.0,-22.67935276031494,-21.622055768966675
2,64,256,far_gt16,36599,32,-54.35244625908925,-49.51228175633214,-22.67935276031494,-21.622055768966675
2,64,256,far_gt32,27436,32,-38.51412789131451,-36.78014287797055,-22.67935276031494,-21.622055768966675
2,64,256,r_le1,7589,32,-50.287990339056584,-51.693240216102254,-22.67935276031494,-21.622055768966675
2,64,256,r_1_2,9163,32,-86.95661638057852,-87.63505402160864,-22.67935276031494,-21.622055768966675
2,64,256,r_gt2,27436,32,-38.51412789131451,-36.78014287797055,-22.67935276031494,-21.622055768966675
2,64,256,outside_forward_lightcone,0,0,,,-22.67935276031494,-21.622055768966675
3,32,64,0_8,1706,32,2.8422303992787556,3.106682297772567,-0.13864636421203613,1.4615952968597412
3,32,64,8_16,2240,32,10.663765375365431,10.357142857142854,-0.13864636421203613,1.4615952968597412
3,32,64,equal_16,276,32,-18.575434981684978,-27.536231884057965,-0.13864636421203613,1.4615952968597412
3,32,64,strict_16_32,2918,32,-18.983233241673407,-14.15352981494174,-0.13864636421203613,1.4615952968597412
3,32,64,32_64,1555,18,0.0,0.0,-0.13864636421203613,1.4615952968597412
3,32,64,64_128,0,0,,,-0.13864636421203613,1.4615952968597412
3,32,64,128_inf,0,0,,,-0.13864636421203613,1.4615952968597412
3,32,64,far_gt16,4473,32,-16.53310107818679,-9.233176838810643,-0.13864636421203613,1.4615952968597412
3,32,64,far_gt32,1418,17,0.0,0.0,-0.13864636421203613,1.4615952968597412
3,32,64,r_le1,4222,32,4.9426715485765715,4.950260540028428,-0.13864636421203613,1.4615952968597412
3,32,64,r_1_2,3055,32,-18.527649822268625,-13.51882160392799,-0.13864636421203613,1.4615952968597412
3,32,64,r_gt2,1418,17,0.0,0.0,-0.13864636421203613,1.4615952968597412
3,32,64,outside_forward_lightcone,0,0,,,-0.13864636421203613,1.4615952968597412
3,32,128,0_8,1706,32,-97.67293149404631,-97.53810082063306,-39.00318145751953,-40.79486131668091
3,32,128,8_16,2240,32,-77.25308165697491,-77.32142857142857,-39.00318145751953,-40.79486131668091
3,32,128,equal_16,276,32,-47.704188172938174,-47.82608695652174,-39.00318145751953,-40.79486131668091
3,32,128,strict_16_32,2918,32,-11.102461057017656,-5.723098012337218,-39.00318145751953,-40.79486131668091
3,32,128,32_64,1555,18,0.0,0.0,-39.00318145751953,-40.79486131668091
3,32,128,64_128,0,0,,,-39.00318145751953,-40.79486131668091
3,32,128,128_inf,0,0,,,-39.00318145751953,-40.79486131668091
3,32,128,far_gt16,4473,32,-10.12977369419957,-3.7335121842164094,-39.00318145751953,-40.79486131668091
3,32,128,far_gt32,1418,17,0.0,0.0,-39.00318145751953,-40.79486131668091
3,32,128,r_le1,4222,32,-83.97792186626008,-83.56229275225012,-39.00318145751953,-40.79486131668091
3,32,128,r_1_2,3055,32,-10.93738473457916,-5.466448445171849,-39.00318145751953,-40.79486131668091
3,32,128,r_gt2,1418,17,0.0,0.0,-39.00318145751953,-40.79486131668091
3,32,128,outside_forward_lightcone,0,0,,,-39.00318145751953,-40.79486131668091
3,32,256,0_8,1706,32,-96.96569520805923,-96.6002344665885,-39.1053169965744,-39.570724964141846
3,32,256,8_16,2240,32,-61.4337546893579,-62.81250000000001,-39.1053169965744,-39.570724964141846
3,32,256,equal_16,276,32,-40.30539772727273,-35.869565217391305,-39.1053169965744,-39.570724964141846
3,32,256,strict_16_32,2918,32,-10.541224646678819,-7.573680603152845,-39.1053169965744,-39.570724964141846
3,32,256,32_64,1555,18,0.0,0.0,-39.1053169965744,-39.570724964141846
3,32,256,64_128,0,0,,,-39.1053169965744,-39.570724964141846
3,32,256,128_inf,0,0,,,-39.1053169965744,-39.570724964141846
3,32,256,far_gt16,4473,32,-9.08082724128411,-4.940755644980997,-39.1053169965744,-39.570724964141846
3,32,256,far_gt32,1418,17,0.0,0.0,-39.1053169965744,-39.570724964141846
3,32,256,r_le1,4222,32,-74.92279864576051,-74.70393178588347,-39.1053169965744,-39.570724964141846
3,32,256,r_1_2,3055,32,-10.251509300570731,-7.234042553191489,-39.1053169965744,-39.570724964141846
3,32,256,r_gt2,1418,17,0.0,0.0,-39.1053169965744,-39.570724964141846
3,32,256,outside_forward_lightcone,0,0,,,-39.1053169965744,-39.570724964141846
3,64,64,0_8,2545,32,0.18245345793890255,0.23575638506876384,0.43628811836242676,0.6983637809753418
3,64,64,8_16,4510,32,8.102478207053931,9.157427937915742,0.43628811836242676,0.6983637809753418
3,64,64,equal_16,534,32,-5.303976384799702,-7.490636704119858,0.43628811836242676,0.6983637809753418
3,64,64,strict_16_32,8618,32,-5.368733687426914,-6.5328382455326075,0.43628811836242676,0.6983637809753418
3,64,64,32_64,15892,32,0.0,0.0,0.43628811836242676,0.6983637809753418
3,64,64,64_128,11718,24,0.0,0.0,0.43628811836242676,0.6983637809753418
3,64,64,128_inf,371,3,0.0,0.0,0.43628811836242676,0.6983637809753418
3,64,64,far_gt16,36599,32,-2.5112848932684426,-1.538293395994426,0.43628811836242676,0.6983637809753418
3,64,64,far_gt32,27436,32,0.0,0.0,0.43628811836242676,0.6983637809753418
3,64,64,r_le1,7589,32,4.464328901396664,4.994070365001968,0.43628811836242676,0.6983637809753418
3,64,64,r_1_2,9163,32,-5.126566258916254,-6.144275892175051,0.43628811836242676,0.6983637809753418
3,64,64,r_gt2,27436,32,0.0,0.0,0.43628811836242676,0.6983637809753418
3,64,64,outside_forward_lightcone,337,3,0.0,0.0,0.43628811836242676,0.6983637809753418
3,64,128,0_8,2545,32,-99.77118851744041,-99.80353634577604,-28.260034322738647,-31.04502558708191
3,64,128,8_16,4510,32,-80.89233944956638,-78.75831485587584,-28.260034322738647,-31.04502558708191
3,64,128,equal_16,534,32,-58.44604793341364,-51.68539325842697,-28.260034322738647,-31.04502558708191
3,64,128,strict_16_32,8618,32,-10.186172841763232,-8.923184033418426,-28.260034322738647,-31.04502558708191
3,64,128,32_64,15892,32,0.0,0.0,-28.260034322738647,-31.04502558708191
3,64,128,64_128,11718,24,0.0,0.0,-28.260034322738647,-31.04502558708191
3,64,128,128_inf,371,3,0.0,0.0,-28.260034322738647,-31.04502558708191
3,64,128,far_gt16,36599,32,-3.0406481914101975,-2.1011503046531326,-28.260034322738647,-31.04502558708191
3,64,128,far_gt32,27436,32,0.0,0.0,-28.260034322738647,-31.04502558708191
3,64,128,r_le1,7589,32,-85.1925961419752,-83.91092370536303,-28.260034322738647,-31.04502558708191
3,64,128,r_1_2,9163,32,-9.438090951979994,-8.392447888246208,-28.260034322738647,-31.04502558708191
3,64,128,r_gt2,27436,32,0.0,0.0,-28.260034322738647,-31.04502558708191
3,64,128,outside_forward_lightcone,0,0,,,-28.260034322738647,-31.04502558708191
3,64,256,0_8,2545,32,-99.01075031048462,-99.13555992141454,-26.493388414382935,-28.846055269241333
3,64,256,8_16,4510,32,-68.9876712489506,-66.45232815964523,-26.493388414382935,-28.846055269241333
3,64,256,equal_16,534,32,-47.07033111861879,-43.82022471910113,-26.493388414382935,-28.846055269241333
3,64,256,strict_16_32,8618,32,-9.531864516671366,-9.201670921327453,-26.493388414382935,-28.846055269241333
3,64,256,32_64,15892,32,0.0,0.0,-26.493388414382935,-28.846055269241333
3,64,256,64_128,11718,24,0.0,0.0,-26.493388414382935,-28.846055269241333
3,64,256,128_inf,371,3,0.0,0.0,-26.493388414382935,-28.846055269241333
3,64,256,far_gt16,36599,32,-3.0563078946224134,-2.1667258668269627,-26.493388414382935,-28.846055269241333
3,64,256,far_gt32,27436,32,0.0,0.0,-26.493388414382935,-28.846055269241333
3,64,256,r_le1,7589,32,-76.97429168607795,-75.82026617472658,-26.493388414382935,-28.846055269241333
3,64,256,r_1_2,9163,32,-8.87026730754491,-8.65437083924479,-26.493388414382935,-28.846055269241333
3,64,256,r_gt2,27436,32,0.0,0.0,-26.493388414382935,-28.846055269241333
3,64,256,outside_forward_lightcone,0,0,,,-26.493388414382935,-28.846055269241333
4,32,64,0_8,1706,32,-4.917033451157327,-5.451348182883942,-3.787893056869507,-6.339925527572632
4,32,64,8_16,2240,32,-6.437036290691123,-7.053571428571437,-3.787893056869507,-6.339925527572632
4,32,64,equal_16,276,32,-24.695599539349544,-30.434782608695656,-3.787893056869507,-6.339925527572632
4,32,64,strict_16_32,2918,32,-38.00540925470531,-33.34475668265935,-3.787893056869507,-6.339925527572632
4,32,64,32_64,1555,18,0.0,0.0,-3.787893056869507,-6.339925527572632
4,32,64,64_128,0,0,,,-3.787893056869507,-6.339925527572632
4,32,64,128_inf,0,0,,,-3.787893056869507,-6.339925527572632
4,32,64,far_gt16,4473,32,-32.76463567733579,-21.75273865414711,-3.787893056869507,-6.339925527572632
4,32,64,far_gt32,1418,17,0.0,0.0,-3.787893056869507,-6.339925527572632
4,32,64,r_le1,4222,32,-7.326826606834846,-7.934628138323074,-3.787893056869507,-6.339925527572632
4,32,64,r_1_2,3055,32,-37.00235702675669,-31.849427168576106,-3.787893056869507,-6.339925527572632
4,32,64,r_gt2,1418,17,0.0,0.0,-3.787893056869507,-6.339925527572632
4,32,64,outside_forward_lightcone,0,0,,,-3.787893056869507,-6.339925527572632
4,32,128,0_8,1706,32,-36.52117943165175,-34.759671746776085,-0.6808996200561523,-0.5961775779724121
4,32,128,8_16,2240,32,-4.287187030816941,-4.107142857142865,-0.6808996200561523,-0.5961775779724121
4,32,128,equal_16,276,32,4.7724931318681385,7.246376811594201,-0.6808996200561523,-0.5961775779724121
4,32,128,strict_16_32,2918,32,30.488291784928922,31.04866346812886,-0.6808996200561523,-0.5961775779724121
4,32,128,32_64,1555,18,3.03030303030303,0.45016077170418006,-0.6808996200561523,-0.5961775779724121
4,32,128,64_128,0,0,,,-0.6808996200561523,-0.5961775779724121
4,32,128,128_inf,0,0,,,-0.6808996200561523,-0.5961775779724121
4,32,128,far_gt16,4473,32,23.900525907657016,20.41135703107534,-0.6808996200561523,-0.5961775779724121
4,32,128,far_gt32,1418,17,0.9803921568627451,0.07052186177715092,-0.6808996200561523,-0.5961775779724121
4,32,128,r_le1,4222,32,-15.393038344621635,-15.750828990999521,-0.6808996200561523,-0.5961775779724121
4,32,128,r_1_2,3055,32,29.392702974379205,29.85270049099837,-0.6808996200561523,-0.5961775779724121
4,32,128,r_gt2,1418,17,0.9803921568627451,0.07052186177715092,-0.6808996200561523,-0.5961775779724121
4,32,128,outside_forward_lightcone,0,0,,,-0.6808996200561523,-0.5961775779724121
4,32,256,0_8,1706,32,-77.13318422600652,-73.79835873388042,-8.578991889953613,-7.847315073013306
4,32,256,8_16,2240,32,-13.073573103440218,-13.973214285714286,-8.578991889953613,-7.847315073013306
4,32,256,equal_16,276,32,-15.391856407481407,-22.101449275362317,-8.578991889953613,-7.847315073013306
4,32,256,strict_16_32,2918,32,-26.978385094020123,-23.063742289239205,-8.578991889953613,-7.847315073013306
4,32,256,32_64,1555,18,0.0,0.0,-8.578991889953613,-7.847315073013306
4,32,256,64_128,0,0,,,-8.578991889953613,-7.847315073013306
4,32,256,128_inf,0,0,,,-8.578991889953613,-7.847315073013306
4,32,256,far_gt16,4473,32,-24.046310992368408,-15.045830538788286,-8.578991889953613,-7.847315073013306
4,32,256,far_gt32,1418,17,0.0,0.0,-8.578991889953613,-7.847315073013306
4,32,256,r_le1,4222,32,-40.193044594183036,-38.67835149218379,-8.578991889953613,-7.847315073013306
4,32,256,r_1_2,3055,32,-26.45422762701941,-22.029459901800326,-8.578991889953613,-7.847315073013306
4,32,256,r_gt2,1418,17,0.0,0.0,-8.578991889953613,-7.847315073013306
4,32,256,outside_forward_lightcone,0,0,,,-8.578991889953613,-7.847315073013306
4,64,64,0_8,2545,32,-14.318756854703818,-11.984282907662081,-1.7133533954620361,-6.267893314361572
4,64,64,8_16,4510,32,-15.043991721746774,-15.920177383592016,-1.7133533954620361,-6.267893314361572
4,64,64,equal_16,534,32,-9.886586597341596,-12.35955056179776,-1.7133533954620361,-6.267893314361572
4,64,64,strict_16_32,8618,32,-13.688389611180012,-15.200742631701091,-1.7133533954620361,-6.267893314361572
4,64,64,32_64,15892,32,0.0,0.0,-1.7133533954620361,-6.267893314361572
4,64,64,64_128,11718,24,0.0,0.0,-1.7133533954620361,-6.267893314361572
4,64,64,128_inf,371,3,0.0,0.0,-1.7133533954620361,-6.267893314361572
4,64,64,far_gt16,36599,32,-5.777404571575362,-3.579332768654882,-1.7133533954620361,-6.267893314361572
4,64,64,far_gt32,27436,32,0.0,0.0,-1.7133533954620361,-6.267893314361572
4,64,64,r_le1,7589,32,-14.192532225860955,-14.349716695216763,-1.7133533954620361,-6.267893314361572
4,64,64,r_1_2,9163,32,-13.073495764584257,-14.296627742005896,-1.7133533954620361,-6.267893314361572
4,64,64,r_gt2,27436,32,0.0,0.0,-1.7133533954620361,-6.267893314361572
4,64,64,outside_forward_lightcone,337,3,0.0,0.0,-1.7133533954620361,-6.267893314361572
4,64,128,0_8,2545,32,-62.752756291442914,-55.36345776031435,-5.9262096881866455,-6.646400690078735
4,64,128,8_16,4510,32,-20.591418209132218,-19.778270509977823,-5.9262096881866455,-6.646400690078735
4,64,128,equal_16,534,32,0.9666273445114726,0.0,-5.9262096881866455,-6.646400690078735
4,64,128,strict_16_32,8618,32,50.526332840049584,45.4745880714783,-5.9262096881866455,-6.646400690078735
4,64,128,32_64,15892,32,2.517613005352628,2.2149509187012333,-5.9262096881866455,-6.646400690078735
4,64,128,64_128,11718,24,0.0,0.0,-5.9262096881866455,-6.646400690078735
4,64,128,128_inf,371,3,0.0,0.0,-5.9262096881866455,-6.646400690078735
4,64,128,far_gt16,36599,32,14.1338507349966,11.669717751851143,-5.9262096881866455,-6.646400690078735
4,64,128,far_gt32,27436,32,0.9500661125116152,0.7034553141857414,-5.9262096881866455,-6.646400690078735
4,64,128,r_le1,7589,32,-31.03372727590299,-30.32020028989326,-5.9262096881866455,-6.646400690078735
4,64,128,r_1_2,9163,32,49.38603215941559,44.5050747571756,-5.9262096881866455,-6.646400690078735
4,64,128,r_gt2,27436,32,0.9500661125116152,0.7034553141857414,-5.9262096881866455,-6.646400690078735
4,64,128,outside_forward_lightcone,0,0,,,-5.9262096881866455,-6.646400690078735
4,64,256,0_8,2545,32,-68.98038445745058,-62.55402750491159,-10.95898151397705,-11.708098649978638
4,64,256,8_16,4510,32,-18.02424866679928,-18.048780487804883,-10.95898151397705,-11.708098649978638
4,64,256,equal_16,534,32,-6.1561140724365355,-11.048689138576773,-10.95898151397705,-11.708098649978638
4,64,256,strict_16_32,8618,32,-0.5239122658035111,-8.018101647714088,-10.95898151397705,-11.708098649978638
4,64,256,32_64,15892,32,0.0,0.0,-10.95898151397705,-11.708098649978638
4,64,256,64_128,11718,24,0.0,0.0,-10.95898151397705,-11.708098649978638
4,64,256,128_inf,371,3,0.0,0.0,-10.95898151397705,-11.708098649978638
4,64,256,far_gt16,36599,32,-3.292724902561274,-1.8880297275881857,-10.95898151397705,-11.708098649978638
4,64,256,far_gt32,27436,32,0.0,0.0,-10.95898151397705,-11.708098649978638
4,64,256,r_le1,7589,32,-32.93860395634041,-32.48122282250626,-10.95898151397705,-11.708098649978638
4,64,256,r_1_2,9163,32,-1.099296259001109,-7.541198297500817,-10.95898151397705,-11.708098649978638
4,64,256,r_gt2,27436,32,0.0,0.0,-10.95898151397705,-11.708098649978638
4,64,256,outside_forward_lightcone,0,0,,,-10.95898151397705,-11.708098649978638
5,32,64,0_8,1706,32,-3.394395129804606,-3.86869871043376,-8.393323421478271,-10.930824279785156
5,32,64,8_16,2240,32,-13.292606319949895,-15.714285714285714,-8.393323421478271,-10.930824279785156
5,32,64,equal_16,276,32,-51.41624868187369,-62.31884057971014,-8.393323421478271,-10.930824279785156
5,32,64,strict_16_32,2918,32,-88.85383333510646,-91.26113776559286,-8.393323421478271,-10.930824279785156
5,32,64,32_64,1555,18,-33.73113223578392,-33.054662379421224,-8.393323421478271,-10.930824279785156
5,32,64,64_128,0,0,,,-8.393323421478271,-10.930824279785156
5,32,64,128_inf,0,0,,,-8.393323421478271,-10.930824279785156
5,32,64,far_gt16,4473,32,-77.80874949919605,-71.0261569416499,-8.393323421478271,-10.930824279785156
5,32,64,far_gt32,1418,17,-32.219065262603245,-30.253878702397742,-8.393323421478271,-10.930824279785156
5,32,64,r_le1,4222,32,-12.184857429894457,-13.974419706300335,-8.393323421478271,-10.930824279785156
5,32,64,r_1_2,3055,32,-87.8873905693477,-89.95090016366612,-8.393323421478271,-10.930824279785156
5,32,64,r_gt2,1418,17,-32.219065262603245,-30.253878702397742,-8.393323421478271,-10.930824279785156
5,32,64,outside_forward_lightcone,0,0,,,-8.393323421478271,-10.930824279785156
5,32,128,0_8,1706,32,-1.1167185063654328,-1.2309495896834721,-8.934473991394043,-11.896222829818726
5,32,128,8_16,2240,32,-19.564212608638577,-21.83035714285714,-8.934473991394043,-11.896222829818726
5,32,128,equal_16,276,32,-68.137738997114,-73.55072463768116,-8.934473991394043,-11.896222829818726
5,32,128,strict_16_32,2918,32,-90.60361993054613,-92.97464016449624,-8.934473991394043,-11.896222829818726
5,32,128,32_64,1555,18,-31.448987929438744,-30.289389067524112,-8.934473991394043,-11.896222829818726
5,32,128,64_128,0,0,,,-8.934473991394043,-11.896222829818726
5,32,128,128_inf,0,0,,,-8.934473991394043,-11.896222829818726
5,32,128,far_gt16,4473,32,-78.70572964440632,-71.1826514643416,-8.934473991394043,-11.896222829818726
5,32,128,far_gt32,1418,17,-28.857613975466545,-26.939351198871652,-8.934473991394043,-11.896222829818726
5,32,128,r_le1,4222,32,-15.487965772246515,-16.887730933207013,-8.934473991394043,-11.896222829818726
5,32,128,r_1_2,3055,32,-89.71263342058454,-91.71849427168577,-8.934473991394043,-11.896222829818726
5,32,128,r_gt2,1418,17,-28.857613975466545,-26.939351198871652,-8.934473991394043,-11.896222829818726
5,32,128,outside_forward_lightcone,0,0,,,-8.934473991394043,-11.896222829818726
5,32,256,0_8,1706,32,-9.400383122945621,-10.60961313012896,-15.587162971496582,-19.420719146728516
5,32,256,8_16,2240,32,-71.33966240785827,-72.58928571428571,-15.587162971496582,-19.420719146728516
5,32,256,equal_16,276,32,-100.0,-100.0,-15.587162971496582,-19.420719146728516
5,32,256,strict_16_32,2918,32,-94.74851113560709,-93.59150102810145,-15.587162971496582,-19.420719146728516
5,32,256,32_64,1555,18,-38.36698287283504,-28.810289389067524,-15.587162971496582,-19.420719146728516
5,32,256,64_128,0,0,,,-15.587162971496582,-19.420719146728516
5,32,256,128_inf,0,0,,,-15.587162971496582,-19.420719146728516
5,32,256,far_gt16,4473,32,-82.64832344436302,-71.07086966241896,-15.587162971496582,-19.420719146728516
5,32,256,far_gt32,1418,17,-26.879452037672415,-24.47108603667137,-15.587162971496582,-19.420719146728516
5,32,256,r_le1,4222,32,-46.65198626422749,-49.33680720037896,-15.587162971496582,-19.420719146728516
5,32,256,r_1_2,3055,32,-94.15789728685256,-92.70049099836334,-15.587162971496582,-19.420719146728516
5,32,256,r_gt2,1418,17,-26.879452037672415,-24.47108603667137,-15.587162971496582,-19.420719146728516
5,32,256,outside_forward_lightcone,0,0,,,-15.587162971496582,-19.420719146728516
5,64,64,0_8,2545,32,-1.5980206487042237,-1.3752455795677854,-6.539565324783325,-11.118412017822266
5,64,64,8_16,4510,32,-7.299887917060788,-9.334811529933484,-6.539565324783325,-11.118412017822266
5,64,64,equal_16,534,32,-25.3502384256991,-31.46067415730337,-6.539565324783325,-11.118412017822266
5,64,64,strict_16_32,8618,32,-87.14104634482621,-87.9670457182641,-6.539565324783325,-11.118412017822266
5,64,64,32_64,15892,32,-27.437192112802006,-19.78983136169142,-6.539565324783325,-11.118412017822266
5,64,64,64_128,11718,24,-1.8439980158730156,-0.042669397508107186,-6.539565324783325,-11.118412017822266
5,64,64,128_inf,371,3,0.0,0.0,-6.539565324783325,-11.118412017822266
5,64,64,far_gt16,36599,32,-39.12764648003274,-29.320473236973687,-6.539565324783325,-11.118412017822266
5,64,64,far_gt32,27436,32,-20.801987820479095,-9.855664090975361,-6.539565324783325,-11.118412017822266
5,64,64,r_le1,7589,32,-6.995098734986138,-8.222427197259186,-6.539565324783325,-11.118412017822266
5,64,64,r_1_2,9163,32,-87.21781259683497,-87.60231365273383,-6.539565324783325,-11.118412017822266
5,64,64,r_gt2,27436,32,-20.801987820479095,-9.855664090975361,-6.539565324783325,-11.118412017822266
5,64,64,outside_forward_lightcone,337,3,0.0,0.0,-6.539565324783325,-11.118412017822266
5,64,128,0_8,2545,32,-1.0996145883777286,-0.9037328094302577,-7.415479421615601,-12.046325206756592
5,64,128,8_16,4510,32,-9.062326128011245,-10.73170731707317,-7.415479421615601,-12.046325206756592
5,64,128,equal_16,534,32,-39.06886146360256,-45.50561797752809,-7.415479421615601,-12.046325206756592
5,64,128,strict_16_32,8618,32,-89.53550381607188,-90.27616616384313,-7.415479421615601,-12.046325206756592
5,64,128,32_64,15892,32,-28.592907904453313,-20.94764661464888,-7.415479421615601,-12.046325206756592
5,64,128,64_128,11718,24,-1.0940152008057584,-0.8107185526540365,-7.415479421615601,-12.046325206756592
5,64,128,128_inf,371,3,0.0,0.0,-7.415479421615601,-12.046325206756592
5,64,128,far_gt16,36599,32,-40.52872352316508,-30.61285827481625,-7.415479421615601,-12.046325206756592
5,64,128,far_gt32,27436,32,-21.60520592662647,-10.730427175973174,-7.415479421615601,-12.046325206756592
5,64,128,r_le1,7589,32,-8.789054251818996,-9.882724996705761,-7.415479421615601,-12.046325206756592
5,64,128,r_1_2,9163,32,-89.87543530834927,-90.14514896867838,-7.415479421615601,-12.046325206756592
5,64,128,r_gt2,27436,32,-21.60520592662647,-10.730427175973174,-7.415479421615601,-12.046325206756592
5,64,128,outside_forward_lightcone,0,0,,,-7.415479421615601,-12.046325206756592
5,64,256,0_8,2545,32,-21.009910931525223,-16.660117878192537,-16.947132349014282,-20.584213733673096
5,64,256,8_16,4510,32,-39.8013374501619,-42.01773835920177,-16.947132349014282,-20.584213733673096
5,64,256,equal_16,534,32,-92.51853181540682,-94.5692883895131,-16.947132349014282,-20.584213733673096
5,64,256,strict_16_32,8618,32,-97.54439309327154,-97.22673474123926,-16.947132349014282,-20.584213733673096
5,64,256,32_64,15892,32,-32.214268067288494,-24.414799899320414,-16.947132349014282,-20.584213733673096
5,64,256,64_128,11718,24,-11.197498494048588,-5.70063150708312,-16.947132349014282,-20.584213733673096
5,64,256,128_inf,371,3,-2.032557156232068,-3.234501347708895,-16.947132349014282,-20.584213733673096
5,64,256,far_gt16,36599,32,-45.875460119576616,-35.35342495696604,-16.947132349014282,-20.584213733673096
5,64,256,far_gt32,27436,32,-25.6686089768597,-14.827234290712932,-16.947132349014282,-20.584213733673096
5,64,256,r_le1,7589,32,-36.02361199714519,-37.21175385426275,-16.947132349014282,-20.584213733673096
5,64,256,r_1_2,9163,32,-97.36167736854667,-96.8132707628506,-16.947132349014282,-20.584213733673096
5,64,256,r_gt2,27436,32,-25.6686089768597,-14.827234290712932,-16.947132349014282,-20.584213733673096
5,64,256,outside_forward_lightcone,0,0,,,-16.947132349014282,-20.584213733673096
