block,arm,bank,horizon,n_maps,mse,r2,target_variance,per_map_mse
0,lifted_k8,heldout,64,64,7.436108527747532e-09,0.9999997267483074,0.027213403356393634,"[5.830876694377997e-10,5.4387881885693174e-08,3.6691331921530346e-09,8.365122198373924e-11,1.1557099398171915e-09,4.1359091364721276e-11,2.8515205264681507e-09,3.284720356822035e-09,1.4068384374121834e-09,4.693902920429455e-09,7.942483224929187e-09,2.5608683767303075e-09,4.826312843638661e-10,6.844119077459826e-10,5.413700073517505e-09,6.214649386371674e-09,1.916988980511085e-09,1.2273019594968154e-09,1.9032601938631941e-10,1.221235301129676e-09,1.1504634016279436e-09,3.879138460449738e-08,1.631552227462453e-09,2.6981546653484745e-10,4.621068720587941e-10,3.104903568264153e-09,5.3331530381131587e-11,7.377200819399017e-08,1.310693332864707e-09,2.619906054783321e-09,3.474531677656438e-08,2.828547883166211e-09,1.296609451436389e-08,1.0994028593752647e-08,3.206141140888159e-10,3.286229260446912e-10,1.1498123410282003e-10,3.8940944913079534e-10,5.905757542821003e-10,4.7514354402367065e-08,8.125340856376373e-10,4.4982523531362207e-10,4.069169607107212e-11,4.676435799016998e-08,7.638582042581973e-11,1.311837685309446e-10,7.903364083311353e-11,9.341142318317666e-11,6.630830638816043e-10,2.9375584353896755e-08,1.8796700055534474e-09,1.2763257229743419e-08,3.4815420209321005e-09,5.431359255712387e-10,2.2065972219570407e-08,1.278168364446825e-09,1.1182528360566821e-09,2.4025262298544865e-10,1.6828288792618078e-08,1.0602526633565411e-10,1.8041851460216677e-09,4.90028808428159e-10,1.2288683893060417e-10,7.320759646123868e-10]"
0,lifted_k8,long128,128,32,8.8228573641726e-09,0.9999990002692472,0.008825233533208162,"[8.199493279223506e-10,3.9103291470717755e-09,8.885987110456614e-09,3.409025645974284e-09,3.1450284107974153e-10,1.2016067535773073e-10,5.221076680316722e-10,2.617676347440997e-09,5.265018475884842e-09,9.007351437719785e-10,5.15683575479345e-09,1.6108888821595694e-08,8.495211611427023e-09,3.2145695656638927e-09,2.8766140259669027e-09,2.382072671752722e-08,1.7385223441406982e-10,3.8300279501732315e-09,6.783034703798774e-11,1.2002044094764621e-09,7.9317795520094e-10,1.1195218944098236e-10,3.965116516374545e-10,1.2955902666238889e-08,4.453504244704876e-09,5.079813214609985e-11,1.5550882921601308e-10,8.376971484536089e-09,2.3007725780989363e-08,3.4576081397591767e-09,2.3334873163693385e-09,1.345280334422161e-07]"
0,lifted_k8,long256,256,32,1.0582017781655223e-08,0.9999984031838436,0.006626948092322695,"[6.06836649357251e-11,1.6003200033372356e-08,2.1581654934224484e-08,2.3124218197830698e-11,5.279256404029534e-09,2.223926946764987e-08,2.1409611854910932e-09,5.352062393294279e-10,6.926286376068353e-08,2.241562806269519e-08,5.211587619745409e-10,3.523690946666269e-09,1.3592814330706804e-10,1.5675512996470462e-10,4.31001734266978e-10,5.2867362730988225e-09,1.1619881013771524e-08,4.092580393230249e-10,4.719355049000775e-11,3.377443847599887e-10,5.055831306318174e-11,1.1788518930011364e-09,5.97146512012342e-09,2.2461852913995453e-10,7.97889997171744e-09,5.247696334728552e-11,9.861178907472068e-08,2.412813501521928e-08,4.760662220882651e-09,4.3300169176142356e-11,4.623817774843109e-09,8.98879801950088e-09]"
0,lifted_k8,spatial16,64,32,1.256179288908487e-08,0.9999994562365728,0.023101577381292135,"[7.382715944928998e-10,1.1382395089775583e-09,1.4867495280767697e-09,2.2272079641908496e-10,1.8684576269773517e-11,1.931117784198565e-07,6.648151287284776e-11,1.9431533389818232e-09,4.6347156092017326e-10,4.0914795583943247e-10,5.434772351490659e-11,1.933918797634389e-09,4.575124506377365e-08,1.0998900987040094e-08,2.1520436002892343e-09,4.978367098085503e-10,4.601065324292991e-10,7.682108711312696e-09,5.8276950799796e-09,4.5332440565405245e-09,6.516977428110702e-09,1.1445312570086685e-08,4.985617019313132e-08,7.368148617495698e-09,1.8032255971748792e-09,8.904565700728834e-09,5.970967000348826e-09,5.220048849988515e-09,7.303610122071091e-09,1.750934235100754e-08,1.4914590561216546e-10,4.397120599298009e-10]"
0,original_k64,heldout,64,64,7.435344732156836e-09,0.9999997267763743,0.027213403356393634,"[5.829671503389766e-10,5.4375605057828944e-08,3.6688465436269385e-09,8.363712781340592e-11,1.1556650585228725e-09,4.136024471710372e-11,2.851566384594746e-09,3.284322341867707e-09,1.4111238497149792e-09,4.6939363873652745e-09,7.942168267667526e-09,2.562260773344982e-09,4.826165986099646e-10,6.843956379069562e-10,5.4123390907934166e-09,6.21408283520507e-09,1.9167768017416833e-09,1.2274849591761361e-09,1.902758295412623e-10,1.2211808249078636e-09,1.15041564973219e-09,3.8787244249771646e-08,1.6316090713319354e-09,2.6982356793848454e-10,4.621017386965999e-10,3.105201388679691e-09,5.3333830949721384e-11,7.374958843642411e-08,1.3106190150062196e-09,2.6198619901642885e-09,3.47417980065993e-08,2.8278251843692455e-09,1.2965960682995593e-08,1.0991690784119268e-08,3.205192413148689e-10,3.2852120457056537e-10,1.1493089796056369e-10,3.888283028885553e-10,5.904246452350207e-10,4.752055118156795e-08,8.123007781019327e-10,4.499004165832859e-10,4.0715268648823074e-11,4.676275503802396e-08,7.635624650978293e-11,1.311836398730456e-10,7.903138777212351e-11,9.339507922301484e-11,6.630734518887794e-10,2.9376433605121655e-08,1.87952702917902e-09,1.2763169744169078e-08,3.4814045911510036e-09,5.434801837083184e-10,2.2058469540536807e-08,1.2781634200444614e-09,1.1182173793672008e-09,2.399460113429062e-10,1.6826332050845364e-08,1.0602078729508012e-10,1.8042371882002854e-09,4.898726958889859e-10,1.2285382350002193e-10,7.317626654609197e-10]"
0,original_k64,long128,128,32,8.821877010266663e-09,0.9999990003803325,0.008825233533208162,"[8.193875280888087e-10,3.910740745778282e-09,8.88521421094421e-09,3.4092579794951956e-09,3.1448402733342975e-10,1.2015673033433342e-10,5.220763205510103e-10,2.6178499145741225e-09,5.264913047740329e-09,9.005206398627125e-10,5.156103076234699e-09,1.6103760263423673e-08,8.500110939765881e-09,3.214187771835197e-09,2.875941250249949e-09,2.382436697229151e-08,1.7391318023816967e-10,3.832257219026081e-09,6.781245642704798e-11,1.1999246019408138e-09,7.932304632476787e-10,1.1194030908580823e-10,3.9639410330527536e-10,1.2955497869166291e-08,4.452697291947223e-09,5.0823088558037197e-11,1.5537276410663818e-10,8.37423644317603e-09,2.3002254943664535e-08,3.4572740051872997e-09,2.332954664877523e-09,1.3450440950607545e-07]"
0,original_k64,long256,256,32,1.0582220232417805e-08,0.9999984031532939,0.006626948092322695,"[6.068176111556537e-11,1.6002461117499422e-08,2.1582266097118865e-08,2.3225039350472515e-11,5.278482669074823e-09,2.223914800231208e-08,2.139539747220186e-09,5.350999753870125e-10,6.926400059978178e-08,2.242446138348876e-08,5.209759860491386e-10,3.520800168771432e-09,1.361045685877027e-10,1.5674233568797395e-10,4.310170500706674e-10,5.286717145222759e-09,1.1619115751135278e-08,4.0913016741088285e-10,4.719587844304612e-11,3.378240272158134e-10,5.0502205145898924e-11,1.178300191657022e-09,5.970651009191974e-09,2.2461008989256775e-10,7.978001848561733e-09,5.2455882094620964e-11,9.862417001127444e-08,2.4121941724268432e-08,4.759854154486737e-09,4.325534546651121e-11,4.624167638210552e-09,8.988147866175605e-09]"
0,original_k64,spatial16,64,32,1.256026627004234e-08,0.9999994563026557,0.023101577381292135,"[7.380906916370697e-10,1.1383697655828693e-09,1.486637894951744e-09,2.2273150566270081e-10,1.8673040037209268e-11,1.9306447387020193e-07,6.648382538545907e-11,1.9431169800425874e-09,4.6345092799333665e-10,4.0919595733234003e-10,5.4331805002861557e-11,1.9335561410603705e-09,4.575078553281436e-08,1.0996160520332365e-08,2.1520658988889686e-09,4.975965898142396e-10,4.6006665193426086e-10,7.680987879586654e-09,5.8241933498237586e-09,4.532305330029816e-09,6.516918943345277e-09,1.1447063168884553e-08,4.9853095321827565e-08,7.3642093326165e-09,1.803203096909835e-09,8.902712640305475e-09,5.971094837325941e-09,5.218103976039126e-09,7.300437450744046e-09,1.752960775494583e-08,1.4911884118922924e-10,4.396811191066231e-10]"
0,original_k8,heldout,64,64,0.04501006794246029,-0.6539668836343997,0.027213403356393634,"[0.020104201371158422,0.09651863912382364,0.004806205832029788,0.006291768446784663,0.0010908249654190826,0.0025700549966600757,0.00044691624466578346,0.0170295846999408,0.37921428192287254,0.0009280778284677241,0.003926746909484565,0.0026225859847013302,0.015051648643037551,0.0028393126397260157,0.041345738086784434,0.0031638362669535788,0.003075093470522682,0.004661218984438125,0.0033636680458772835,0.0055054606483020685,0.13932978004267504,0.041966077600920415,0.0037975718022708544,0.00020491390593982178,0.0002520022251813758,0.00893638152189975,0.14066911393828957,0.24944471692012893,0.0011018789672920866,0.002100538695952134,0.013312118710755588,0.01794064176238421,0.011535781991233146,0.04468520629790694,0.0002654383705755702,0.00693739195727142,0.018008946378577195,0.8759776037178727,0.007456816901969513,0.03142413002532276,0.022696742163315263,0.006361979071176134,0.012124468329223754,0.4176171676318083,0.021794809444750797,0.00045168810923240047,0.0018160929329888672,0.019365452464169673,0.0005302778715941764,0.019042293302530138,0.007620178775232519,0.00849425020338597,7.880217850268161e-05,0.025394861085307946,0.008970978688518177,0.0032048658243336216,0.00029588429218806693,0.0008276354709774167,0.0490592436560202,0.00024315041978256694,0.01004526078963337,0.004530210781566461,0.00832343853777611,0.0018516994473750717]"
0,original_k8,long128,128,32,0.023205154393366415,-1.629409670129244,0.008825233533208162,"[0.039107109275582544,0.00015124568221319473,0.13474588229512152,0.0090064359547261,0.0002203626247354269,0.0009653393162264291,0.0023568310763101997,0.008056329837779534,0.01023554940048695,0.023571317326950048,0.047740050829253075,0.03398434325390358,0.052854288365769775,0.008834302068903364,0.07763116843045814,0.005725677442035372,0.028254043488751886,0.015606472477694314,0.005455613442227886,0.005985036607731192,0.001168403512057083,0.0006308456573927975,0.0003955200099422648,0.00012636204451311746,0.014600882560895357,0.004413179532323683,0.006958542389755867,0.1102026886610312,0.07625968771155213,0.009593623751654574,0.0016899356343734481,0.006037869925373241]"
0,original_k8,long256,256,32,0.01594359964667407,-1.4058736275820083,0.006626948092322695,"[0.00023764956490433757,0.002418359499472101,0.025296581850815517,0.0830711004732515,0.0013366891784772964,0.009211769714199715,0.023751924589567708,0.0073199591286878364,0.025282022096300164,0.05253793020056148,0.00024172022182607043,0.052995994757507665,0.0003406684379903181,0.005247149542377923,0.0008716575844950935,0.006221583039850712,0.01207284858833075,0.0015150342904104472,0.003259229438801352,0.009929731186025036,0.020903526038466513,0.011186597989405194,0.001143178379795932,0.00010188633559982323,0.0039109075955193195,0.009829980331481804,0.0016731732724010618,0.03842754540148178,0.08212285311507232,0.013015751127313777,0.0011621853517533587,0.0035580003714264404]"
0,original_k8,spatial16,64,32,0.0446293565630967,-0.9318748597330828,0.023101577381292135,"[0.00014019892475937348,0.008201421294283664,0.0027365328352085493,0.000722676979607646,0.04170195914240756,0.04256996903433738,0.00045630325622698855,0.0067934981653392495,0.015253982153917827,0.0028333007427605696,0.004582919447600938,0.009802019311512967,0.010704926595744247,0.05731758681589161,0.0005744710791214423,0.00536178448433851,0.0015894763014721513,0.027777576795697062,0.2708139455404722,0.04962085548534979,0.0002698834118359287,0.000558527158459372,0.00024442991575847795,0.08664466828658861,0.0030939796364754996,0.024888448718445637,0.00015710704574658347,0.0019219106402908873,0.16509379318212533,0.5756972970204004,0.004391762571332753,0.005622198045585187]"
1,lifted_k8,heldout,64,64,1.124219439249504e-09,0.9999999586887599,0.027213403356393634,"[6.931494072580562e-11,1.1798099145403872e-08,2.436313397118778e-10,2.181300930574764e-12,1.0310562870337065e-10,1.3141405934190664e-12,1.0677371701435534e-10,9.518516322359893e-09,2.123106260243368e-09,2.2883049578467651e-10,4.6565026140532595e-12,2.452373473564584e-09,2.1066381417743538e-12,7.639591651372022e-12,2.7098655082033463e-09,1.870789531233395e-11,1.4922038385959627e-10,1.5041510719523022e-10,1.9087518549344717e-11,7.758998809794708e-12,1.4759614472455163e-10,7.035983073944152e-09,1.0284091706429423e-10,4.0417996295792505e-11,1.0011553350196797e-11,2.2565196783678231e-10,5.14678057063258e-10,1.2020856305286244e-08,3.929961992005839e-12,3.124102301995616e-11,7.718026027851189e-10,1.0913924615939784e-09,6.789153182511481e-10,2.961844228210886e-09,2.152958893141754e-12,6.726906019520994e-12,2.628848412400197e-11,9.648888632529662e-09,1.874202075937085e-10,1.0748814685546115e-10,9.461845351380715e-11,3.7501644978935134e-11,1.0119132638475592e-11,1.5271679832187801e-09,2.7387628643086135e-11,1.4964407140936775e-11,1.0803762279865488e-11,5.845867628185524e-12,3.376184465889134e-11,3.9019190656297553e-10,2.005015445825017e-12,3.62978115446555e-10,1.1788639509013876e-10,1.7781131981305792e-11,2.4796032241369836e-09,1.571138400315638e-11,3.055680801065503e-11,1.5943121402608486e-10,1.2210137757139665e-09,1.570340657776805e-12,4.677585616476125e-11,8.253528425117861e-12,9.788767335358865e-13,3.039580619604407e-13]"
1,lifted_k8,long128,128,32,1.0265963012271744e-09,0.9999998836748855,0.008825233533208162,"[1.0737303725886973e-09,1.1548058858994181e-09,5.7427324655075045e-11,7.500529819633173e-12,1.3723231311903433e-11,1.4889640746160946e-11,6.927563337718836e-12,7.918266589779238e-11,8.291449666610051e-12,8.589361459989406e-11,6.555988879547371e-10,2.819280528197944e-09,8.989220565830403e-11,1.1661577406109195e-12,6.487337123732034e-10,9.760739771991211e-09,1.2499954747482784e-10,8.419132775921295e-10,6.356613609468841e-13,2.4507950086938377e-10,8.611146860946096e-11,3.635949253825574e-13,6.341634769396753e-10,2.0081609357174013e-10,3.1049913074704394e-13,6.835863541558193e-12,5.045320606612835e-12,5.266069105086535e-09,6.843618226802517e-09,6.552216977198149e-10,7.355172030378563e-12,1.4547595905689548e-09]"
1,lifted_k8,long256,256,32,4.1173919187242054e-10,0.9999999378689578,0.006626948092322695,"[1.0173951865608052e-12,1.3955113540436992e-10,9.842712088078964e-10,1.701327071845088e-10,2.666178690376443e-11,3.490591843346991e-11,1.1266516342371864e-09,1.665936558794851e-10,1.8800657953097126e-09,3.6690254718967086e-10,1.0139629959429618e-12,1.7635908983182347e-09,3.1503928876438006e-10,9.136984980960517e-12,1.4783993626165847e-12,4.857590340699493e-10,1.1239282941832851e-11,6.677842201869297e-11,2.909441454642944e-13,2.174694415432027e-10,1.8481605135178825e-12,3.710645785998329e-10,2.2077838949391415e-10,1.0219044053665858e-11,7.844310465944526e-11,3.6019571551049255e-12,1.9335475928694557e-10,3.8190057676148545e-09,5.308978219065522e-13,6.398108859530889e-12,2.0848146473073648e-10,4.933774634501009e-10]"
1,lifted_k8,spatial16,64,32,1.7666679973284403e-09,0.9999999235260879,0.023101577381292135,"[6.896639503765883e-11,1.6443854864656533e-12,2.103334790137714e-10,1.3882033082560883e-11,4.8757194471559554e-11,1.2969671250005494e-08,2.27173315379918e-11,9.025607652987514e-12,1.1366663894382189e-12,1.6392835395469774e-11,1.3365056642094082e-12,4.4047377126332676e-10,7.007501258947391e-10,2.3796513726540014e-09,5.098054575334524e-11,4.93929273482095e-13,1.1516271867327593e-12,1.652006146463103e-09,1.1528593597126546e-08,9.094077337238601e-13,1.2100659787606192e-10,4.546804503431992e-09,1.0355082091274836e-10,5.70669395159179e-09,1.3164009564591006e-11,2.1151300380253583e-09,7.121751105509944e-11,5.577377008587209e-10,8.83442990116945e-09,4.339667559333238e-09,4.061380462237462e-12,1.0377331421972924e-12]"
1,original_k64,heldout,64,64,1.1242941056923167e-09,0.9999999586860162,0.027213403356393634,"[6.930299829500486e-11,1.1802861324195708e-08,2.4366139227821604e-10,2.179313887605688e-12,1.030677107923721e-10,1.3112935470443788e-12,1.066628405133681e-10,9.516964480371648e-09,2.1211361105055726e-09,2.286922216269277e-10,4.621134204463306e-12,2.452773435746014e-09,2.1106839543599094e-12,7.627656102647784e-12,2.7103623503541008e-09,1.8651294983458675e-11,1.4926653194192756e-10,1.503628571208459e-10,1.9075424360170512e-11,7.746568326008044e-12,1.4582430342456945e-10,7.039501648264945e-09,1.0277779220495064e-10,4.039258344919635e-11,9.999683671616499e-12,2.2553513082852566e-10,5.142332593814983e-10,1.2023425880958107e-08,3.90516003065344e-12,3.1195194580171774e-11,7.713387927237979e-10,1.091416114440153e-09,6.784565221234313e-10,2.9612885624544227e-09,2.152330015938815e-12,6.72629282187729e-12,2.6284247199074832e-11,9.654113952706211e-09,1.874200929830039e-10,1.0810396675053902e-10,9.461243947478339e-11,3.7488137490426695e-11,1.0108445097417557e-11,1.5213394172902683e-09,2.7381223823069578e-11,1.4956139676331555e-11,1.0801781565048128e-11,5.838398087349725e-12,3.3742696631238673e-11,3.915079371807906e-10,1.997575819341676e-12,3.6288841549769746e-10,1.177946842715119e-10,1.7736312323880267e-11,2.4798566845840586e-09,1.5690001069755023e-11,3.0526474266647736e-11,1.5935275213090072e-10,1.2208246250765479e-09,1.5681244578119023e-12,4.674340461138099e-11,8.258005881209812e-12,9.77857911367e-13,3.020959692931523e-13]"
1,original_k64,long128,128,32,1.0264630357007605e-09,0.999999883689986,0.008825233533208162,"[1.0730785390558348e-09,1.1544014806574854e-09,5.756254288735675e-11,7.45630239409184e-12,1.3721409880205744e-11,1.4882489939526875e-11,6.912284715387908e-12,7.913342630894567e-11,8.247670829717585e-12,8.59179906441094e-11,6.554152087938447e-10,2.8194093225730112e-09,8.927695822197323e-11,1.1585993327386211e-12,6.484295659760454e-10,9.759237137169086e-09,1.2496678478464671e-10,8.411920504776405e-10,6.340065133815573e-13,2.4502301183555557e-10,8.599770950966455e-11,3.629390123823472e-13,6.342060314412645e-10,2.0058295432598405e-10,3.0956975264478936e-13,6.835398916497758e-12,5.059083089519606e-12,5.26614388207669e-09,6.844019880339336e-09,6.553021135997296e-10,7.38148062638666e-12,1.4545593167436532e-09]"
1,original_k64,long256,256,32,4.116561880018288e-10,0.999999937881483,0.006626948092322695,"[1.0160740285665876e-12,1.3956765691075512e-10,9.832591677303272e-10,1.699878205319201e-10,2.6614398768004155e-11,3.517525506979702e-11,1.1265273339004529e-09,1.6656311923042935e-10,1.8787573655552317e-09,3.6561016692436554e-10,1.0153135584193844e-12,1.764226324058038e-09,3.147655939605802e-10,9.114348711119764e-12,1.47129122106929e-12,4.861527074512256e-10,1.1305319744595033e-11,6.678710710828709e-11,2.903886698649714e-13,2.1777931476403556e-10,1.8410277566422383e-12,3.709163415863484e-10,2.2089601241920276e-10,1.0216358736665155e-11,7.840319040698651e-11,3.599419887393183e-12,1.9320700248015577e-10,3.819469222775727e-09,5.261139831083672e-13,6.395906425637262e-12,2.0827994797606442e-10,4.932614037275046e-10]"
1,original_k64,spatial16,64,32,1.7668324059074066e-09,0.9999999235189712,0.023101577381292135,"[6.890807994428654e-11,1.656974156239204e-12,2.1024691246763761e-10,1.386376251261859e-11,4.8711584683113165e-11,1.2965858515589113e-08,2.2702841078349218e-11,9.002225683714155e-12,1.136840633357558e-12,1.6350342336270843e-11,1.336189154955291e-12,4.404839499731536e-10,7.0014321862941e-10,2.378943442411796e-09,5.0916204846068736e-11,4.960306978497289e-13,1.1483134604121468e-12,1.6517786817146773e-09,1.1530978068219344e-08,9.09175991915178e-13,1.2084493011843035e-10,4.544735218150672e-09,1.0295952133400343e-10,5.7068087701197395e-09,1.3106160024642977e-11,2.115361870656513e-09,7.103825275418807e-11,5.579916411736774e-10,8.83488119728798e-09,4.350241094436269e-09,4.061551859899296e-12,1.0354269367187936e-12]"
1,original_k8,heldout,64,64,0.026460022318489762,0.027684190324797076,0.027213403356393634,"[0.014544627106705886,0.09196128672364151,0.006692058980239611,0.0050548015311283855,0.001040310988657981,0.0015100943367108528,0.0021653096514261177,0.005341241145484826,0.09463248074568226,0.0003076082320034831,0.006680760075446205,0.006777423027450573,0.007431960676803658,0.003000363359356318,0.037195298111197095,0.01016930951225453,0.005237225778499571,0.007501900138102993,0.00235196221512527,0.006570164218744412,0.019839154595842533,0.10758306839854137,0.005462824575232753,0.0003570141330164724,0.0006142731928230638,0.011621268334259124,0.045343677992397295,0.08078378464223782,0.004888854699813894,0.0037889551013424094,0.022102130021333745,0.017634683996474033,0.02166256488130787,0.028990569650742284,0.0005907186281804381,0.020739606835534004,0.011241479842368094,0.6844448601930039,0.00782986839534389,0.031058619682453027,0.015218135730838824,0.008020008968691093,0.014503370177742723,0.06327726117801635,0.016296312895515693,0.00032214493245604647,0.002810677259135131,0.01389185841639973,0.0007573302894433383,0.004954987146176062,0.012802358384379892,0.0018328580961870567,0.0003746279231393649,0.02877763748288614,0.005113452454200435,0.003537230195781434,0.0008857635659505551,0.0024150671347774426,0.025362994921627715,0.0005041157209573692,0.013641621761600609,0.005124387321338793,0.00981003805309449,0.0004630240260991006]"
1,original_k8,long128,128,32,0.018440185682685847,-1.0894841607644623,0.008825233533208162,"[0.030909951931259005,0.003436975833209897,0.07564870731481496,0.010242072800129894,0.00039831109462752125,0.0014114230747865393,0.0011407400061968667,0.009385205013002041,0.013341214894738804,0.017965311293792016,0.02528838982044209,0.02709231924444544,0.03487120915912853,0.018189243065574658,0.03467546956763316,0.015898512886900616,0.024293426626114435,0.017577897359957496,0.003288592527971,0.005033917311062201,0.0004377245350716555,0.0012676756181357212,0.001447789268433807,0.0011099480733726868,0.027752233852064677,0.0045355142248325025,0.001981521334205579,0.08579528525008337,0.0776306559046252,0.011802095902416727,0.00120905229613334,0.005027554760784737]"
1,original_k8,long256,256,32,0.012680173233762162,-0.9134257665986723,0.006626948092322695,"[0.00038017449656630624,0.0045078047692684725,0.04301263244884093,0.028875931924701847,0.005980206860322839,0.0016578437837019393,0.020914764829568073,0.006366370175275542,0.015736971769441305,0.02707149971391698,0.00027575303109148735,0.048387565956939174,0.00032414187068898815,0.003690935913307742,0.003003124756533255,0.008916140679771194,0.017311536518155465,0.0021939011304774048,0.0031873782564426916,0.01228014341460999,0.009719252677320756,0.009153898852147818,0.00043455069559456255,0.00011222023841909472,0.00638943459861656,0.006482137760286586,0.001526418225835418,0.02883859610920171,0.07149017523381923,0.016108521211548793,0.00044127160088018136,0.0009942439770967717]"
1,original_k8,spatial16,64,32,0.031416099902802606,-0.3599114633723517,0.023101577381292135,"[0.0004382905034563785,0.00687143419512779,0.0023716903529165706,0.00019418355653619954,0.019067633066196174,0.007149103422279533,0.0014165484792130348,0.008217475345680271,0.010149544971765536,0.0006976534566777612,0.004445839368136124,0.011893407035650724,0.008971554454792512,0.038894065628756636,0.00109551814483969,0.001204954546283876,0.003795922862335108,0.019324697319792444,0.22735263934794844,0.05189889297257248,0.0019854548621654512,0.00880772436952013,0.005813859081448868,0.06532337690154769,0.0002767692973314461,0.027738166020637327,0.0004748146134141969,0.0026899443832742067,0.1444780589339691,0.310800189352547,0.0047185567190316385,0.006757233323839169]"
2,lifted_k8,heldout,64,64,1.1245201959077098e-05,0.9995867770814327,0.027213403356393634,"[1.4749321429388906e-07,4.886824430654094e-05,5.907813372503122e-06,4.5520563597804174e-08,4.733815375320983e-07,1.3358055327936519e-08,1.5192925266974048e-06,9.154626999020865e-05,2.1319864345129003e-07,5.377809483037444e-07,1.0100317331465658e-07,3.11054708356049e-05,1.0158619844513696e-07,1.3856296227971298e-07,5.643063260838896e-06,2.3411434500504774e-06,1.0404416913359154e-06,2.06447941580805e-06,2.9599847698233043e-08,2.0634222912414943e-07,7.842209218871053e-08,0.00016862360520930597,1.2799463414756612e-06,2.3082266342585357e-07,9.461128147573031e-08,3.137467429419601e-06,5.136642917128375e-08,2.7226992515266124e-05,3.683225630286326e-07,2.6984638039523367e-07,4.255467892090116e-05,2.0922623378628923e-06,8.867936966752217e-06,1.3915793276144187e-06,1.9402516606789306e-07,2.0550673126792137e-06,1.3221866769950748e-07,9.063862216551755e-06,1.956827481320154e-07,5.31757366804865e-05,2.424195452874232e-07,7.708854338496891e-07,2.680538707650394e-07,0.00010149786676949112,3.614458153510711e-08,7.473870438057234e-08,6.083043256589264e-08,7.015463590764637e-08,1.7551654274558013e-07,5.1636536063867644e-05,4.2564534161858524e-07,6.579812537174309e-07,4.5528151460135207e-07,2.444949697129361e-06,4.183859033158807e-05,2.47980065785103e-07,4.6303541650697166e-07,2.2960539047500142e-07,3.82302089181728e-06,3.454859405987436e-08,2.5336891057145593e-07,3.332904529684863e-07,9.96380318965962e-08,4.2434343494565735e-07]"
2,lifted_k8,long128,128,32,5.945651385614987e-06,0.9993262896258505,0.008825233533208162,"[3.290706708628734e-07,1.0318351890014135e-05,4.606376349027222e-08,1.3950601482522196e-07,1.3227588786374202e-07,5.7966927764542254e-08,2.0448763918954232e-07,1.3756710701222649e-06,1.276434472998302e-07,3.403804966592163e-08,2.4171762957908285e-06,9.697248976202562e-07,4.6381618886738585e-06,7.519913034249819e-07,2.2784839767187167e-07,9.784984071410825e-05,3.075183501818047e-06,1.9413135964409245e-05,2.7163197771463748e-08,3.092188164140441e-07,6.656726407073692e-07,4.1759237021083e-08,4.304529675053931e-06,2.902252317377868e-08,1.1029236265970566e-06,1.1040342571045281e-07,3.3510844686141124e-07,3.904959066804159e-06,3.216055696639384e-05,3.1515532425620233e-06,7.041412056607018e-07,1.3056939443326088e-06]"
2,lifted_k8,long256,256,32,3.3366291719534986e-06,0.9994965059141147,0.006626948092322695,"[1.6057973651077806e-08,8.367646533316911e-07,1.5014923508130065e-05,8.266964148401787e-08,1.9681934116394675e-06,1.8588627194247864e-05,5.77770168153595e-07,7.087734688023602e-08,2.689715780666964e-05,4.16143720835668e-06,2.558631566571594e-07,6.133309568407547e-06,5.414138111690947e-07,7.411091711859148e-08,1.4680716380143249e-07,5.758431347894727e-06,5.00980421795031e-07,2.897562963012312e-07,1.211419432841427e-08,9.235332751047272e-06,3.790729832713608e-08,2.1233590480211932e-07,4.841736067993235e-07,6.952035863795015e-08,1.9936298963710037e-06,6.046027077375716e-08,6.480158063773556e-06,9.049020357970871e-07,4.041722517243555e-06,3.5396395511238023e-07,5.510047705551552e-07,4.197562832541045e-07]"
2,lifted_k8,spatial16,64,32,5.509381467091594e-06,0.9997615149227189,0.023101577381292135,"[1.066372618612768e-06,3.1921869493646385e-07,6.882167129415551e-07,9.74875755421908e-08,3.958316491221126e-08,9.953731193112071e-06,9.457292690477293e-08,2.0939692485289984e-07,7.283575790822335e-08,1.8623214703204837e-07,3.832127572549607e-08,8.03054647715207e-07,1.0940047058999357e-06,4.1851446195249886e-07,3.8858422187542657e-07,3.4779409656383283e-07,1.2760992551309784e-07,1.5910038112963362e-06,1.7212713452906953e-05,1.929633538351897e-06,3.124689629157483e-07,4.330897390776036e-05,3.939712261402748e-06,3.4016658198403327e-06,7.073371649240991e-07,7.052727945602451e-06,5.6876105072618116e-08,2.077397286113494e-05,1.795606907712896e-05,4.1927592090262866e-05,8.549337866501875e-08,9.843551766498331e-08]"
2,original_k64,heldout,64,64,1.1245189948349325e-05,0.9995867775227861,0.027213403356393634,"[1.4749303487565742e-07,4.8868224979502456e-05,5.9077873045671175e-06,4.552001497428179e-08,4.7337731192831757e-07,1.3357974036156195e-08,1.519283524101366e-06,9.154606835322376e-05,2.1318194836153492e-07,5.377726256460772e-07,1.01007468700752e-07,3.110544655253369e-05,1.0158819102515296e-07,1.3856170070132175e-07,5.642996139796014e-06,2.3411235200504884e-06,1.0404409983751783e-06,2.0644764800536406e-06,2.9599456542294546e-08,2.06339891758197e-07,7.843343348092795e-08,0.00016862348163898533,1.2799434761446317e-06,2.308201213480918e-07,9.461036744843477e-08,3.137463599172464e-06,5.136544500954348e-08,2.7226852328393214e-05,3.6831899198400336e-07,2.698423573411541e-07,4.25547417889966e-05,2.092242845010966e-06,8.867888606314489e-06,1.3915474077206072e-06,1.940238047870843e-07,2.0550455605880915e-06,1.3221699294967243e-07,9.06368755093645e-06,1.956803819686409e-07,5.3175317672873174e-05,2.424193541312387e-07,7.708859778981446e-07,2.6805103208904207e-07,0.0001014986053807787,3.6144501476195014e-08,7.473819679740215e-08,6.083033691342065e-08,7.015444948892503e-08,1.7551486376953846e-07,5.163663678800501e-05,4.256402269119933e-07,6.579996602532751e-07,4.552736633034525e-07,2.4449307282831324e-06,4.183833890951741e-05,2.479779111430639e-07,4.6303190318724077e-07,2.2959857368275356e-07,3.823037669283372e-06,3.4548339195511653e-08,2.5336458386141804e-07,3.332887978859854e-07,9.963643714473705e-08,4.24336567148788e-07]"
2,original_k64,long128,128,32,5.94564195369486e-06,0.999326290694595,0.008825233533208162,"[3.2907433695600503e-07,1.0318290032725747e-05,4.6068892136975914e-08,1.3950533371309996e-07,1.3227522995159813e-07,5.796690315404371e-08,2.0448640788725123e-07,1.3756667587509154e-06,1.2763995319763294e-07,3.4037703988965915e-08,2.417191583935408e-06,9.697240308045394e-07,4.638109021198704e-06,7.519801152687455e-07,2.278477017823645e-07,9.784970409081311e-05,3.075202612677044e-06,1.94131867208968e-05,2.7162762172208244e-08,3.092155686257482e-07,6.656677914688725e-07,4.1758719513634714e-08,4.304493928249109e-06,2.9019442430652798e-08,1.1029012427767954e-06,1.1040426704601021e-07,3.351036484916883e-07,3.904832149910498e-06,3.21606550797637e-05,3.151548294731881e-06,7.04133107923418e-07,1.3056890852923553e-06]"
2,original_k64,long256,256,32,3.33662701797739e-06,0.9994965062391475,0.006626948092322695,"[1.6057848131375702e-08,8.367438846723294e-07,1.501486967217076e-05,8.26674009167484e-08,1.9681742094784737e-06,1.858876002019602e-05,5.777531986807846e-07,7.087614460752877e-08,2.6897559684295095e-05,4.161311910180331e-06,2.5585941228545243e-07,6.1332744889924795e-06,5.413961037396592e-07,7.411000277638986e-08,1.468061589096748e-07,5.758421866315072e-06,5.00990810784396e-07,2.8975107319921033e-07,1.2114146409477897e-08,9.235266984375216e-06,3.7906240794268584e-08,2.1232904482660036e-07,4.841705091860118e-07,6.951967014026624e-08,1.9936027690664777e-06,6.04600910241278e-08,6.480030343754967e-06,9.049005496461231e-07,4.041680286490698e-06,3.539593752861066e-07,5.509954714693482e-07,4.1974520247501507e-07]"
2,original_k64,spatial16,64,32,5.509347390599444e-06,0.9997615163977911,0.023101577381292135,"[1.066373305044745e-06,3.1921991987875057e-07,6.882116885879786e-07,9.748675398733487e-08,3.9581934593639986e-08,9.95378438558523e-06,9.45720467373609e-08,2.0939458210918604e-07,7.283574724307819e-08,1.862311625476587e-07,3.832097227282729e-08,8.030500591887556e-07,1.0940298016487654e-06,4.1848715379242535e-07,3.8858002493992656e-07,3.4778894203761736e-07,1.2760830240607405e-07,1.5909685467246915e-06,1.7212521251700613e-05,1.9296130860527976e-06,3.124630467857086e-07,4.330883659947084e-05,3.939724060000871e-06,3.4015796033311403e-06,7.073351233639242e-07,7.052703651167121e-06,5.687392786325046e-08,2.0773933049197555e-05,1.7955971387526894e-05,4.1927108549718456e-05,8.549325734688208e-08,9.843457633009384e-08]"
2,original_k8,heldout,64,64,0.02583996727397888,0.05046910393484738,0.027213403356393634,"[0.0016829513263517607,0.0204242623349511,0.0031886833570429337,0.0007073137304891583,0.00027027424056108183,0.004201064128789463,0.0016605378736907202,0.05219093128467024,0.023488771182219488,0.0013318690856304381,0.014775563401659886,0.0010884578627729296,0.021716784358517757,0.006580904558691722,0.011255885102164367,0.01031726355549241,0.0004768532280103097,0.003343457956429735,0.0033974798751727747,0.008850959808324047,0.0004798294012143368,0.7701823021051889,0.004938865745662711,0.0007091779615944919,0.00041825176858357327,0.005949877764723334,0.021249614868928925,0.013567665553192281,0.0005395440321729233,0.006532880244895739,0.004285518694028079,0.0044354424043104995,0.008641773463815701,0.012636432232635575,0.005448280552862006,0.00540334573918726,0.002018292080160059,0.40743972670579853,0.002552910196964517,0.002159055781753471,0.001446453277152768,0.0038442541519433334,0.003899182346319592,0.01605299691735071,0.005854434803584422,0.0021129703019826165,0.0005730288515426627,0.008747900668039226,0.0004551295760161476,0.008893906670374686,0.00811278012532687,0.03294539946171485,0.0027042198162463985,0.011441281375369029,0.04845192723841667,0.009189497116535144,0.0012005047136910397,0.008342652734406826,0.0004896557219162595,0.0014764717875899815,0.0006674545357171817,0.0016045619688255163,0.0035060909233767196,0.0012060949019043568]"
2,original_k8,long128,128,32,0.008179640616509599,0.07315306889832252,0.008825233533208162,"[0.00741165872594941,0.00014739254369868708,0.018307260433214415,0.01962895839866915,0.0007885550469187316,0.0001692491329109384,0.0012736562536094355,0.009020406115559529,0.020570635525228607,0.003511314982600238,0.0015353806850941913,0.0036248268206696063,0.0025339710912235464,0.009701678694291995,0.00985192946523141,0.01254595066426728,0.0034182116167413203,0.00018859256813856117,0.002972243656663535,0.001988532850765724,0.0017244571082406421,0.0016420303815356805,0.0020261103269945857,0.00331703935825829,0.016956102245944335,0.003635758407871721,0.0004841681692843083,0.038641529350251044,0.016247012521403155,0.0004836796936503666,0.0028588611488225123,0.04454134574460421]"
2,original_k8,long256,256,32,0.006035620466749622,0.0892307616319079,0.006626948092322695,"[0.00024672898640329226,0.0027929241950233503,0.000468360773071422,0.014515822653378897,0.007329384765110327,0.0010250137309879385,0.0076530395137841545,0.0035513165447493573,0.008952281849349014,0.004931204502349475,0.005987033633361828,0.009600949504192333,0.0058716629925766334,0.004763805425797205,0.000380352775994018,0.0013015709488177901,0.020613400589309952,0.010234384072639761,0.0014322932538325824,0.0004415215973495774,0.007035577538654864,0.004575356474187563,0.00837351031728508,0.00029205183332027036,0.0007425659033680678,0.00099381253449884,0.010236208051745816,0.002052217261112231,0.0378787747324961,0.005443751839550769,0.0029618444297105804,0.0004611317119788058]"
2,original_k8,spatial16,64,32,0.01731585402468467,0.25044711281459053,0.023101577381292135,"[0.008441902658366203,0.007806436923488747,0.00011734909291948899,0.001398861921222869,0.009766804009805622,0.05297652771618769,0.00020666702567488301,0.012456672675439071,0.01778704255007187,0.0036337683442064003,0.0003705014265783263,0.0017155960624272283,0.00483073591761439,0.014102177191291514,0.005902176837358275,0.00017041387656628712,0.000537565728826228,0.004818418902117044,0.11512165714149739,0.03734138275795207,0.00345647955853665,0.00013598624901813776,0.00865254610795098,0.028225522637096174,0.000345238490232998,0.003851412327381501,0.006693479608346056,0.008175350375818373,0.06343048318973593,0.1265723674058238,0.0002461226543300001,0.004819681426027265]"
