block,arm,parameters,state_scalars_per_cell,resumed_from_update,training_and_intermediate_eval_seconds,peak_allocated_mib_including_resident_banks,incremental_peak_mib_including_resident_banks
0,original_k64,9,2,1,23.70677549999982,97.4150390625,35.28857421875
0,original_k8,9,2,1,10.81738519999999,95.2275390625,1.10107421875
0,lifted_k8,9,42,1,11.01776080000036,96.38134765625,2.2548828125
1,original_k64,9,2,1,23.24519220000002,97.4150390625,3.28857421875
1,original_k8,9,2,1,10.768997000000127,95.2275390625,1.10107421875
1,lifted_k8,9,42,1,10.858932600000117,96.38134765625,2.2548828125
2,original_k64,9,2,1,21.04446049999933,97.4150390625,3.28857421875
2,original_k8,9,2,1,10.80603599999995,95.2275390625,1.10107421875
2,lifted_k8,9,42,1,10.148593199999596,96.38134765625,2.2548828125
