model,primary,cohort,gate,value,threshold,pass
block00_u300,True,historical_full,reach_size32_T64_strict_map_mean,0.9986478988758625,>=0.80,True
block00_u300,True,historical_full,reach_size32_T64_strict_pooled,0.9979331725800895,>=0.80,True
block00_u300,True,historical_full,reach_size32_T64_original_ba,0.977337658405304,>=0.85,True
block00_u300,True,historical_full,reach_size32_T64_flipped_ba,0.9676901698112488,>=0.85,True
block00_u300,True,historical_full,hold_size32_T128_original_ba_drop,-0.009612858295440674,<=0.03,True
block00_u300,True,historical_full,hold_size32_T128_flipped_ba_drop,-0.00913238525390625,<=0.03,True
block00_u300,True,historical_full,hold_size32_T128_strict_mean_map_coverage_drop,-0.001352101124137528,<=0.05,True
block00_u300,True,historical_full,hold_size32_T128_strict_pooled_coverage_drop,-0.0020668274199104886,<=0.05,True
block00_u300,True,historical_full,hold_size32_T256_original_ba_drop,-0.0126228928565979,<=0.03,True
block00_u300,True,historical_full,hold_size32_T256_flipped_ba_drop,-0.01344144344329834,<=0.03,True
block00_u300,True,historical_full,hold_size32_T256_strict_mean_map_coverage_drop,-0.0010084585124536805,<=0.05,True
block00_u300,True,historical_full,hold_size32_T256_strict_pooled_coverage_drop,-0.0017223561832587775,<=0.05,True
block00_u300,True,historical_full,size32_all_changed_retention64_to256,0.998642779587405,>=0.95,True
block00_u300,True,historical_full,size32_all_changed_coverage_gain64_to256,0.09268011527377518,>=0.05,True
block00_u300,True,historical_full,size32_ever_regressed_over_ever_correct,0.026032754827670496,<=0.15,True
block00_u300,True,historical_full,size32_matched_frontier_effect,0.3851497866412237,>=0.05,True
block00_u300,True,historical_full,size32_eligible_frontier_maps,32,>=16,True
block00_u300,True,historical_full,size32_common_frontier_strata,976,>=100,True
block00_u300,True,historical_full,size64_all_changed_retention64_to256,1.0,>=0.95,True
block00_u300,True,historical_full,size64_all_changed_coverage_gain64_to256,0.3471408966148216,>=0.05,True
block00_u300,True,historical_full,size64_ever_regressed_over_ever_correct,0.016122730706118305,<=0.15,True
block00_u300,True,historical_full,size64_matched_frontier_effect,0.3446342174887749,>=0.05,True
block00_u300,True,historical_full,size64_eligible_frontier_maps,32,>=16,True
block00_u300,True,historical_full,size64_common_frontier_strata,6666,>=100,True
block00_u300,True,addressed_selection,reach_size32_T64_strict_map_mean,0.9411887208748646,>=0.80,True
block00_u300,True,addressed_selection,reach_size32_T64_strict_pooled,0.8909747292418773,>=0.80,True
block00_u300,True,addressed_selection,reach_size32_T64_original_ba,0.9699496626853943,>=0.85,True
block00_u300,True,addressed_selection,reach_size32_T64_flipped_ba,0.9731923937797546,>=0.85,True
block00_u300,True,addressed_selection,hold_size32_T128_original_ba_drop,-0.007016420364379883,<=0.03,True
block00_u300,True,addressed_selection,hold_size32_T128_flipped_ba_drop,-0.0034310221672058105,<=0.03,True
block00_u300,True,addressed_selection,hold_size32_T128_strict_mean_map_coverage_drop,0.03524211893311702,<=0.05,True
block00_u300,True,addressed_selection,hold_size32_T128_strict_pooled_coverage_drop,0.045126353790613694,<=0.05,True
block00_u300,True,addressed_selection,hold_size32_T256_original_ba_drop,-0.007071554660797119,<=0.03,True
block00_u300,True,addressed_selection,hold_size32_T256_flipped_ba_drop,-0.0031546950340270996,<=0.03,True
block00_u300,True,addressed_selection,hold_size32_T256_strict_mean_map_coverage_drop,0.034938720874864604,<=0.05,True
block00_u300,True,addressed_selection,hold_size32_T256_strict_pooled_coverage_drop,0.04476534296028878,<=0.05,True
block00_u300,True,addressed_selection,size32_all_changed_retention64_to256,0.9594320486815415,>=0.95,True
block00_u300,True,addressed_selection,size32_all_changed_coverage_gain64_to256,0.0659501709819248,>=0.05,True
block00_u300,True,addressed_selection,size32_ever_regressed_over_ever_correct,0.16,<=0.15,False
block00_u300,True,addressed_selection,size32_matched_frontier_effect,0.42340918235435887,>=0.05,True
block00_u300,True,addressed_selection,size32_eligible_frontier_maps,31,>=16,True
block00_u300,True,addressed_selection,size32_common_frontier_strata,1366,>=100,True
block00_u300,True,addressed_selection,size64_all_changed_retention64_to256,0.9999586537666418,>=0.95,True
block00_u300,True,addressed_selection,size64_all_changed_coverage_gain64_to256,0.33703099510603596,>=0.05,True
block00_u300,True,addressed_selection,size64_ever_regressed_over_ever_correct,0.013237991440495494,<=0.15,True
block00_u300,True,addressed_selection,size64_matched_frontier_effect,0.34091262861338856,>=0.05,True
block00_u300,True,addressed_selection,size64_eligible_frontier_maps,32,>=16,True
block00_u300,True,addressed_selection,size64_common_frontier_strata,5899,>=100,True
block02_u300,True,historical_full,reach_size32_T64_strict_map_mean,0.9081132150157034,>=0.80,True
block02_u300,True,historical_full,reach_size32_T64_strict_pooled,0.884946606958319,>=0.80,True
block02_u300,True,historical_full,reach_size32_T64_original_ba,0.9371975064277649,>=0.85,True
block02_u300,True,historical_full,reach_size32_T64_flipped_ba,0.9260059595108032,>=0.85,True
block02_u300,True,historical_full,hold_size32_T128_original_ba_drop,0.0008860230445861816,<=0.03,True
block02_u300,True,historical_full,hold_size32_T128_flipped_ba_drop,-0.00549924373626709,<=0.03,True
block02_u300,True,historical_full,hold_size32_T128_strict_mean_map_coverage_drop,-0.04520971041307631,<=0.05,True
block02_u300,True,historical_full,hold_size32_T128_strict_pooled_coverage_drop,-0.07096107475025837,<=0.05,True
block02_u300,True,historical_full,hold_size32_T256_original_ba_drop,0.006195366382598877,<=0.03,True
block02_u300,True,historical_full,hold_size32_T256_flipped_ba_drop,-0.0044558048248291016,<=0.03,True
block02_u300,True,historical_full,hold_size32_T256_strict_mean_map_coverage_drop,-0.03385452971465697,<=0.05,True
block02_u300,True,historical_full,hold_size32_T256_strict_pooled_coverage_drop,-0.054770926627626615,<=0.05,True
block02_u300,True,historical_full,size32_all_changed_retention64_to256,0.9685474948632843,>=0.95,True
block02_u300,True,historical_full,size32_all_changed_coverage_gain64_to256,0.09544668587896254,>=0.05,True
block02_u300,True,historical_full,size32_ever_regressed_over_ever_correct,0.32238959701300374,<=0.15,False
block02_u300,True,historical_full,size32_matched_frontier_effect,0.2940229213201597,>=0.05,True
block02_u300,True,historical_full,size32_eligible_frontier_maps,30,>=16,True
block02_u300,True,historical_full,size32_common_frontier_strata,1667,>=100,True
block02_u300,True,historical_full,size64_all_changed_retention64_to256,0.9264164041223901,>=0.95,False
block02_u300,True,historical_full,size64_all_changed_coverage_gain64_to256,0.24240622140896612,>=0.05,True
block02_u300,True,historical_full,size64_ever_regressed_over_ever_correct,0.32865052718383697,<=0.15,False
block02_u300,True,historical_full,size64_matched_frontier_effect,0.22118330689672863,>=0.05,True
block02_u300,True,historical_full,size64_eligible_frontier_maps,32,>=16,True
block02_u300,True,historical_full,size64_common_frontier_strata,9554,>=100,True
block02_u300,True,addressed_selection,reach_size32_T64_strict_map_mean,0.9098982526422724,>=0.80,True
block02_u300,True,addressed_selection,reach_size32_T64_strict_pooled,0.896028880866426,>=0.80,True
block02_u300,True,addressed_selection,reach_size32_T64_original_ba,0.9376894235610962,>=0.85,True
block02_u300,True,addressed_selection,reach_size32_T64_flipped_ba,0.9475479125976562,>=0.85,True
block02_u300,True,addressed_selection,hold_size32_T128_original_ba_drop,-0.008075594902038574,<=0.03,True
block02_u300,True,addressed_selection,hold_size32_T128_flipped_ba_drop,-0.00984269380569458,<=0.03,True
block02_u300,True,addressed_selection,hold_size32_T128_strict_mean_map_coverage_drop,-0.05483482803677153,<=0.05,True
block02_u300,True,addressed_selection,hold_size32_T128_strict_pooled_coverage_drop,-0.09638989169675094,<=0.05,True
block02_u300,True,addressed_selection,hold_size32_T256_original_ba_drop,-0.003432929515838623,<=0.03,True
block02_u300,True,addressed_selection,hold_size32_T256_flipped_ba_drop,-0.007859945297241211,<=0.03,True
block02_u300,True,addressed_selection,hold_size32_T256_strict_mean_map_coverage_drop,-0.058365600761463465,<=0.05,True
block02_u300,True,addressed_selection,hold_size32_T256_strict_pooled_coverage_drop,-0.1028880866425993,<=0.05,True
block02_u300,True,addressed_selection,size32_all_changed_retention64_to256,1.0,>=0.95,True
block02_u300,True,addressed_selection,size32_all_changed_coverage_gain64_to256,0.13458720078163167,>=0.05,True
block02_u300,True,addressed_selection,size32_ever_regressed_over_ever_correct,0.27270327349524814,<=0.15,False
block02_u300,True,addressed_selection,size32_matched_frontier_effect,0.260733062739111,>=0.05,True
block02_u300,True,addressed_selection,size32_eligible_frontier_maps,31,>=16,True
block02_u300,True,addressed_selection,size32_common_frontier_strata,1584,>=100,True
block02_u300,True,addressed_selection,size64_all_changed_retention64_to256,0.9827586206896551,>=0.95,True
block02_u300,True,addressed_selection,size64_all_changed_coverage_gain64_to256,0.2701468189233279,>=0.05,True
block02_u300,True,addressed_selection,size64_ever_regressed_over_ever_correct,0.2588533647314555,<=0.15,False
block02_u300,True,addressed_selection,size64_matched_frontier_effect,0.25868015804111566,>=0.05,True
block02_u300,True,addressed_selection,size64_eligible_frontier_maps,32,>=16,True
block02_u300,True,addressed_selection,size64_common_frontier_strata,7194,>=100,True
block00_u275,False,historical_full,reach_size32_T64_strict_map_mean,0.9240071369270254,>=0.80,True
block00_u275,False,historical_full,reach_size32_T64_strict_pooled,0.9424733034791595,>=0.80,True
block00_u275,False,historical_full,reach_size32_T64_original_ba,0.9529075622558594,>=0.85,True
block00_u275,False,historical_full,reach_size32_T64_flipped_ba,0.9519146084785461,>=0.85,True
block00_u275,False,historical_full,hold_size32_T128_original_ba_drop,-0.007383584976196289,<=0.03,True
block00_u275,False,historical_full,hold_size32_T128_flipped_ba_drop,-0.008176624774932861,<=0.03,True
block00_u275,False,historical_full,hold_size32_T128_strict_mean_map_coverage_drop,-0.00932619640630794,<=0.05,True
block00_u275,False,historical_full,hold_size32_T128_strict_pooled_coverage_drop,-0.015501205649328331,<=0.05,True
block00_u275,False,historical_full,hold_size32_T256_original_ba_drop,-0.011610865592956543,<=0.03,True
block00_u275,False,historical_full,hold_size32_T256_flipped_ba_drop,-0.013224244117736816,<=0.03,True
block00_u275,False,historical_full,hold_size32_T256_strict_mean_map_coverage_drop,-0.00932619640630794,<=0.05,True
block00_u275,False,historical_full,hold_size32_T256_strict_pooled_coverage_drop,-0.015501205649328331,<=0.05,True
block00_u275,False,historical_full,size32_all_changed_retention64_to256,0.9989666371420136,>=0.95,True
block00_u275,False,historical_full,size32_all_changed_coverage_gain64_to256,0.09106628242074921,>=0.05,True
block00_u275,False,historical_full,size32_ever_regressed_over_ever_correct,0.0816377480963675,<=0.15,True
block00_u275,False,historical_full,size32_matched_frontier_effect,0.3068431513845378,>=0.05,True
block00_u275,False,historical_full,size32_eligible_frontier_maps,32,>=16,True
block00_u275,False,historical_full,size32_common_frontier_strata,1491,>=100,True
block00_u275,False,historical_full,size64_all_changed_retention64_to256,1.0,>=0.95,True
block00_u275,False,historical_full,size64_all_changed_coverage_gain64_to256,0.26960201280878326,>=0.05,True
block00_u275,False,historical_full,size64_ever_regressed_over_ever_correct,0.020839929765982555,<=0.15,True
block00_u275,False,historical_full,size64_matched_frontier_effect,0.29206741982228435,>=0.05,True
block00_u275,False,historical_full,size64_eligible_frontier_maps,32,>=16,True
block00_u275,False,historical_full,size64_common_frontier_strata,8419,>=100,True
block00_u275,False,addressed_selection,reach_size32_T64_strict_map_mean,0.9536269436779072,>=0.80,True
block00_u275,False,addressed_selection,reach_size32_T64_strict_pooled,0.9379061371841155,>=0.80,True
block00_u275,False,addressed_selection,reach_size32_T64_original_ba,0.9710139036178589,>=0.85,True
block00_u275,False,addressed_selection,reach_size32_T64_flipped_ba,0.9697061777114868,>=0.85,True
block00_u275,False,addressed_selection,hold_size32_T128_original_ba_drop,-0.009309053421020508,<=0.03,True
block00_u275,False,addressed_selection,hold_size32_T128_flipped_ba_drop,-0.007203340530395508,<=0.03,True
block00_u275,False,addressed_selection,hold_size32_T128_strict_mean_map_coverage_drop,-0.014516260205587939,<=0.05,True
block00_u275,False,addressed_selection,hold_size32_T128_strict_pooled_coverage_drop,-0.025631768953068623,<=0.05,True
block00_u275,False,addressed_selection,hold_size32_T256_original_ba_drop,-0.014830291271209717,<=0.03,True
block00_u275,False,addressed_selection,hold_size32_T256_flipped_ba_drop,-0.009968042373657227,<=0.03,True
block00_u275,False,addressed_selection,hold_size32_T256_strict_mean_map_coverage_drop,-0.015123056322092765,<=0.05,True
block00_u275,False,addressed_selection,hold_size32_T256_strict_pooled_coverage_drop,-0.026353790613718453,<=0.05,True
block00_u275,False,addressed_selection,size32_all_changed_retention64_to256,0.9965865241911547,>=0.95,True
block00_u275,False,addressed_selection,size32_all_changed_coverage_gain64_to256,0.09819247679531029,>=0.05,True
block00_u275,False,addressed_selection,size32_ever_regressed_over_ever_correct,0.05987947172714451,<=0.15,True
block00_u275,False,addressed_selection,size32_matched_frontier_effect,0.39586816330219177,>=0.05,True
block00_u275,False,addressed_selection,size32_eligible_frontier_maps,32,>=16,True
block00_u275,False,addressed_selection,size32_common_frontier_strata,1639,>=100,True
block00_u275,False,addressed_selection,size64_all_changed_retention64_to256,1.0,>=0.95,True
block00_u275,False,addressed_selection,size64_all_changed_coverage_gain64_to256,0.2628686158865604,>=0.05,True
block00_u275,False,addressed_selection,size64_ever_regressed_over_ever_correct,0.018177546765336387,<=0.15,True
block00_u275,False,addressed_selection,size64_matched_frontier_effect,0.2903667896925175,>=0.05,True
block00_u275,False,addressed_selection,size64_eligible_frontier_maps,32,>=16,True
block00_u275,False,addressed_selection,size64_common_frontier_strata,7144,>=100,True
