block,arm,update,joint_pass,evaluation_status,checkpoint,checkpoint_hash,size32_R_strict_pooled_T64,size32_R_strict_mean_T64,size32_S_retention64_to256,size32_S_continuous_survival64_to256,size32_retention_reference_maps,size32_retention_reference_pixels,size32_coverage_T128_pooled,size32_coverage_T128_mean_map,size32_coverage_T256_pooled,size32_coverage_T256_mean_map,size32_original_balanced_accuracy_T64,size32_original_bce_T64,size32_flipped_balanced_accuracy_T64,size32_flipped_bce_T64,size32_original_balanced_accuracy_T128,size32_original_bce_T128,size32_flipped_balanced_accuracy_T128,size32_flipped_bce_T128,size32_original_balanced_accuracy_T256,size32_original_bce_T256,size32_flipped_balanced_accuracy_T256,size32_flipped_bce_T256,size64_R_strict_pooled_T64,size64_R_strict_mean_T64,size64_S_retention64_to256,size64_S_continuous_survival64_to256,size64_retention_reference_maps,size64_retention_reference_pixels,size64_coverage_T128_pooled,size64_coverage_T128_mean_map,size64_coverage_T256_pooled,size64_coverage_T256_mean_map,size64_original_balanced_accuracy_T64,size64_original_bce_T64,size64_flipped_balanced_accuracy_T64,size64_flipped_bce_T64,size64_original_balanced_accuracy_T128,size64_original_bce_T128,size64_flipped_balanced_accuracy_T128,size64_flipped_bce_T128,size64_original_balanced_accuracy_T256,size64_original_bce_T256,size64_flipped_balanced_accuracy_T256,size64_flipped_bce_T256
0,additive,300,False,COMPLETE,"""block00/additive/checkpoints/u300.pt""",,0.0,0.0,0.006164685160722149,0.005724350506384853,32.0,2271.0,0.18844650708353688,0.23406655406275356,0.001709819247679531,0.0027964055911600403,0.7936633229255676,0.49633026123046875,0.8370512127876282,0.4109010100364685,0.7296868562698364,0.8720141649246216,0.7765301465988159,0.7250499725341797,0.5024451613426208,2.1987316608428955,0.5186986923217773,1.959639310836792,0.0,0.0,0.032929292929292926,0.032525252525252527,32.0,4950.0,0.07393650395281717,0.08782464857892218,0.004090852051700339,0.00541643541571152,0.6913796663284302,0.8123619556427002,0.7207897901535034,0.7267253994941711,0.6105309128761292,1.352495551109314,0.6277564764022827,1.2320455312728882,0.5099436044692993,2.7707808017730713,0.5065720081329346,2.626121997833252
0,current,300,True,COMPLETE,"""block00/current/checkpoints/u300.pt""",,0.8909747292418773,0.9411887208748646,0.9594320486815415,0.9592760180995475,32.0,6409.0,0.826819736199316,0.8879599153727392,0.8486809965803616,0.9021908977153106,0.9699496626853943,0.17085185647010803,0.9731923937797546,0.14907751977443695,0.9769660830497742,0.33501574397087097,0.9766234159469604,0.39727193117141724,0.9770212173461914,0.8058820962905884,0.9763470888137817,1.0689129829406738,0.9995361781076066,0.9992658850554785,0.9999586537666418,0.9998346150665675,32.0,24186.0,0.8067260634960471,0.8597722250122639,0.9440331283724432,0.9603910424948348,0.9458109140396118,0.19075588881969452,0.945702314376831,0.18878984451293945,0.9751117825508118,0.13277511298656464,0.9765408039093018,0.13658392429351807,0.9945164918899536,0.05145656317472458,0.9925183653831482,0.07465939223766327
0,delta,300,False,COMPLETE,"""block00/delta/checkpoints/u300.pt""",,0.14765342960288808,0.26864210560426127,0.0,0.0,32.0,3700.0,0.0,0.0,0.0,0.0,0.8861966729164124,0.32957029342651367,0.8975724577903748,0.31387025117874146,0.5026630759239197,0.9204160571098328,0.4866332411766052,0.9460372924804688,0.5,1.0482051372528076,0.484375,1.0711874961853027,0.3359230055658627,0.32162782672431794,0.0,0.0,32.0,9369.0,0.0,0.0,0.0,0.0,0.8143402338027954,0.40518277883529663,0.8535012006759644,0.36575847864151,0.5,1.019345998764038,0.5,1.0155564546585083,0.5,1.2087534666061401,0.5,1.2063928842544556
1,additive,300,False,COMPLETE,"""block01/additive/checkpoints/u300.pt""",,0.022743682310469315,0.10334698531779679,0.06790799561883899,0.02190580503833516,32.0,1826.0,0.09355153883732291,0.12574600998744742,0.04250122129946263,0.053700727024102474,0.8093993663787842,0.4109240174293518,0.8126393556594849,0.37421566247940063,0.6120157241821289,0.6701548099517822,0.5988313555717468,0.6500365734100342,0.5061247944831848,1.5835154056549072,0.4933479428291321,1.6669172048568726,0.046498144712430425,0.04188731387972497,0.03814884302689181,0.005315822388993121,31.0,3198.0,0.03280210816915548,0.038970021418618495,0.008332287614506212,0.01042355273205103,0.5984296798706055,0.9049424529075623,0.6164114475250244,0.8378471732139587,0.5468606948852539,1.5567421913146973,0.5545300245285034,1.403733491897583,0.504827618598938,3.5008838176727295,0.5069694519042969,3.1546943187713623
1,current,300,False,COMPLETE,"""block01/current/checkpoints/u300.pt""",,0.08375451263537906,0.19103507932105515,0.9827639273622654,0.9766081871345029,32.0,3249.0,0.5586223742061553,0.6374670474058323,0.5931851489985345,0.6691396518365149,0.8786708116531372,0.24493999779224396,0.8742806911468506,0.21417751908302307,0.9232579469680786,0.40597084164619446,0.9297915697097778,0.3263765871524811,0.9280709028244019,0.9719542264938354,0.939303994178772,0.7568718194961548,0.42915120593692024,0.41413559204199146,0.9199407613903651,0.9051311089816186,32.0,11479.0,0.3428535575354499,0.4065189983254911,0.35138662316476343,0.417202366266735,0.8551393747329712,0.24988389015197754,0.8650139570236206,0.22994159162044525,0.8740974068641663,0.2191026359796524,0.8819136023521423,0.21269837021827698,0.8863610029220581,0.3408110737800598,0.885711669921875,0.36038798093795776
1,delta,300,False,COMPLETE,"""block01/delta/checkpoints/u300.pt""",,0.02924187725631769,0.03824348296518891,0.5698511761881901,0.5328852616418627,32.0,2083.0,0.21006350757205666,0.2629768646845909,0.18942354665363947,0.2548817712863326,0.8089252710342407,0.3396541476249695,0.8294479846954346,0.33055275678634644,0.7653305530548096,0.8583903908729553,0.7929532527923584,0.8290088772773743,0.7502827644348145,1.8693208694458008,0.7757464647293091,1.75638747215271,0.06435528756957329,0.07214913439670076,0.8874576271186441,0.836271186440678,31.0,5900.0,0.18486635713389385,0.21696894111034765,0.1825825072154599,0.22017052857175287,0.7119711637496948,1.0414576530456543,0.7249420881271362,1.0346466302871704,0.7673602104187012,1.9813369512557983,0.7629068493843079,2.044877529144287,0.7654305696487427,3.8937158584594727,0.7528297305107117,4.0380539894104
2,additive,300,False,COMPLETE,"""block02/additive/checkpoints/u300.pt""",,0.10866425992779784,0.13757526830761854,0.15516206482593037,0.14015606242497,32.0,3332.0,0.20908646800195407,0.24829795611103134,0.06961406936980948,0.07527228064748909,0.8644010424613953,0.25333237648010254,0.8862720727920532,0.22425326704978943,0.772584080696106,0.5850532650947571,0.7784932851791382,0.5585787892341614,0.576053261756897,2.5131540298461914,0.5584039688110352,2.5584933757781982,0.23341836734693877,0.23669366671068304,0.15859915235333483,0.13417354450144992,32.0,8966.0,0.1341197138913289,0.15790408503019937,0.039126615635587905,0.04525792288167203,0.7974860072135925,0.3425115942955017,0.8184642791748047,0.3044227361679077,0.7328776121139526,0.7841854095458984,0.7474634647369385,0.7080259323120117,0.5621306896209717,2.9758334159851074,0.5669558048248291,2.8271780014038086
2,current,300,True,COMPLETE,"""block02/current/checkpoints/u300.pt""",,0.896028880866426,0.9098982526422724,1.0,0.9984184722441879,31.0,6323.0,0.8729848558866634,0.8943750548311417,0.9068148510014655,0.918429935983936,0.9376894235610962,0.32140424847602844,0.9475479125976562,0.2728327810764313,0.9457650184631348,0.6708601713180542,0.9573906064033508,0.5599875450134277,0.9411223530769348,1.6188609600067139,0.9554078578948975,1.3437727689743042,0.9630102040816326,0.9519635600523683,0.9827586206896551,0.9807526984430223,32.0,20938.0,0.6923327895595432,0.7574152680709789,0.7956330781779395,0.8353023672972966,0.9286611080169678,0.31363779306411743,0.9232467412948608,0.3247491717338562,0.9510347843170166,0.4281347393989563,0.952057957649231,0.4287155270576477,0.9579654335975647,0.758560299873352,0.9531527757644653,0.9062371850013733
2,delta,300,False,COMPLETE,"""block02/delta/checkpoints/u300.pt""",,0.04657039711191336,0.05653114704697392,0.07561279601163273,0.07312006647278771,32.0,2407.0,0.18722520762090863,0.22043994844076684,0.02918905715681485,0.04537844707414096,0.7706761956214905,0.4912066161632538,0.7856051921844482,0.4464128315448761,0.6748975515365601,1.0851125717163086,0.6588994264602661,1.2541563510894775,0.5775179862976074,4.0057525634765625,0.5476742386817932,4.402056694030762,0.10934601113172542,0.12418548862118983,0.42679413305395497,0.4245678365636459,32.0,7636.0,0.21929978667335925,0.259216905103887,0.10074036892960221,0.1360305647637862,0.7874494194984436,0.45756345987319946,0.8105144500732422,0.4350445866584778,0.8070557713508606,0.6304628252983093,0.8127762675285339,0.5945054292678833,0.6428205370903015,2.9536688327789307,0.6398742198944092,2.994645595550537
3,additive,300,False,COMPLETE,"""block03/additive/checkpoints/u300.pt""",,0.26534296028880866,0.3516934048230791,0.0,0.0,24.0,1481.0,0.0,0.0,0.0,0.0,0.6774336099624634,1.0420732498168945,0.6678683161735535,1.0658180713653564,0.5,4.476942539215088,0.515625,4.396327495574951,0.5,12.435531616210938,0.515625,12.063996315002441,0.22251855287569575,0.21712277681991682,0.0,0.0,28.0,4918.0,0.0,0.0,0.0,0.0,0.7592730522155762,0.5549864768981934,0.7733889222145081,0.5181918144226074,0.5,3.5564842224121094,0.5,3.445476770401001,0.5,11.60476303100586,0.5,11.467376708984375
3,current,300,False,COMPLETE,"""block03/current/checkpoints/u300.pt""",,0.24584837545126353,0.37367499212012684,0.9207591933570581,0.7368920521945433,32.0,4215.0,0.5366389838788471,0.6192508521999792,0.5992916463116756,0.6749581123148516,0.9132531881332397,0.20111659169197083,0.9192020297050476,0.1850072145462036,0.9131418466567993,0.24184228479862213,0.9242557287216187,0.22514891624450684,0.9240052700042725,0.25163859128952026,0.9409310817718506,0.2068352997303009,0.20941558441558442,0.22309117451316998,0.9879966008073082,0.8565965583173997,32.0,9414.0,0.2642489647383611,0.32122728766545394,0.395156230392772,0.476319789910511,0.8171567916870117,0.4207640290260315,0.8354210257530212,0.3580896854400635,0.8361762762069702,0.40706098079681396,0.8545633554458618,0.3666999042034149,0.8798069953918457,0.4456631541252136,0.904452383518219,0.3354593515396118
3,delta,300,False,COMPLETE,"""block03/delta/checkpoints/u300.pt""",,0.5068592057761733,0.6315552758086951,0.0,0.0,32.0,3624.0,0.016976062530532486,0.03589719004464574,0.0,0.0,0.8653324842453003,0.24608349800109863,0.8703871965408325,0.23112806677818298,0.5928786993026733,1.143991470336914,0.6133098602294922,1.0508867502212524,0.5,4.506242752075195,0.515625,4.287932395935059,0.2320269016697588,0.22766235205963609,0.0,0.0,32.0,5027.0,0.0,0.0,0.0,0.0,0.7865442037582397,0.4172425866127014,0.8110660314559937,0.3855848014354706,0.5514892339706421,1.4264017343521118,0.559989333152771,1.335188388824463,0.5,4.874382019042969,0.5,4.76286506652832
