seed,K,size,T,BA,flipped_BA,strict_16_32_mean,strict_16_32_pooled_accuracy,strict_16_32_eligible_maps,strict_16_32_pooled_pixels,far_gt16_mean,far_gt16_pooled_accuracy,far_gt16_eligible_maps,far_gt16_pooled_pixels,far_gt32_mean,far_gt32_pooled_accuracy,far_gt32_eligible_maps,far_gt32_pooled_pixels,32_64_mean,32_64_pooled_accuracy,32_64_eligible_maps,32_64_pooled_pixels,64_128_mean,64_128_pooled_accuracy,64_128_eligible_maps,64_128_pooled_pixels,128_inf_mean,128_inf_pooled_accuracy,128_inf_eligible_maps,128_inf_pooled_pixels
2,8,32,64,0.9845311641693115,0.9768273830413818,0.9370121752102093,0.9297464016449623,32,2918,0.8441875702920144,0.7073552425665102,32,4473,0.49111993602077714,0.2552891396332863,17,1418,0.5395721071705417,0.290032154340836,18,1555,,,0,0,,,0,0
2,8,32,128,0.9826887845993042,0.9783662557601929,0.9348340875066625,0.9276901987662782,32,2918,0.8678378929812369,0.7663760339816678,32,4473,0.57504307443361,0.44569816643159377,17,1418,0.6122763431343328,0.46366559485530545,18,1555,,,0,0,,,0,0
2,8,32,256,0.9829938411712646,0.9785671830177307,0.9395854494006368,0.932145305003427,32,2918,0.8711378848514665,0.7692823608316566,32,4473,0.5779856040250481,0.44428772919605075,17,1418,0.6149850652480194,0.46366559485530545,18,1555,,,0,0,,,0,0
2,8,64,64,0.8713830709457397,0.903485894203186,0.8894289646165475,0.8908099326990021,32,8618,0.3497008115926212,0.2564004480996748,32,36599,0.12676141582877087,0.05069981046799825,32,27436,0.16346189805755584,0.1074125346086081,32,15892,0.0,0.0,24,11718,0.0,0.0,3,371
2,8,64,128,0.8792449235916138,0.8960937857627869,0.8886269925709709,0.8899976792759341,32,8618,0.48692342174390446,0.41446487608951066,32,36599,0.31709831839327535,0.26166350779997083,32,27436,0.4013284760647818,0.3830229046060911,32,15892,0.18393131224311948,0.12049837856289469,24,11718,0.0,0.0,3,371
2,8,64,256,0.8895080089569092,0.8916560411453247,0.8950191104060633,0.8964957066604781,32,8618,0.545447067883646,0.4960791278450231,32,36599,0.3851412789131451,0.3678014287797055,32,27436,0.40652909492174416,0.3858545179964762,32,15892,0.351129193462517,0.36678614097968937,24,11718,0.0,0.0,3,371
2,16,32,64,0.9777617454528809,0.9831918478012085,0.9905820627986056,0.9883481836874571,32,2918,0.8639162891063789,0.7487145092778895,32,4473,0.4017477928260115,0.2461212976022567,17,1418,0.4845012978610596,0.2990353697749196,18,1555,,,0,0,,,0,0
2,16,32,128,0.9746131896972656,0.981762170791626,0.989652192681884,0.9869773817683345,32,2918,0.8528746253067957,0.7261345852895149,32,4473,0.36345669457426993,0.18265162200282087,17,1418,0.4442789537163807,0.23665594855305466,18,1555,,,0,0,,,0,0
2,16,32,256,0.974845290184021,0.9805206060409546,0.9899763892507694,0.9876627827278959,32,2918,0.8479564985946558,0.7207690587972279,32,4473,0.33865243082128893,0.17066290550070523,17,1418,0.425433245347991,0.21993569131832796,18,1555,,,0,0,,,0,0
2,16,64,64,0.8737010955810547,0.9075473546981812,0.9675150997677912,0.9614759805059179,32,8618,0.4061623120029445,0.3030957129976229,32,36599,0.17083042732900866,0.08838752004665403,32,27436,0.23641176660081836,0.17662975081802165,32,15892,0.0,0.0,24,11718,0.0,0.0,3,371
2,16,64,128,0.8702060580253601,0.9004606008529663,0.9659624053170939,0.9598514736597819,32,8618,0.3790072231878234,0.28202956364928006,32,36599,0.12624186747020377,0.06181659133984546,32,27436,0.18038631966132235,0.12899572111754343,32,15892,0.0,0.0,24,11718,0.0,0.0,3,371
2,16,64,256,0.8720948696136475,0.8980287313461304,0.9686073215378751,0.9632165235553493,32,8618,0.3746186488102872,0.2799530041804421,32,36599,0.11784588612670724,0.05849978130922875,32,27436,0.1698567255361176,0.12238862320664486,32,15892,0.0,0.0,24,11718,0.0,0.0,3,371
2,64,32,64,0.8911983966827393,0.9019945859909058,0.001620040421549246,0.0013708019191226869,32,2918,0.0013616373708981821,0.000894254415381176,32,4473,0.0,0.0,17,1418,0.0,0.0,18,1555,,,0,0,,,0,0
2,64,32,128,0.8996617794036865,0.9134165048599243,0.09602018118653982,0.045236463331048665,32,2918,0.09045824796302071,0.029510395707578806,32,4473,0.0,0.0,17,1418,0.0,0.0,18,1555,,,0,0,,,0,0
2,64,32,256,0.8944460153579712,0.9152247905731201,0.12865888787556093,0.07813570938999315,32,2918,0.11987579602188353,0.05678515537670467,32,4473,0.018705134383502502,0.006346967559943582,17,1418,0.028216321418529835,0.016720257234726688,18,1555,,,0,0,,,0,0
2,64,64,64,0.7692015171051025,0.7933402061462402,0.009543029921816156,0.006730099791134834,32,8618,0.002432307025952056,0.0015847427525342223,32,36599,0.0,0.0,32,27436,0.0,0.0,32,15892,0.0,0.0,24,11718,0.0,0.0,3,371
2,64,64,128,0.7860192656517029,0.8123139142990112,0.06244615069145675,0.05326061731260153,32,8618,0.016595138221770316,0.012541326265744966,32,36599,0.0,0.0,32,27436,0.0,0.0,32,15892,0.0,0.0,24,11718,0.0,0.0,3,371
2,64,64,256,0.8096562623977661,0.7842523455619812,0.11101349757732851,0.1025760037131585,32,8618,0.04605920812544505,0.03229596437061122,32,36599,0.023099214410514952,0.008601837002478496,32,27436,0.030422174652654968,0.018751573118550215,32,15892,0.0,0.0,24,11718,0.0,0.0,3,371
3,8,32,64,0.9058163166046143,0.9058716893196106,0.21853083845720084,0.17272104180945852,32,2918,0.1910056132303552,0.11267605633802817,32,4473,0.0,0.0,17,1418,0.0,0.0,18,1555,,,0,0,,,0,0
3,8,32,128,0.8900318145751953,0.8923236131668091,0.11102461057017657,0.057230980123372174,32,2918,0.1012977369419957,0.037335121842164094,32,4473,0.0,0.0,17,1418,0.0,0.0,18,1555,,,0,0,,,0,0
3,8,32,256,0.8907124996185303,0.8800822496414185,0.10541224646678819,0.07573680603152845,32,2918,0.0908082724128411,0.04940755644980997,32,4473,0.0,0.0,17,1418,0.0,0.0,18,1555,,,0,0,,,0,0
3,8,64,64,0.795478105545044,0.8200868368148804,0.16707564759750082,0.16210257600371317,32,8618,0.05503994765716981,0.03817044181535015,32,36599,0.0,0.0,32,27436,0.0,0.0,32,15892,0.0,0.0,24,11718,0.0,0.0,3,371
3,8,64,128,0.782102108001709,0.810030996799469,0.10186172841763232,0.08923184033418427,32,8618,0.030406481914101974,0.021011503046531325,32,36599,0.0,0.0,32,27436,0.0,0.0,32,15892,0.0,0.0,24,11718,0.0,0.0,3,371
3,8,64,256,0.7607864737510681,0.7831703424453735,0.09531864516671365,0.09201670921327454,32,8618,0.030563078946224134,0.021667258668269625,32,36599,0.0,0.0,32,27436,0.0,0.0,32,15892,0.0,0.0,24,11718,0.0,0.0,3,371
3,16,32,64,0.9736340641975403,0.9716894626617432,0.9018825105813748,0.8776559287183002,32,2918,0.7548599063000577,0.5897607869438856,32,4473,0.07505187347682778,0.030324400564174896,17,1418,0.10121199087694362,0.049517684887459806,18,1555,,,0,0,,,0,0
3,16,32,128,0.9678982496261597,0.9657800197601318,0.8421736890555008,0.7998629198080878,32,2918,0.702996791631779,0.5314106863402638,32,4473,0.01059976278873443,0.014104372355430184,17,1418,0.024819177448674356,0.02765273311897106,18,1555,,,0,0,,,0,0
3,16,32,256,0.9638313055038452,0.962087094783783,0.8142983300779959,0.7563399588759424,32,2918,0.6956914967025709,0.5159847976749385,32,4473,0.04940366715969157,0.0465444287729196,17,1418,0.08810564180347333,0.06495176848874598,18,1555,,,0,0,,,0,0
3,16,64,64,0.879119873046875,0.9107030034065247,0.9501657451348422,0.9401253190995591,32,8618,0.333758627525813,0.2471105767917156,32,36599,0.07968220643195274,0.024092433299314767,32,27436,0.11242140063115619,0.05927510697206141,32,15892,0.0,0.0,24,11718,0.0,0.0,3,371
3,16,64,128,0.8703364133834839,0.9019755125045776,0.8773996873295246,0.8642376421443491,32,8618,0.30058062410703434,0.22148146124211043,32,36599,0.05893697179136496,0.016511153229333723,32,27436,0.08409025008080924,0.04140448024163101,32,15892,0.0,0.0,24,11718,0.0,0.0,3,371
3,16,64,256,0.8612912893295288,0.894898533821106,0.7629968589654388,0.7686238106289163,32,8618,0.28726304449205897,0.2130659307631356,32,36599,0.09885663368441856,0.03604752879428488,32,27436,0.1222804520030854,0.07381072237603825,32,15892,0.00010602205258693808,8.533879501621438e-05,24,11718,0.0,0.0,3,371
3,64,32,64,0.9583376049995422,0.9535811543464661,0.7643949189889494,0.705620287868403,32,2918,0.6460556122670462,0.4603174603174603,32,4473,0.0,0.0,17,1418,0.0,0.0,18,1555,,,0,0,,,0,0
3,64,32,128,0.8924451470375061,0.8474504947662354,0.08494070142483744,0.053803975325565453,32,2918,0.07496703802678577,0.03509948580371115,32,4473,0.0,0.0,17,1418,0.0,0.0,18,1555,,,0,0,,,0,0
3,64,32,256,0.8656010627746582,0.8180145025253296,0.026056361683659476,0.005140507196710075,32,2918,0.025356548553445643,0.00335345405767941,32,4473,0.0,0.0,17,1418,0.0,0.0,18,1555,,,0,0,,,0,0
3,64,64,64,0.8617067933082581,0.8487697839736938,0.6097713743409243,0.6307728011139475,32,8618,0.19921951973810748,0.14855597147463045,32,36599,0.0,0.0,32,27436,3.464523281596452e-05,6.292474200855777e-05,32,15892,0.0,0.0,24,11718,0.0,0.0,3,371
3,64,64,128,0.8170645236968994,0.801417887210846,0.09811731497002954,0.08261777674634486,32,8618,0.027130004808464114,0.019454083444902865,32,36599,0.0,0.0,32,27436,0.0,0.0,32,15892,0.0,0.0,24,11718,0.0,0.0,3,371
3,64,64,256,0.8114449977874756,0.7964804172515869,0.09459071396134366,0.07983290786725458,32,8618,0.02654714891419904,0.018798327823164568,32,36599,0.0,0.0,32,27436,0.0,0.0,32,15892,0.0,0.0,24,11718,0.0,0.0,3,371
4,8,32,64,0.9486216306686401,0.947201669216156,0.5239869975494874,0.44756682659355723,32,2918,0.45214784281843223,0.29197406662195396,32,4473,0.0,0.0,17,1418,0.0,0.0,18,1555,,,0,0,,,0,0
4,8,32,128,0.9479127526283264,0.9485496282577515,0.5106749294069448,0.43591501028101437,32,2918,0.4451153870488879,0.28437290409121396,32,4473,0.0,0.0,17,1418,0.0,0.0,18,1555,,,0,0,,,0,0
4,8,32,256,0.9477032423019409,0.9492598176002502,0.5043505350292105,0.42563399588759426,32,2918,0.4444729239135606,0.2776659959758551,32,4473,0.0,0.0,17,1418,0.0,0.0,18,1555,,,0,0,,,0,0
4,8,64,64,0.8141870498657227,0.8434170484542847,0.33520248322577223,0.3515896959851474,32,8618,0.12108246790461702,0.08278914724446024,32,36599,0.0,0.0,32,27436,0.0,0.0,32,15892,0.0,0.0,24,11718,0.0,0.0,3,371
4,8,64,128,0.8256382346153259,0.8550342917442322,0.35471427483306817,0.3706196333255976,32,8618,0.1268840026734963,0.08727014399300527,32,36599,0.0,0.0,32,27436,0.0,0.0,32,15892,0.0,0.0,24,11718,0.0,0.0,3,371
4,8,64,256,0.8252859115600586,0.8541195392608643,0.32896544527794114,0.3426549083313994,32,8618,0.11687369868912129,0.08068526462471652,32,36599,0.0,0.0,32,27436,0.0,0.0,32,15892,0.0,0.0,24,11718,0.0,0.0,3,371
4,16,32,64,0.93509840965271,0.9372873306274414,0.5756228648460417,0.5174777244688142,32,2918,0.5063939287283739,0.3422758774871451,32,4473,0.0050848697688030435,0.004936530324400564,17,1418,0.03246781169332583,0.013504823151125401,18,1555,,,0,0,,,0,0
4,16,32,128,0.9322232007980347,0.9349589347839355,0.5266601804547503,0.46915695681973957,32,2918,0.46753624570639457,0.3127654817795663,32,4473,0.003246634474685396,0.0028208744710860366,17,1418,0.036664271008510774,0.01929260450160772,18,1555,,,0,0,,,0,0
4,16,32,256,0.9288812279701233,0.9335575699806213,0.4992809574891801,0.44722412611377654,32,2918,0.4406062829854445,0.2966689023027051,32,4473,0.0026338893766461808,0.0021156558533145277,17,1418,0.028192647700827522,0.01414790996784566,18,1555,,,0,0,,,0,0
4,16,64,64,0.8206824660301208,0.8053880333900452,0.28699895545339327,0.3064516129032258,32,8618,0.13477668523342307,0.08792589961474358,32,36599,0.03765210832064898,0.019354133255576614,32,27436,0.04357092102624335,0.03630757613893783,32,15892,0.0,0.0,24,11718,0.0,0.0,3,371
4,16,64,128,0.8010056614875793,0.8106169700622559,0.3248982060211004,0.33348804827106054,32,8618,0.14210482307459504,0.09871854422251974,32,36599,0.03049087485695303,0.019427030179326434,32,27436,0.0682746201732142,0.045746287440221495,32,15892,0.0010416666666666667,0.0010240655401945725,24,11718,0.0,0.0,3,371
4,16,64,256,0.7870773077011108,0.8239240050315857,0.310608273978424,0.32884660013924344,32,8618,0.14519289190761503,0.10270772425476106,32,36599,0.03790638429469164,0.022379355591194052,32,27436,0.07690275116091588,0.05820538635791593,32,15892,0.0,0.0,24,11718,0.0,0.0,3,371
4,64,32,64,0.8136736750602722,0.765325665473938,0.0,0.0,32,2918,0.0,0.0,32,4473,0.0,0.0,17,1418,0.0,0.0,18,1555,,,0,0,,,0,0
4,64,32,128,0.8070905208587646,0.7578301429748535,0.0,0.0,32,2918,0.0,0.0,32,4473,0.0,0.0,17,1418,0.0,0.0,18,1555,,,0,0,,,0,0
4,64,32,256,0.8057068586349487,0.7568407654762268,0.0,0.0,32,2918,0.0,0.0,32,4473,0.0,0.0,17,1418,0.0,0.0,18,1555,,,0,0,,,0,0
4,64,64,64,0.6741458177566528,0.662968099117279,0.0,0.0,32,8618,0.0,0.0,32,36599,0.0,0.0,32,27436,0.0,0.0,32,15892,0.0,0.0,24,11718,0.0,0.0,3,371
4,64,64,128,0.6601975560188293,0.6484079957008362,0.0,0.0,32,8618,0.0,0.0,32,36599,0.0,0.0,32,27436,0.0,0.0,32,15892,0.0,0.0,24,11718,0.0,0.0,3,371
4,64,64,256,0.6566017866134644,0.6445696353912354,0.0,0.0,32,8618,0.0,0.0,32,36599,0.0,0.0,32,27436,0.0,0.0,32,15892,0.0,0.0,24,11718,0.0,0.0,3,371
5,8,32,64,0.9824461936950684,0.9774256348609924,0.9644596674318395,0.9568197395476353,32,2918,0.8481385857636277,0.7391012743125419,32,4473,0.3221906526260324,0.3025387870239774,17,1418,0.33731132235783917,0.33054662379421224,18,1555,,,0,0,,,0,0
5,8,32,128,0.9823296666145325,0.9756090641021729,0.9591792649814116,0.9516792323509253,32,2918,0.8378808297213409,0.7261345852895149,32,4473,0.28857613975466545,0.2693935119887165,17,1418,0.31448987929438743,0.30289389067524114,18,1555,,,0,0,,,0,0
5,8,32,256,0.9799505472183228,0.9756944179534912,0.9474851113560708,0.9359150102810144,32,2918,0.8264832344436301,0.7107086966241896,32,4473,0.26879452037672413,0.2447108603667137,17,1418,0.38366982872835037,0.2881028938906752,18,1555,,,0,0,,,0,0
5,8,64,64,0.8863524198532104,0.9165407419204712,0.9896387270545782,0.9854954745880715,32,8618,0.4244773417593899,0.31812344599579223,32,36599,0.20801987820479095,0.0985566409097536,32,27436,0.27437192112802006,0.19789831361691418,32,15892,0.018439980158730156,0.00042669397508107184,24,11718,0.0,0.0,3,371
5,8,64,128,0.887037992477417,0.917773962020874,0.9839882887536653,0.9800417730331864,32,8618,0.43011324521821115,0.3243258012514003,32,36599,0.21605205926626472,0.10730427175973174,32,27436,0.28592907904453313,0.2094764661464888,32,15892,0.010940152008057584,0.008107185526540365,24,11718,0.0,0.0,3,371
5,8,64,256,0.894059419631958,0.9103161692619324,0.9756282967144263,0.9724994198189835,32,8618,0.45891444774308077,0.3535888958714719,32,36599,0.256686089768597,0.14827234290712932,32,27436,0.32214268067288493,0.24414799899320414,32,15892,0.11197498494048588,0.0570063150708312,24,11718,0.020325571562320677,0.03234501347708895,3,371
5,16,32,64,0.9831845760345459,0.9903959631919861,0.9290062843193584,0.9047292666209733,32,2918,0.8892081508917331,0.8032640286161413,32,4473,0.7441774431830075,0.5768688293370945,17,1418,0.7877606717008854,0.6128617363344051,18,1555,,,0,0,,,0,0
5,16,32,128,0.9866741895675659,0.9902074337005615,0.9516245141820344,0.927004797806717,32,2918,0.9222933905117414,0.8490945674044266,32,4473,0.8062051832205496,0.6763046544428772,17,1418,0.7856706741910847,0.7028938906752411,18,1555,,,0,0,,,0,0
5,16,32,256,0.8111159205436707,0.8224492073059082,0.7729823454134506,0.7347498286497601,32,2918,0.7259880560023472,0.6232953275206796,32,4473,0.5529588514658674,0.43511988716502115,17,1418,0.4498427070079512,0.4141479099678457,18,1555,,,0,0,,,0,0
5,16,64,64,0.9110456705093384,0.8938613533973694,0.887499281111995,0.8883731724297981,32,8618,0.3893882317426822,0.30550015027732996,32,36599,0.21990363047020345,0.11874908878845312,32,27436,0.2823678526059966,0.22180971558016613,32,15892,0.0,0.0,24,11718,0.0,0.0,3,371
5,16,64,128,0.9110366106033325,0.9125452041625977,0.9606064293952892,0.9585750754235322,32,8618,0.4669683496780705,0.3872236946364655,32,36599,0.29063304080513436,0.19889925645137776,32,27436,0.3275145934338266,0.26610873395419077,32,15892,0.18715675240939939,0.14353985321727258,24,11718,0.0,0.0,3,371
5,16,64,256,0.7080551385879517,0.7233838438987732,0.5919189950554035,0.5931770712462289,32,8618,0.4393844088631346,0.41768900789639063,32,36599,0.4006062298716586,0.36834815570782914,32,27436,0.42374077285207157,0.4175685879687893,32,15892,0.33358568002342726,0.3020139955623827,24,11718,0.0,0.0,3,371
5,64,32,64,0.922027587890625,0.9344707131385803,0.1288121203572316,0.09492803289924606,32,2918,0.11521312578777337,0.061927118265146436,32,4473,0.0,0.0,17,1418,0.0,0.0,18,1555,,,0,0,,,0,0
5,64,32,128,0.945795476436615,0.9333230257034302,0.5637156838176847,0.4914324880054832,32,2918,0.49264831193568337,0.3205902079141516,32,4473,0.0,0.0,17,1418,0.0,0.0,18,1555,,,0,0,,,0,0
5,64,32,256,0.9418284296989441,0.9253960251808167,0.49334140161568235,0.4393420150788211,32,2918,0.4243975212382366,0.2866085401296669,32,4473,0.0,0.0,17,1418,0.0,0.0,18,1555,,,0,0,,,0,0
5,64,64,64,0.8058329224586487,0.8344721794128418,0.13929410430554995,0.13518217683917383,32,8618,0.042905156170199646,0.03183147080521326,32,36599,0.0,0.0,32,27436,0.0,0.0,32,15892,0.0,0.0,24,11718,0.0,0.0,3,371
5,64,64,128,0.8612598180770874,0.8478474617004395,0.5754336718311529,0.5710141564168021,32,8618,0.1865548428731899,0.13445722560725704,32,36599,0.0,0.0,32,27436,0.0,0.0,32,15892,0.0,0.0,24,11718,0.0,0.0,3,371
5,64,64,256,0.859656035900116,0.8457087278366089,0.5393402980684703,0.5250638199118125,32,8618,0.17149564709676257,0.12442962922484221,32,36599,0.0005532586672865196,0.0006196238518734509,32,27436,0.009932689298540437,0.0018248175182481751,32,15892,0.0,0.0,24,11718,0.0,0.0,3,371
