block,arm,update,joint_ready,old_full_pass,R_strict_pooled_T64,R_strict_mean_T64,S_retention64_to256,S_continuous_survival64_to256,retention_reference_pixels,retention_reference_maps
0,neural,300,True,False,0.9177526788300029,0.9410740871796359,0.9696239796601097,0.9686872741870735,7473,32
0,budget,300,False,False,0.9484506226469737,0.9468742385763016,0.0012106537530266344,0.0009416195856873823,7434,32
0,hybrid,300,False,False,0.9745149145670432,0.9733009708737864,0.4702818218244958,0.46841191398423937,7487,32
0,affine_hybrid,300,False,False,0.17520996235157835,0.19504353479873102,0.8169195996125282,0.729738456570875,3097,32
1,budget,300,False,False,0.10541558065450334,0.16669979222729248,0.9236564540431944,0.9136112506278252,3982,32
1,hybrid,300,False,False,0.03591080220098465,0.04615189346727956,0.5975830815709969,0.5969788519637462,3310,32
1,affine_hybrid,300,False,False,0.0,0.0,0.8578637510513036,0.8490328006728343,2378,32
1,neural,300,False,False,0.1030987547060527,0.1423117425887132,0.0171875,0.0171875,3840,32
2,hybrid,300,False,False,0.16594265855777585,0.21362912382637506,0.0,0.0,3897,32
2,affine_hybrid,300,False,False,0.022589052997393572,0.04909543514495252,0.495767016593295,0.4889942431425669,2953,32
2,neural,300,False,False,0.2143064002316826,0.26886850763598547,0.0477132262051916,0.047466007416563656,4045,32
2,budget,300,False,False,0.042282073559223865,0.048585503326118926,0.0,0.0,2521,32
3,affine_hybrid,300,False,False,0.04807413843035042,0.08338266281196849,0.7517032551097653,0.7471612414837244,2642,32
3,neural,300,False,False,0.03909643788010426,0.06552543388512838,0.08488964346349745,0.08488964346349745,2945,32
3,budget,300,False,False,0.11062843903851723,0.17397743636141577,0.8595188595188595,0.828036828036828,3367,32
3,hybrid,300,False,False,0.09759629307848249,0.14142462880070253,0.8517739025856885,0.8235117257967528,3326,32
4,neural,300,False,False,0.027222704894294816,0.03236372839914303,0.9590192644483363,0.9590192644483363,2855,32
4,budget,300,False,False,0.06023747465971619,0.11579630644955108,0.0429042904290429,0.03589108910891089,2424,32
4,hybrid,300,False,False,0.1019403417318274,0.13550632320607908,0.11496670171749036,0.10339992989835262,2853,32
4,affine_hybrid,300,False,False,0.0017376194613379669,0.0016219531749098687,0.8804938271604938,0.8730864197530864,2025,32
5,budget,300,False,False,0.0014480162177816392,0.0010633243907891795,0.2999440402909905,0.25293788472299944,1787,32
5,hybrid,300,False,False,0.01071532001158413,0.01209309156571874,0.310948905109489,0.25742092457420923,2055,32
5,affine_hybrid,300,False,False,0.011004923255140457,0.010514995556194905,0.9073455759599333,0.9031719532554258,2396,32
5,neural,300,False,False,0.3996524761077324,0.4434199207380949,0.45091842780959907,0.4455856211732175,5063,32
6,hybrid,300,False,False,0.0026064291920069507,0.003080015241256617,0.5549363057324841,0.5469745222929936,1256,32
6,affine_hybrid,300,False,False,0.10078192875760209,0.13225500813112528,0.5660457239627434,0.37849280270956814,2362,32
6,neural,300,False,False,0.17520996235157835,0.2512066195920086,0.13625062158130283,0.1352560914967678,2011,30
6,budget,300,False,False,0.021720243266724587,0.04471016767498037,0.34260614934114203,0.3279648609077599,683,21
7,affine_hybrid,300,False,False,0.03475238922675934,0.048168160980344626,0.21825694966190834,0.2129977460555973,2662,32
7,neural,300,False,False,0.719084853750362,0.7823142493707003,0.0,0.0,6221,31
7,budget,300,False,False,0.6744859542426875,0.7347418413877518,0.5999252196672276,0.39577491119835484,5349,32
7,hybrid,300,False,False,0.008688097306689836,0.006762642734489937,0.8606030647553139,0.8581314878892734,2023,32
