block,arm,update,size,time,original_ba,flipped_ba,strict_pooled,strict_mean_map,all_changed_pooled,primary_reach_pass,secondary_hold_pass,valid_through_step
0,dense_k8,300,32,64,0.8144611716270447,0.8419657945632935,0.005714285714285714,0.004381387387983872,0.26090584028605485,False,False,256
0,dense_k8,300,32,128,0.7886882424354553,0.8278613090515137,0.002142857142857143,0.0012634980348575778,0.2203814064362336,False,False,256
0,dense_k8,300,32,256,0.7649073600769043,0.8155145049095154,0.0007142857142857143,0.0005698005698005699,0.1933253873659118,False,False,256
0,dense_k8,300,64,64,0.7489293217658997,0.7372831702232361,0.04860022396416573,0.059029486460304995,0.13604685335236577,False,False,256
0,dense_k8,300,64,128,0.6725707054138184,0.6564346551895142,0.00011198208286674133,0.00011081560283687943,0.08919350098660733,False,False,256
0,dense_k8,300,64,256,0.581296443939209,0.5683590769767761,0.0,0.0,0.04376758050295982,False,False,256
0,terminal_k8,300,32,64,0.7761523723602295,0.8035112619400024,0.0032142857142857142,0.0044661677222401965,0.16805721096543505,False,False,256
0,terminal_k8,300,32,128,0.7313603162765503,0.7882571220397949,0.00035714285714285714,0.0009259259259259259,0.14433849821215733,False,False,256
0,terminal_k8,300,32,256,0.7361863255500793,0.7922481298446655,0.01,0.012037037037037037,0.15494636471990464,False,False,256
0,terminal_k8,300,64,64,0.5112102031707764,0.5051783323287964,0.007166853303471445,0.007931489569571631,0.0018892480792644527,False,False,256
0,terminal_k8,300,64,128,0.5,0.484375,0.0,0.0,0.0,False,False,256
0,terminal_k8,300,64,256,0.5,0.484375,0.0,0.0,0.0,False,False,256
0,terminal_k64,300,32,64,0.8826673030853271,0.8986000418663025,0.10785714285714286,0.1212164013220409,0.4127532777115614,False,True,256
0,terminal_k64,300,32,128,0.8966813087463379,0.9241200089454651,0.20714285714285716,0.24142744988542544,0.4791418355184744,False,True,256
0,terminal_k64,300,32,256,0.8973369002342224,0.9240294694900513,0.22107142857142856,0.254481755639027,0.4825983313468415,False,True,256
0,terminal_k64,300,64,64,0.7784301042556763,0.7686095237731934,0.1219484882418813,0.1487050803071781,0.15483437591838448,False,True,256
0,terminal_k64,300,64,128,0.7903721928596497,0.770943284034729,0.13045912653975364,0.172565554587496,0.1594525378899198,False,True,256
0,terminal_k64,300,64,256,0.7925698161125183,0.768939733505249,0.11881298992161254,0.16079186047165367,0.15624081615517024,False,True,256
1,terminal_k8,300,32,64,0.6251718997955322,0.6655610799789429,0.0,0.0,0.04159713945172825,False,True,256
1,terminal_k8,300,32,128,0.8069374561309814,0.7550548315048218,0.0,0.0,0.17222884386174017,False,True,256
1,terminal_k8,300,32,256,0.8019363284111023,0.7477045059204102,0.0,0.0,0.1572109654350417,False,True,256
1,terminal_k8,300,64,64,0.5159742832183838,0.5051531791687012,0.008734602463605823,0.010001079250519575,0.00858558293799068,False,True,256
1,terminal_k8,300,64,128,0.5180749893188477,0.5310094952583313,0.0,0.0,0.01255300390444603,False,True,256
1,terminal_k8,300,64,256,0.5041500329971313,0.517602801322937,0.0,0.0,0.005163944749989504,False,True,256
1,terminal_k64,300,32,64,0.8127291798591614,0.7661872506141663,0.0007142857142857143,0.00028011204481792715,0.1965435041716329,False,True,256
1,terminal_k64,300,32,128,0.8121631741523743,0.7623887062072754,0.0,0.0,0.1870083432657926,False,True,256
1,terminal_k64,300,32,256,0.8118463158607483,0.7622165679931641,0.0,0.0,0.1870083432657926,False,True,256
1,terminal_k64,300,64,64,0.5890922546386719,0.613527774810791,0.010078387458006719,0.010713663292480934,0.03776396993996389,False,True,256
1,terminal_k64,300,64,128,0.5350604057312012,0.5538487434387207,0.004143337066069429,0.00428747262622199,0.012699945421722154,False,True,256
1,terminal_k64,300,64,256,0.5219733715057373,0.5422782897949219,0.0023516237402015677,0.0026931361353275955,0.009467232041647424,False,True,256
1,dense_k8,300,32,64,0.8534008860588074,0.8639805912971497,0.11214285714285714,0.12468325668705381,0.30202622169249105,False,False,256
1,dense_k8,300,32,128,0.8473578095436096,0.8596488237380981,0.12428571428571429,0.13488572462926463,0.3073897497020262,False,False,256
1,dense_k8,300,32,256,0.7901124954223633,0.8202595710754395,0.1225,0.1345658144416166,0.2622169249106079,False,False,256
1,dense_k8,300,64,64,0.7876330614089966,0.7701626420021057,0.09104143337066069,0.08824959159316223,0.12011419455056888,False,False,256
1,dense_k8,300,64,128,0.7657886743545532,0.7471363544464111,0.05789473684210526,0.055981995675188245,0.08256014106385659,False,False,256
1,dense_k8,300,64,256,0.6370171308517456,0.6309652328491211,0.030907054871220606,0.03335529685902706,0.038078844619841304,False,False,256
2,terminal_k64,300,32,64,0.8603375554084778,0.8157989978790283,0.002857142857142857,0.004893187210260381,0.27818831942789035,False,True,256
2,terminal_k64,300,32,128,0.8713715076446533,0.82564377784729,0.0067857142857142855,0.008113815140971562,0.28855780691299165,False,True,256
2,terminal_k64,300,32,256,0.8672120571136475,0.8219988346099854,0.009285714285714286,0.010892975585637234,0.2828367103694875,False,True,256
2,terminal_k64,300,64,64,0.7585292458534241,0.8010398745536804,0.0845464725643897,0.11990037824530936,0.1475922582812041,False,True,256
2,terminal_k64,300,64,128,0.7589678764343262,0.8012378811836243,0.08992161254199328,0.12618515788044654,0.14818002435030858,False,True,256
2,terminal_k64,300,64,256,0.7588114738464355,0.8011148571968079,0.08992161254199328,0.1256364929129874,0.14794911625173182,False,True,256
2,dense_k8,300,32,64,0.8975208401679993,0.834699273109436,0.11928571428571429,0.19019889393180492,0.44159713945172824,False,False,256
2,dense_k8,300,32,128,0.8195905685424805,0.7984840273857117,0.1382142857142857,0.1349760845964437,0.3634088200238379,False,False,256
2,dense_k8,300,32,256,0.854720950126648,0.8232010006904602,0.2057142857142857,0.22939359345959792,0.43158522050059595,False,False,256
2,dense_k8,300,64,64,0.6631806492805481,0.6654212474822998,0.35240761478163496,0.38339353730730785,0.15111885469583106,False,False,256
2,dense_k8,300,64,128,0.5904660224914551,0.564049243927002,0.13516237402015677,0.14819495622744355,0.07777404592971997,False,False,256
2,dense_k8,300,64,256,0.6109610199928284,0.5845339894294739,0.21052631578947367,0.23070008942267375,0.1102481212477434,False,False,256
2,terminal_k8,300,32,64,0.5575685501098633,0.5158907175064087,0.0010714285714285715,0.004783325835957414,0.02491060786650775,False,True,256
2,terminal_k8,300,32,128,0.5613510608673096,0.5437206029891968,0.0025,0.0029890100947726037,0.035518474374255066,False,True,256
2,terminal_k8,300,32,256,0.5728509426116943,0.5839397311210632,0.002142857142857143,0.0026350019307765787,0.03623361144219309,False,True,256
2,terminal_k8,300,64,64,0.4769747853279114,0.49454206228256226,0.005375139977603583,0.004999664161623195,0.008249716612788111,False,True,256
2,terminal_k8,300,64,128,0.5315132141113281,0.520645260810852,0.009518477043673012,0.010838315232136141,0.01754901549183425,False,True,256
2,terminal_k8,300,64,256,0.5328546762466431,0.5247736573219299,0.020156774916013438,0.01984177073469836,0.025840715395272683,False,True,256
3,dense_k8,300,32,64,0.8174879550933838,0.8112688064575195,0.005,0.006061166280334754,0.2584028605482718,False,False,256
3,dense_k8,300,32,128,0.8153806328773499,0.7800047397613525,0.005714285714285714,0.006508765594627055,0.23170441001191894,False,False,256
3,dense_k8,300,32,256,0.5927154421806335,0.5801567435264587,0.0010714285714285715,0.001119192213766731,0.07914183551847437,False,False,256
3,dense_k8,300,64,64,0.6225239038467407,0.607905387878418,0.00011198208286674133,8.033419023136246e-05,0.046832360720433265,False,False,256
3,dense_k8,300,64,128,0.6633731126785278,0.6643942594528198,0.010302351623740201,0.010599810176664127,0.07181241865737437,False,False,256
3,dense_k8,300,64,256,0.6077799797058105,0.6348656415939331,0.026763717805151174,0.04158773742158556,0.07447835761366976,False,False,256
3,terminal_k8,300,32,64,0.71570885181427,0.7244504690170288,0.006071428571428571,0.011386891453617598,0.1399284862932062,False,True,256
3,terminal_k8,300,32,128,0.7183290123939514,0.7276899218559265,0.008214285714285714,0.00967676155138383,0.133492252681764,False,True,256
3,terminal_k8,300,32,256,0.703641951084137,0.713716983795166,0.014285714285714285,0.020075513015242463,0.13146603098927295,False,True,256
3,terminal_k8,300,64,64,0.5979754328727722,0.5962300300598145,0.02788353863381859,0.029179798811849157,0.04055585876821025,False,True,256
3,terminal_k8,300,64,128,0.609601616859436,0.5909548997879028,0.043561030235162376,0.03931428539151498,0.04334774759645661,False,True,256
3,terminal_k8,300,64,256,0.6200816631317139,0.5960231423377991,0.05363941769316909,0.04920819461988206,0.04217221545824762,False,True,256
3,terminal_k64,300,32,64,0.950642466545105,0.8819330334663391,0.45571428571428574,0.5385333300169702,0.5842669845053635,False,False,256
3,terminal_k64,300,32,128,0.9349896907806396,0.8583801984786987,0.6528571428571428,0.7063165808888273,0.6449344457687723,False,False,256
3,terminal_k64,300,32,256,0.9118466377258301,0.849754810333252,0.73,0.7650384288559341,0.6718712753277711,False,False,256
3,terminal_k64,300,64,64,0.8502565622329712,0.865341067314148,0.7957446808510639,0.782868618021993,0.3196607750115454,False,False,256
3,terminal_k64,300,64,128,0.8258731365203857,0.8218823671340942,0.896976483762598,0.8979400939186655,0.34103026995255886,False,False,256
3,terminal_k64,300,64,256,0.7876794338226318,0.7893341779708862,0.9038073908174692,0.9058641089310859,0.3427935681598724,False,False,256
