evidence_role,source_run,block,arm,branch,episodes,mse_mean,mse_std,nmse_mean,nmse_std,alpha_iou_mean,alpha_iou_std
new_arm,relu_input_lift_20261009_01,0,relu_lift_k8,intact_t64,32,0.010208851421556888,0.0040966610105882427,0.13930577259454346,0.055901345173158208,0.8554742101221473,0.058813484158812594
new_arm,relu_input_lift_20261009_01,0,relu_lift_k8,intact_t128,32,0.01256572320851088,0.0073080621698140931,0.17146667215417655,0.099722799823023664,0.82642280859988626,0.08603548906320635
new_arm,relu_input_lift_20261009_01,0,relu_lift_k8,intact_t256,32,0.01610234993019392,0.018095941154458613,0.21972602058609148,0.24692974353845679,0.81730684628077166,0.13309613346814425
new_arm,relu_input_lift_20261009_01,0,relu_lift_k8,damaged_t128,32,0.022714370310097438,0.0094955873501036576,0.30995092144892095,0.1295728654892534,0.70589794810927931,0.087236190445914283
new_arm,relu_input_lift_20261009_01,0,relu_lift_k8,damaged_t256,32,0.040712875316698996,0.021715701466146282,0.55555109153240489,0.2963234986245521,0.58079951745320324,0.12183977588875611
new_arm,relu_input_lift_20261009_01,1,relu_lift_k8,intact_t64,32,0.012856459877257354,0.0040489109833789149,0.17543394472861812,0.055249768011621708,0.85821350543003194,0.057826092709133733
new_arm,relu_input_lift_20261009_01,1,relu_lift_k8,intact_t128,32,0.012379043728623113,0.0045504038393294277,0.16891932102725155,0.062092932522892108,0.82894742374803043,0.053166173724288092
new_arm,relu_input_lift_20261009_01,1,relu_lift_k8,intact_t256,32,0.018050181856007718,0.015154120383064804,0.24630533103984548,0.20678687158634521,0.80375026069727651,0.13353465996871444
new_arm,relu_input_lift_20261009_01,1,relu_lift_k8,damaged_t128,32,0.034902094906458417,0.0042871546088068778,0.47625958056805462,0.058500742184473951,0.53367070575738151,0.050873210366987671
new_arm,relu_input_lift_20261009_01,1,relu_lift_k8,damaged_t256,32,0.038018429498665851,0.018768767658415002,0.51878379608498015,0.25611085628908559,0.58765272423189596,0.12369540190917028
new_arm,relu_input_lift_20261009_01,2,relu_lift_k8,intact_t64,32,0.0094330963539148056,0.00836800190957151,0.12872013914964692,0.11418630000079863,0.85435831309715593,0.1376444324719299
new_arm,relu_input_lift_20261009_01,2,relu_lift_k8,intact_t128,32,0.0097742334588153644,0.0070678871560175011,0.13337515527207677,0.096445470721711626,0.8573659952920466,0.10396277935791885
new_arm,relu_input_lift_20261009_01,2,relu_lift_k8,intact_t256,32,0.010093681259463956,0.0048584359642211096,0.13773420810137077,0.066296211752851789,0.86506652870814249,0.051701351511147346
new_arm,relu_input_lift_20261009_01,2,relu_lift_k8,damaged_t128,32,0.020215228830903886,0.0052109891688592782,0.2758486683935979,0.071107007260081581,0.71500836930155098,0.078956815799101313
new_arm,relu_input_lift_20261009_01,2,relu_lift_k8,damaged_t256,32,0.017324278042812023,0.0045545820375700753,0.23639994723603946,0.062149946491450538,0.77326994078105349,0.05229729647033815
historical_control,au_nca_20261009_01,0,original_k64,intact_t64,32,1.4093998217780401e-05,4.2020189349919468e-06,0.00019232088210512869,5.7339015921017645e-05,1,0
historical_control,au_nca_20261009_01,0,original_k64,intact_t128,32,4.1985740285765839e-06,4.3346299255119318e-08,5.7292008150026409e-05,5.9148570759861364e-07,1,0
historical_control,au_nca_20261009_01,0,original_k64,intact_t256,32,4.2056554884600563e-06,8.3596485969342245e-11,5.7388638828584555e-05,1.1407231414459654e-09,1,0
historical_control,au_nca_20261009_01,0,original_k64,damaged_t128,32,0.013106419111486725,0.0010026421468345948,0.17884478526332664,0.013681640875457481,0.81681034482758619,0.013333557079426293
historical_control,au_nca_20261009_01,0,original_k64,damaged_t256,32,0.0074870297931010927,0.0023509112249614772,0.10216491813799496,0.032079564191022279,0.89849137931034484,0.034068000643837484
historical_control,au_nca_20261009_01,0,original_k8,intact_t64,32,0.016913410355102187,0.0079226560169022766,0.23079341636326245,0.10810929377470223,0.77085180405620823,0.086375740202462165
historical_control,au_nca_20261009_01,0,original_k8,intact_t128,32,0.020687580351395042,0.020972366191028005,0.2822941822698487,0.28618025228652888,0.77876237349231792,0.14899844886461469
historical_control,au_nca_20261009_01,0,original_k8,intact_t256,32,0.024134374310962475,0.026239217736156544,0.32932770991017168,0.35804953447488741,0.75009289438085314,0.18470568637954649
historical_control,au_nca_20261009_01,0,original_k8,damaged_t128,32,0.021507976609275302,0.019196984663510455,0.29348897097020699,0.26195412878563507,0.73996252523719208,0.1434335842033779
historical_control,au_nca_20261009_01,0,original_k8,damaged_t256,32,0.020546061154089905,0.025206285830373355,0.2803630697182522,0.34395457205151048,0.78545880233641185,0.18274953867821458
historical_control,au_nca_20261009_01,0,au_k8,intact_t64,32,0.0094770148955947708,0.0031066116995511176,0.12931943344117067,0.042391540937052587,0.8646467304025881,0.061326342446313777
historical_control,au_nca_20261009_01,0,au_k8,intact_t128,32,0.0073967850960941356,0.0036190183979943505,0.10093347625290996,0.049383631238075681,0.89784043378758049,0.052955213011710481
historical_control,au_nca_20261009_01,0,au_k8,intact_t256,32,0.0069908022474089396,0.0053779719110060168,0.095393601877149875,0.073385584834008047,0.9127008615649137,0.062913911924058305
historical_control,au_nca_20261009_01,0,au_k8,damaged_t128,32,0.015089098264237065,0.0042944075381676217,0.20589960659197909,0.058599712664741552,0.77848222186115157,0.054522148280654686
historical_control,au_nca_20261009_01,0,au_k8,damaged_t256,32,0.011233030088632674,0.0068349506451886146,0.15328129193559037,0.093266915244062526,0.86123681783771366,0.078924610032534676
historical_control,au_nca_20261009_01,1,original_k64,intact_t64,32,3.2392539296453981e-05,5.5760592411541692e-05,0.00044201522058232327,0.00076088602776771934,0.9997859589041096,0.0012107992828536821
historical_control,au_nca_20261009_01,1,original_k64,intact_t128,32,1.3013669718009422e-05,1.3881233488479321e-07,0.00017757916532407,1.8941758243190896e-06,1,0
historical_control,au_nca_20261009_01,1,original_k64,intact_t256,32,1.2928629373375745e-05,2.1328218816751079e-09,0.00017641873988327207,2.9103607033196473e-08,1,0
historical_control,au_nca_20261009_01,1,original_k64,damaged_t128,32,0.006080453843190935,0.00060671589601308325,0.082971363317382613,0.0082789946830868679,0.9235622342938119,0.0086321671180447056
historical_control,au_nca_20261009_01,1,original_k64,damaged_t256,32,0.0011582833300754162,0.0021632257182572679,0.015805456218005096,0.02951848523741744,0.98429528814359946,0.027866586846044903
historical_control,au_nca_20261009_01,1,original_k8,intact_t64,32,0.018206386378488371,0.0075887449357810019,0.24843683347713047,0.10355288099008121,0.75445203937186545,0.078380469697784283
historical_control,au_nca_20261009_01,1,original_k8,intact_t128,32,0.02274777658362527,0.010096967555515111,0.31040676966838598,0.13777905154080156,0.71732222513928146,0.0943950352218966
historical_control,au_nca_20261009_01,1,original_k8,intact_t256,32,0.032567019135329806,0.015819231169281335,0.44439610044364081,0.21586269883751,0.64824680595428519,0.10116444059212688
historical_control,au_nca_20261009_01,1,original_k8,damaged_t128,32,0.02636927300239969,0.0085543305914986649,0.35982421495517469,0.11672886428355188,0.63100194712548818,0.10538773709022255
historical_control,au_nca_20261009_01,1,original_k8,damaged_t256,32,0.032999353927596647,0.030199170960479808,0.45029556256423364,0.4120854216254986,0.68515809791875504,0.17732356979281716
historical_control,au_nca_20261009_01,1,au_k8,intact_t64,32,0.010386321923215997,0.0027149524274516315,0.14172746180574694,0.037047120175043413,0.85421267110701593,0.043808892582120784
historical_control,au_nca_20261009_01,1,au_k8,intact_t128,32,0.017904985888766985,0.0055563340579932764,0.24432404680336692,0.075819441069315319,0.77125132713635913,0.053422423154345498
historical_control,au_nca_20261009_01,1,au_k8,intact_t256,32,0.027272699665325396,0.0055345752978967445,0.372152002290352,0.075522530010393815,0.70486904943108231,0.043403853696106331
historical_control,au_nca_20261009_01,1,au_k8,damaged_t128,32,0.032814427484639003,0.0035365706467647851,0.44777213265565657,0.048258583256726405,0.56107673764510624,0.041082645128739055
historical_control,au_nca_20261009_01,1,au_k8,damaged_t256,32,0.042113304520328694,0.0053966365296099087,0.57466077039046448,0.073640274515288665,0.53724017342927988,0.045772703552009394
historical_control,au_nca_20261009_01,2,original_k64,intact_t64,32,0.00035385018646888337,0.00025765265199953274,0.0048284935859369826,0.0035158217379907971,0.99361935976723159,0.0066513008857397278
historical_control,au_nca_20261009_01,2,original_k64,intact_t128,32,0.00038612447822294535,0.00035087317853735685,0.0052688952493648213,0.0047878705645218915,0.99340834885416585,0.0067904993685195484
historical_control,au_nca_20261009_01,2,original_k64,intact_t256,32,0.00038610956490752927,0.00041366714675501379,0.0052686917484184165,0.0056447311353757948,0.99404761904761907,0.0068573622962474264
historical_control,au_nca_20261009_01,2,original_k64,damaged_t128,32,0.013248886022976192,0.001811604218210744,0.18078882993149481,0.024720403386465854,0.83143444965654956,0.028608211983477468
historical_control,au_nca_20261009_01,2,original_k64,damaged_t256,32,0.019497038755254437,0.0014407091087195727,0.26604854306835124,0.019659321816593633,0.80119175323697678,0.017050851011213206
historical_control,au_nca_20261009_01,2,original_k8,intact_t64,32,0.012808406865923137,0.0056783947252503223,0.17477823317077601,0.077485030551766143,0.80604909260723379,0.076328015903784574
historical_control,au_nca_20261009_01,2,original_k8,intact_t128,32,0.014548802333291583,0.0067175510094285252,0.19852695133605902,0.091664928273486851,0.79794864718255387,0.076928143884811381
historical_control,au_nca_20261009_01,2,original_k8,intact_t256,32,0.018928447751095347,0.0074502690639399842,0.25828978492270571,0.10166329640157576,0.74570664537311382,0.07306286310194246
historical_control,au_nca_20261009_01,2,original_k8,damaged_t128,32,0.021769376548798527,0.0077459336538325159,0.29705592664697955,0.10569781335388015,0.7168798775840024,0.074761528174982481
historical_control,au_nca_20261009_01,2,original_k8,damaged_t256,32,0.023396541259659578,0.0088071126159447836,0.31925954464718226,0.12017822344839602,0.70660026557900624,0.078346464508163224
historical_control,au_nca_20261009_01,2,au_k8,intact_t64,32,0.014836109397256606,0.0028676145613710691,0.20244742493928963,0.039130284640212565,0.79785142456336899,0.065634179402837084
historical_control,au_nca_20261009_01,2,au_k8,intact_t128,32,0.016904561359276142,0.0043211641853388265,0.23067266661881713,0.058964822827707944,0.75597383391303241,0.062271943945370507
historical_control,au_nca_20261009_01,2,au_k8,intact_t256,32,0.02306054485430091,0.0066333423818988029,0.31467467638877633,0.090515852100981911,0.69524983494573345,0.080950009469787351
historical_control,au_nca_20261009_01,2,au_k8,damaged_t128,32,0.029230643413989919,0.0062074562789750688,0.39886929450487341,0.084704386133342011,0.53283151154151742,0.10636692820407541
historical_control,au_nca_20261009_01,2,au_k8,damaged_t256,32,0.042561147597720887,0.0089178490741848217,0.58077185216852834,0.12168928744889053,0.39108338357528311,0.12436802873047052
