update,scope,aggregation,cosine,C_parallel,C_miss,norm_ratio,norm8,norm64
140,overall,mean_vector,0.715806104364096,0.1673934488630943,0.8484694199513663,0.23385306138427303,0.3488490259618996,1.4917445334985902
140,E,mean_vector,0.7542618839192469,0.004524885653977635,0.9954829068268655,0.005999090966211522,0.002861238049125774,0.47694526808161924
140,F,mean_vector,0.2352995464886961,0.008323761642226228,0.9922720793328218,0.03537517078311116,0.0151910766695779,0.4294276559883193
140,Q,mean_vector,0.8038301540352575,0.19930960304336146,0.8141621121177356,0.24794989593612496,0.3329178145118836,1.3426818077699354
140,R,mean_vector,0.9999999999999996,1.0000000173278487,4.128589675859206e-08,1.0000000173278492,0.10306510661539309,0.10306510482949646
140,recurrent,mean_vector,0.7296300016415331,0.1633999618392012,0.8505017714344502,0.22394907209350137,0.33327650189133307,1.4881798740036136
140,overall,batch0,0.797483870377155,0.23390791502800165,0.7862654747398333,0.2933073930603503,0.5580490904054158,1.902608333812414
140,E,batch0,0.7246409577482338,0.0058393651733313935,0.994176144177079,0.008058287502098659,0.0032087103825687376,0.39818762754903914
140,F,batch0,0.4898098569313697,0.019378477004958795,0.9812279540967938,0.03956326466430022,0.018803483086681363,0.47527632631511896
140,Q,batch0,0.8667749095523984,0.2488189158304166,0.7647007746005587,0.2870628961317149,0.5124737585827068,1.7852316181871348
140,R,batch0,0.9999999999999969,0.9999999900801326,7.860900783417622e-08,0.9999999900801356,0.22005809975530397,0.22005810193825048
140,recurrent,batch0,0.8237018724302133,0.22352053780213066,0.7915779807348319,0.27136096843226254,0.5128286458793003,1.8898393856790543
140,overall,batch1,0.3187270343904355,0.04782793219606058,0.9627366758461647,0.1500592263456138,0.34898051938207164,2.325618543296404
140,E,batch1,0.7395444976909655,0.0017688893073350815,0.998232409008617,0.002391863252120699,0.002694103266601538,1.1263617450591557
140,F,batch1,0.06726079490336925,0.0008187157887983959,0.9992550887044216,0.012172258593949275,0.014516762031115831,1.192610386895
140,Q,batch1,0.4464729111819613,0.09031894732306804,0.9275155574771626,0.20229434991691644,0.33281494949134505,1.6452014088778764
140,R,batch1,0.9999999999999972,1.0000000112547298,7.655559927732243e-08,1.0000000112547327,0.10394045281301581,0.10394045164319379
140,recurrent,batch1,0.3202555179436247,0.04592213773682531,0.9636996640983566,0.1433921826911631,0.33314228968596243,2.323294641545987
140,overall,batch2,0.6507445054129299,0.14383717144859534,0.8724574677394185,0.2210347843925681,0.22701058418704553,1.0270355628002157
140,E,batch2,0.49409451182308306,0.004459905805666148,0.995571024433386,0.009026422473729223,0.002330361611095286,0.25817112126954406
140,F,batch2,0.38889148607741153,0.019371938692372758,0.9817013190867221,0.049813223960672275,0.01700176746092228,0.3413103210172712
140,Q,batch2,0.7581801441430485,0.1572381006299303,0.8535419905958936,0.20738884003306693,0.19202121580263745,0.9258994638863924
140,R,batch2,0.9999999999999971,1.0000000136361678,7.769884468236514e-08,1.0000000136361704,0.11986311915091674,0.11986311751644284
140,recurrent,batch2,0.6984779774343445,0.13201458195750318,0.8784606141519233,0.18900321301814027,0.1927865088650054,1.0200170980506138
140,overall,batch3,0.8009777968337796,0.18488819215929972,0.8267437527544883,0.23082811145346654,0.38884467843239195,1.68456379070961
140,E,batch3,0.7713244025663943,0.007545601407782489,0.9924739278921726,0.009782656146591935,0.003566803955382121,0.3646048580195388
140,F,batch3,0.5247138522161967,0.019384455215733475,0.9811197011426898,0.036942907327223634,0.016109064060421875,0.4360529591711621
140,Q,batch3,0.8607395795444948,0.20312535043018728,0.8058785637959331,0.23598932273764117,0.3733669713475713,1.5821350178739162
140,R,batch3,0.9999999999999977,1.000000005332496,6.71976480863031e-08,1.0000000053324982,0.10735485371688254,0.10735485314441298
140,recurrent,batch3,0.8167226143419141,0.18156425324336325,0.8284277240989009,0.22230834564273855,0.3737313464624249,1.6811395243929852
145,overall,mean_vector,0.5100562691742355,0.10169892208995555,0.9145258835811171,0.19938765237530118,0.21905122994024184,1.098619835936122
145,E,mean_vector,0.7549787685349731,0.004231438399331929,0.9957753441391779,0.005604711782217376,0.0027914957777303135,0.4980623243798493
145,F,mean_vector,0.09728923357581763,0.0025678348159307437,0.9977780135197781,0.026393823052677536,0.01017295543717862,0.38542940205650195
145,Q,mean_vector,0.6270915982762144,0.14392545003400262,0.8745428252311902,0.22951264285733247,0.20590607411796788,0.8971448001928213
145,R,mean_vector,0.9999999999999971,1.0000000041691965,7.525790105569675e-08,1.0000000041691994,0.07399221924401729,0.07399221893552897
145,recurrent,mean_vector,0.5189155364697964,0.09760562172802764,0.9166071314277313,0.18809539292664595,0.20617612090074347,1.096125310103415
145,overall,batch0,0.5927685834670795,0.164114714742611,0.8651143172028841,0.2768613575684302,0.45125480549604285,1.6298945055360743
145,E,batch0,0.5778032010790946,0.003227709531632302,0.9967827176886338,0.005586174541096849,0.003239957963155123,0.5799958342366716
145,F,batch0,0.14241814202687605,0.0031001431149489046,0.9971326667041507,0.021767894671479913,0.013588349135865757,0.6242380965610369
145,Q,batch0,0.7135538098069608,0.20451795292338742,0.8204355207436909,0.286618822732817,0.39316209220611736,1.3717246078169083
145,R,batch0,0.9999999999999979,0.9999999756376513,6.948816225321906e-08,0.9999999756376536,0.2210414625710271,0.2210414679561159
145,recurrent,batch0,0.6093575003192462,0.14845308001553068,0.8731813491119375,0.24362230700000442,0.3934101820082097,1.6148364525921781
145,overall,batch1,0.27952881312450223,0.042492251695246085,0.9685678643659812,0.15201385224041294,0.24042861122506917,1.5816230408056928
145,E,batch1,0.7329870674902694,0.002387654838138284,0.9976148060152353,0.003257431057158428,0.0027090350136862555,0.8316476898975238
145,F,batch1,0.07074421236086981,0.000928006974525001,0.9991576763396407,0.013117779441676306,0.009085279734965312,0.6925928108000201
145,Q,batch1,0.3753307490740121,0.07121916986143793,0.9452866680440166,0.18975042688920246,0.21800832379670373,1.148921387797464
145,R,batch1,0.999999999999998,1.0000000239077658,6.52427121416091e-08,1.0000000239077678,0.10093763754120202,0.10093763512800849
145,recurrent,batch1,0.2790334419669802,0.038576501048365734,0.9705463342574161,0.1382504576384458,0.2182143680494398,1.5783988840030936
145,overall,batch2,0.4008545383070797,0.11888816201782267,0.9220560730282508,0.29658679310435265,0.20524070109373252,0.692008902168208
145,E,batch2,0.31282895741074523,0.002453914921369035,0.9975739084072384,0.007844270369597013,0.002222408470388297,0.2833161486888512
145,F,batch2,0.3550468383757776,0.018386033857764026,0.9828069999048936,0.05178481222892752,0.015698338279500977,0.30314560589893824
145,Q,batch2,0.44834478598450755,0.13154531206518297,0.9071902676277349,0.29340212304761476,0.1579432202716662,0.5383165555555112
145,R,batch2,0.9999999999999984,0.9999999828767927,5.7267601570468764e-08,0.9999999828767939,0.13010114385168134,0.13010114607943007
145,recurrent,batch2,0.3708121729988288,0.086603347977734,0.9387966309893307,0.23355044489871035,0.1587370081421814,0.6796690462783098
145,overall,batch3,0.5409557190635024,0.10018386742667958,0.9131979688052543,0.18519790788073562,0.2778137610892493,1.500091249778895
145,E,batch3,0.83446473820605,0.004738636482079894,0.9952662830351124,0.0056786539503959335,0.0036059962480361825,0.6350089791586545
145,F,batch3,0.3315415060464365,0.007911859627996296,0.992343571799804,0.023863858623143667,0.012026109371541666,0.5039465562320461
145,Q,batch3,0.641704520830779,0.1358701174387457,0.8792557594514059,0.21173314668695525,0.26675085918032193,1.2598445890699848
145,R,batch3,0.9999999999999973,1.0000000475149184,8.597718782288448e-08,1.0000000475149207,0.07659526396297235,0.07659526032355463
145,recurrent,batch3,0.5488382331542089,0.09783176629169588,0.9143907302792508,0.1782524619858395,0.26704615965970574,1.4981344811995927
175,overall,mean_vector,-0.03515433682934763,-0.00188270627486048,1.0033113168959351,0.05355544847851478,0.4431151671371072,8.273951198725838
175,E,mean_vector,0.9534055838682878,0.0012677236043649588,0.9987323569596258,0.0013296792318137861,0.006239618065613348,4.692573905288438
175,F,mean_vector,0.19879066225389963,0.000838491069962415,0.999170060123393,0.004217960041259263,0.013247473429803177,3.140729950075148
175,Q,mean_vector,-0.11588541465278143,-0.006626874842125213,1.0082280702999558,0.05718471873255845,0.34546881239551114,6.0412785102817415
175,R,mean_vector,0.9999999999999998,0.9999999896559575,2.8231935001066014e-08,0.9999999896559578,0.2771063381142762,0.2771063409806759
175,recurrent,mean_vector,-0.07193049700958248,-0.00300775492758198,1.0038744852902395,0.041814738568833894,0.345779017182713,8.26930955489544
175,overall,batch0,0.339111873767434,0.07603066726786484,0.9477376567284084,0.2242052642485982,0.756924008307983,3.3760313828702415
175,E,batch0,0.2566154821371573,0.0009724131340548631,0.9990343002718332,0.0037893782789579404,0.007100860500445368,1.873885365278989
175,F,batch0,0.07796834657480345,0.001248633696915637,0.9988789720303745,0.016014623264040715,0.022299978433680614,1.3924759930976995
175,Q,batch0,0.4506496908841404,0.10669989565999648,0.9179650254802806,0.23676904215924213,0.5649791255415877,2.3862035356869145
175,R,batch0,0.9999999999999982,0.9999999999160066,5.934414081620407e-08,0.9999999999160083,0.5031747517486315,0.503174751790894
175,recurrent,batch0,0.32493575536019925,0.055039411139087634,0.9584428158875227,0.16938551769433652,0.5654636359269501,3.3383233916570942
175,overall,batch1,-0.07179247661485552,-0.0022437336372051527,1.002728388056124,0.031253046879021765,0.43625677002684815,13.958855650636748
175,E,batch1,0.9255184346339352,0.0006353250374702273,0.999364708774017,0.0006864531420398058,0.005362396267161399,7.811744078010859
175,F,batch1,0.1772014951789565,0.0003779017822833786,0.9996243016570237,0.0021326105736395396,0.01313682201670049,6.159972279552673
175,Q,batch1,-0.17021294983846563,-0.0059003946795547985,1.0064802215748054,0.034664781293987056,0.339300843947573,9.788056675448521
175,R,batch1,0.9999999999999991,1.0000000465261327,6.233870257966245e-08,1.0000000465261332,0.2738495486655006,0.2738495359243406
175,recurrent,batch1,-0.10806764079687287,-0.0026296248941530343,1.0029214084005027,0.024333138715369528,0.3395974000047112,13.956169155860337
175,overall,batch2,0.45913924574373655,0.07235819182061692,0.9381470557061684,0.1575953101186276,0.2020793433512553,1.2822674938685865
175,E,batch2,0.7774536773549886,0.005274992882630724,0.9947341604320991,0.006784961003177736,0.004731709222702626,0.6973819334387522
175,F,batch2,0.6546712685387921,0.013818800793637573,0.9863102686551668,0.021107999476562868,0.012276179044765398,0.5815889401738983
175,Q,batch2,0.6244232105687233,0.1316035829412354,0.8838623823909848,0.21076023554821283,0.1902885325741388,0.9028673368065628
175,R,batch2,0.9999999999999858,1.000000021946711,1.6978247570712286e-07,1.000000021946725,0.06673261373532506,0.06673261227076277
175,recurrent,batch2,0.4688554493893462,0.06983890760474608,0.9394200990840812,0.1489561605729586,0.19074280923098105,1.2805298451389353
175,overall,batch3,-0.04720896057001773,-0.0008423647215918465,1.0010010557492133,0.017843322780693227,0.4322117594313948,24.222604990313528
175,E,batch3,0.8547663665782019,0.0005318377353755001,0.999468214434631,0.0006222024592574359,0.00833277931160513,13.392392118716213
175,F,batch3,0.36846262195208795,0.0005661521899579582,0.9994348685784842,0.0015365254335935766,0.01334905989389081,8.687822278782889
175,Q,batch3,-0.11928839585662823,-0.002144717566529285,1.0023036910381173,0.017979264044316635,0.32750939387897177,18.215951057379332
175,R,batch3,0.9999999999999959,0.9999999151704163,1.2414444614673462e-07,0.9999999151704201,0.2815971755907787,0.28159719947855083
175,recurrent,batch3,-0.07221856346856143,-0.0009776465022429388,1.001068705084313,0.013537329673810708,0.32788723014182497,24.22096809654824
180,overall,mean_vector,0.224291607836181,0.012168950060082452,0.989245019800153,0.05425503957763082,1.693288917198432,31.209799686452893
180,E,mean_vector,0.7911430057968052,0.0003597040963412697,0.9996403345836445,0.000454663813881526,0.008438912165614479,18.560773714473456
180,F,mean_vector,0.23665404456177314,0.001579352448594502,0.9984417023822262,0.006673676131414046,0.09217773618769808,13.812138073917453
180,Q,mean_vector,0.3550514622539266,0.024220089440638522,0.9778615469088058,0.06821571522867505,1.4275732441168616,20.927336748303553
180,R,mean_vector,0.9999999999999997,1.0000000004457459,2.1588814024601347e-08,1.0000000004457457,0.9059216519663658,0.9059216515625551
180,recurrent,mean_vector,0.24720442168827428,0.011335944190314797,0.9896620310178177,0.045856559170326924,1.4305709760810783,31.196648897433604
180,overall,batch0,0.6967218064583105,0.16249668364372494,0.8540509571979815,0.2332303684734005,1.9639429126789767,8.420614028669945
180,E,batch0,0.6409431557645334,0.00241703437294931,0.997587165183627,0.0037710588703708196,0.011606339858541433,3.077740299875018
180,F,batch0,0.5930839967124865,0.025728489695320655,0.9748973889691648,0.04338085302914225,0.10393296444039689,2.395825742997196
180,Q,batch0,0.8493863037980061,0.18558669941896136,0.8225367385330444,0.21849504588090934,1.6122427410080213,7.378852616579571
180,R,batch0,1.0,1.0000000007056244,6.672525885555697e-09,1.0000000007056244,1.1166057227628052,1.1166057219749008
180,recurrent,batch0,0.7620103955610366,0.14750663003749073,0.8616601755799177,0.19357561379315266,1.6156309678126803,8.346252589125614
180,overall,batch1,0.36938290373518895,0.04227057922442903,0.9636152570358019,0.11443566769601456,2.0976739688232913,18.330595792874
180,E,batch1,0.8439810728470869,0.0009452382992174984,0.9990549423065533,0.0011199757075461777,0.012332762714748886,11.011634119966297
180,F,batch1,0.3345193331207639,0.006725777191185363,0.9934549253070989,0.02010579516717292,0.11555690291332094,5.747442563325856
180,Q,batch1,0.5311268439623185,0.06980933793236294,0.9368334006137706,0.1314362825489492,1.7656165685194105,13.43325095840156
180,R,batch1,0.9999999999999988,0.9999999677008723,5.91490867594612e-08,0.9999999677008738,1.1266448941887157,1.1266449305783626
180,recurrent,batch1,0.39952537330678134,0.0386388998246513,0.965440527544248,0.09671200480922115,1.7694370183415273,18.295939804288057
180,overall,batch2,0.187883119030892,0.0028235827108933974,0.9972856598748164,0.015028400238709794,1.4021241434939,93.29829663987402
180,E,batch2,0.17744516760090723,1.67230948046836e-05,0.9999832812063767,9.424373191326117e-05,0.00529613871425013,56.19619052357266
180,F,batch2,0.39243286453337306,0.0007437781171565124,0.9992577424913102,0.0018953002777708505,0.08351241467717287,44.06289370431351
180,Q,batch2,0.29946943135244825,0.006302641079050009,0.9939002228603118,0.02104602479988141,1.263578406797979,60.03881582450187
180,R,batch2,0.9999999999999984,1.000000023445297,6.095372250105396e-08,1.0000000234452986,0.6019296895418031,0.6019296754293822
180,recurrent,batch2,0.2049655957667305,0.0027820744854676303,0.9973064160446986,0.013573373009555634,1.2663462254125493,93.2963548943246
180,overall,batch3,0.27494194589491544,0.02179203836278841,0.9811718256441171,0.07926050822058801,1.4274492007415367,18.009589299741016
180,E,batch3,0.6227870591837035,0.0005090439745995443,0.9994911606089234,0.0008173644058480537,0.009039943254678533,11.059869000900731
180,F,batch3,0.27923842249138253,0.0030903399438116912,0.9969662979564727,0.011067029802845496,0.07745358114804554,6.998587925382751
180,Q,batch3,0.4265435782171738,0.04079076802223861,0.9631011072271543,0.09563095098684168,1.180593593439581,12.345308514207126
180,R,batch3,0.9999999999999979,1.0000000329507068,7.043838731917064e-08,1.0000000329507086,0.7985794951164005,0.7985794688026411
180,recurrent,batch3,0.30207649414199955,0.01986489234050016,0.9821378425963215,0.06576113244734001,1.1831660959803096,17.991875321304143
190,overall,mean_vector,0.8548990802387116,0.24887819662887878,0.7661556271817124,0.29111997238245363,0.9225784330166361,3.1690660914346855
190,E,mean_vector,0.5539631477641608,0.005770787620801029,0.9942670387882989,0.010417277113274387,0.00254234687199076,0.24405099762116653
190,F,mean_vector,0.8474683979413662,0.041935037927638974,0.9584249909683421,0.04948271585053291,0.03486350180174363,0.7045591819788557
190,Q,mean_vector,0.9350723100381425,0.243612750252016,0.7620035874319897,0.2605282475342242,0.7930514483600408,3.0440132917098057
190,R,mean_vector,0.9999999999999993,0.9999999923334889,3.784716598564096e-08,0.9999999923334895,0.47010470965091944,0.4701047132549822
190,recurrent,mean_vector,0.9158468987215758,0.23197766113020796,0.7747270814230319,0.25329305744663644,0.7938214705029439,3.1340040603765287
190,overall,batch0,0.843500997218475,0.25152803163484594,0.7654177766204975,0.2981952984813102,1.1155572229121218,3.7410288780325653
190,E,batch0,0.6128206659014203,0.004283702830676907,0.9957316186649507,0.006990140948291702,0.0027688598608092965,0.3961093032732007
190,F,batch0,0.8439491779931156,0.03867937773105555,0.9616349423495453,0.045831406368608454,0.04041722092650699,0.881867350991659
190,Q,batch0,0.9369050840348667,0.2458893443471248,0.7596713317510693,0.26244851110016393,0.9349983637212995,3.5625973254786567
190,R,batch0,0.9999999999999968,1.0000000016498003,7.858185290933358e-08,1.0000000016498034,0.6071282888299202,0.6071282878282779
190,recurrent,batch0,0.9122594987872445,0.23128171484391158,0.7757010516066607,0.25352623365542026,0.9358756105882119,3.6914349931147785
190,overall,batch1,0.8578403976931351,0.24139455152221534,0.7722666105523119,0.28139797586050086,0.8913906211621871,3.1677222213001333
190,E,batch1,0.34172528998598023,0.003933495701705959,0.9961252454906016,0.011510695336208028,0.0024189041767051873,0.21014405351310844
190,F,batch1,0.8393343702460188,0.04020060464209614,0.9601524878452944,0.047895816098074084,0.0347364813964578,0.7252508512503364
190,Q,batch1,0.9410186486165519,0.23712301530781463,0.7676266283213325,0.25198545815901036,0.7667506566275059,3.0428369249135927
190,R,batch1,0.9999999999999987,0.999999991689779,5.0756572257042364e-08,0.9999999916897803,0.45327496712257975,0.4532749708893944
190,recurrent,batch1,0.9212372883373612,0.2255372298668065,0.7802963081533149,0.2448199098343637,0.7675409068420614,3.1351245385285527
190,overall,batch2,0.871009372689853,0.2277759939902466,0.7828374614777652,0.26150808605747644,0.6789044961885332,2.596112825510558
190,E,batch2,0.5511483877913557,0.007817603249026178,0.9922529845015541,0.014184207778152177,0.0026167471004780716,0.18448313373614186
190,F,batch2,0.8059465849218255,0.04352417167425637,0.9570099613868682,0.05400379192434706,0.029577572890056053,0.5476943717487606
190,Q,batch2,0.936893860844183,0.2266591468883088,0.7779524276777212,0.24192617366931918,0.6079715151300548,2.513045636645627
190,R,batch2,0.9999999999999978,0.9999999563806902,7.98777947280907e-08,0.9999999563806924,0.30066637915140654,0.30066639226626635
190,recurrent,batch2,0.9204607793786195,0.21727741577323312,0.7881409325237019,0.23605287769014105,0.6086961831595372,2.578643349387814
190,overall,batch3,0.8501337943443424,0.2714248264010344,0.7477202955668639,0.31927306996467325,1.0257996742154385,3.212922638069476
190,E,batch3,0.6236185848065188,0.007987978334832734,0.9920625563835759,0.012809076780979912,0.002775001394681101,0.21664335706080529
190,F,batch3,0.8861017400743741,0.046398538854780284,0.9539102463069165,0.05236254118052615,0.03575712804508506,0.6828761026285578
190,Q,batch3,0.9241152945647115,0.2618164956303396,0.7460796677840282,0.28331583425817414,0.874295979733588,3.0859411088787856
190,R,batch3,0.9999999999999986,1.0000000061968626,5.092882247716499e-08,1.0000000061968637,0.5353365657260972,0.5353365624086894
190,recurrent,batch3,0.9073595667681759,0.2506204296576776,0.7583206967074441,0.2762085052459798,0.8750312754508193,3.1680098868481723
195,overall,mean_vector,0.8173034352774597,0.20401600338654996,0.8088748836212019,0.24962088078987488,0.37363401328187085,1.4968059246469347
195,E,mean_vector,0.7814257529397517,0.012858413741268218,0.9871949867040437,0.016455067794853704,0.00467411738658985,0.2840533654958062
195,F,mean_vector,0.5518950053405951,0.03228233971077832,0.9689462445319802,0.05849362541495675,0.019669745459707517,0.33627160772083015
195,Q,mean_vector,0.8897778017654745,0.21135779638377702,0.7960588211559451,0.23753997454691073,0.3377359894174927,1.4218069613828082
195,R,mean_vector,0.9999999999999996,0.9999999813078572,3.133044754222055e-08,0.9999999813078575,0.15851823577592325,0.15851823873896878
195,recurrent,mean_vector,0.8577649273117262,0.1949871985365657,0.8134494607637698,0.22732008773973117,0.33834057517183197,1.488388371375314
195,overall,batch0,0.8515519884692504,0.22342634169652942,0.7886622830929554,0.2623754564864096,0.46456902779501436,1.77062684908212
195,E,batch0,0.8369696133427635,0.015605445268716498,0.98444743487365,0.01864517542804223,0.0054775692490803265,0.2937794428494406
195,F,batch0,0.6389305552734076,0.03556633147114714,0.9653838485050221,0.05566541023527634,0.021294320048126387,0.382541329671756
195,Q,batch0,0.904538867874779,0.23231305246309375,0.7754584026403005,0.2568303703840997,0.4356209447868695,1.6961426490776055
195,R,batch0,0.9999999999999972,0.9999999901407541,7.296916810785143e-08,0.9999999901407568,0.15992286333795272,0.15992286491467114
195,recurrent,batch0,0.8774558373789548,0.21703919266887187,0.7918989292506291,0.24735055990645502,0.4361754914804308,1.763389950058682
195,overall,batch1,0.8037561338434317,0.18709411308747406,0.8246186066670642,0.23277472508087782,0.34623314208513173,1.48741725273151
195,E,batch1,0.2781526810896253,0.0036681730054239315,0.9964123480863788,0.01318762411728106,0.00290681526543275,0.2204199361144711
195,F,batch1,0.4715672377637484,0.02487327189175996,0.976235419191029,0.0527459710935671,0.019220039079985825,0.36438876148267374
195,Q,batch1,0.89998478470997,0.18998590166765672,0.8152245033398798,0.2110990151115519,0.29859158098127736,1.4144622172845829
195,R,batch1,0.9999999999999979,0.9999999192862685,1.028429635301887e-07,0.9999999192862707,0.17419126547568559,0.17419127953531338
195,recurrent,batch1,0.8678268616475827,0.17579030262457387,0.8303321539327585,0.20256379514553544,0.2992236483136356,1.477182277803658
195,overall,batch2,0.6915229572860717,0.19680872394309715,0.8290842985949607,0.2846018658809046,0.3364561284538161,1.1821993064325538
195,E,batch2,0.6866203098861526,0.011035896294729265,0.9890331347461627,0.016072778704374634,0.004193024983942384,0.26087741647317897
195,F,batch2,0.5058217112417538,0.03958470197043281,0.9627849934304826,0.07825821053282861,0.020330621670378923,0.2597889925153657
195,Q,batch2,0.8222184255296405,0.1791353073616231,0.8301782754969182,0.21786827173841455,0.23931286994836512,1.0984291931947676
195,R,batch2,0.9999999999999987,1.000000003657165,5.0004499971786976e-08,1.0000000036571666,0.23558684389241194,0.23558684303083163
195,recurrent,batch2,0.7889755304282371,0.16359342985589798,0.8460536762171428,0.20734918073707984,0.24021150130446117,1.158487824502432
195,overall,batch3,0.796624168344542,0.22308907207367648,0.7951389645365422,0.2800430628878309,0.47102416741112735,1.6819704889450966
195,E,batch3,0.9262015022247565,0.015214095266226097,0.9848053787005959,0.016426334042518295,0.006724616992415657,0.4093802655546579
195,F,batch3,0.6526556427252139,0.0343488296824185,0.9664741005788221,0.05262933074322673,0.020768200963667625,0.39461267453682075
195,Q,batch3,0.8532802778132921,0.24243658787398564,0.7719149739595552,0.2841230416051333,0.4478813700232522,1.5763641255315923
195,R,batch3,0.9999999999999967,1.0000000321786595,8.665912733646841e-08,1.0000000321786628,0.1441856651213232,0.14418566048162143
195,recurrent,batch3,0.8122192748679176,0.2173375616849025,0.798076763998611,0.26758483627496504,0.4484130464860131,1.6757789893042836
200,overall,mean_vector,0.7538099059024657,0.408318978874091,0.6904870802367257,0.5416736708776055,0.4317000893593385,0.796974474797546
200,E,mean_vector,0.9206248884885007,0.017015598735951123,0.983010890746612,0.01848266210126869,0.005828426873748031,0.3153456380803475
200,F,mean_vector,0.7256394225579764,0.0675507551986551,0.9346467190836505,0.0930913523972135,0.024869973786284923,0.2671566493111701
200,Q,mean_vector,0.8561693319968213,0.4606272071559653,0.6067946718297746,0.5380094683859519,0.33691149632631623,0.6262185261108193
200,R,mean_vector,0.9999999999999996,1.0000000023068654,2.8258145153288943e-08,1.0000000023068658,0.26870639114109346,0.26870639052122386
200,recurrent,mean_vector,0.7382174202246927,0.3324329040213643,0.7334308920807375,0.4503184223425411,0.337878443397608,0.7503100620222815
200,overall,batch0,0.39169793285031335,0.079976446215879,0.9390080530200543,0.20417888252282876,0.2839021866285892,1.390458127308277
200,E,batch0,0.8454458679000723,0.005179374308540308,0.9948260057743276,0.0061262045332422,0.005567886313783625,0.9088639276685896
200,F,batch0,0.5105411221661551,0.016470213637058233,0.9839208810526956,0.032260307587324996,0.020313268621735964,0.6296675432108094
200,Q,batch0,0.613282515768534,0.1700867178416194,0.858337396165951,0.2773382796156768,0.22924584637923479,0.8265928767457329
200,R,batch0,0.9999999999999967,0.9999999516308662,9.512987495180817e-08,0.9999999516308693,0.166141997250125,0.16614200528626935
200,recurrent,batch0,0.39968152710857296,0.06665083348681616,0.9457838982819011,0.1667598549499901,0.23021139920132916,1.380496518603759
200,overall,batch1,0.7176393798695602,0.3872910100227579,0.7187945102744857,0.5396735754567326,0.529504065943089,0.9811561840784272
200,E,batch1,0.9606941998786361,0.020747403193820586,0.9792709492906245,0.0215962615330056,0.00886057429965335,0.4102827837175301
200,F,batch1,0.7012070583817638,0.062005532907320506,0.9401107606946625,0.08842685219172788,0.028067831965127254,0.3174129946893319
200,Q,batch1,0.805879635922922,0.4425313708800787,0.6453520163170118,0.5491283699870094,0.4228086683159445,0.7699632570904079
200,R,batch1,0.9999999999999964,1.0000000218659697,8.783161298762432e-08,1.0000000218659733,0.3173973422683599,0.3173973353281582
200,recurrent,batch1,0.6914902346514443,0.31567821187868245,0.7596399706615136,0.45651868393745965,0.4238319041450804,0.928399907950192
200,overall,batch2,0.869419128468125,0.5418041976809724,0.5520365227074182,0.6231795229023837,0.6245348712228412,1.0021748922592084
200,E,batch2,0.5408741457314522,0.02225454864104617,0.9783577344890007,0.04114552122093059,0.005325328841260382,0.12942669537872825
200,F,batch2,0.8920579018013078,0.10927673065358168,0.8924419808503631,0.12249959384129908,0.03179096213185187,0.259518918675255
200,Q,batch2,0.8993779221374981,0.5081219637522264,0.550406849442067,0.5649704659689702,0.49907074552568875,0.8833572294256867
200,R,batch2,0.999999999999999,0.9999999666416794,5.293086528266537e-08,0.99999996664168,0.3740764252572298,0.37407643773579125
200,recurrent,batch2,0.8693608209882405,0.4676311189785934,0.5950433299485606,0.5379022238971118,0.5001106212030526,0.9297426167524306
200,overall,batch3,0.7347584993742335,0.4524285095848142,0.6886890868717341,0.6157513114446865,0.3098303967897311,0.503174562572675
200,E,batch3,-0.38289111592655733,-0.014376283083148094,1.0149691216725059,0.037546661401006806,0.004211298907953577,0.11216174090622748
200,F,batch3,0.5313815767895314,0.09533683527119373,0.9173414865466265,0.17941313631382175,0.020532820667494612,0.11444435501968755
200,Q,batch3,0.7087232558467436,0.3648118927520091,0.7316685270643705,0.514745198132594,0.21809438771271356,0.4236938751520598
200,R,batch3,0.9999999999999992,1.0000000729333467,8.336937174546994e-08,1.0000000729333476,0.21906706977554422,0.21906705379825062
200,recurrent,batch3,0.67061600296642,0.324363702435274,0.7649961828973186,0.4836802298192636,0.21909927821615266,0.4529837374126771
