id,t,plans,dice,cldice,precision,recall,betti0_error,betti1_error
5_A,8,2,0.89522697133293616,0.90365024977013819,0.86763404838173841,0.92463259486729543,44,9
10_A,8,2,0.88626430639313836,0.88618241325804381,0.86089968111209969,0.91316894018887718,49,2.5
15_A,8,2,0.89318688153644044,0.89498931397085335,0.86896798770105121,0.91879448398576513,30,2
20_A,8,2,0.86504853227769885,0.86570804662351475,0.82528267643515529,0.90884058677323454,17.5,10
25_A,8,2,0.8737540881083723,0.9146734407134729,0.80913900210730993,0.94958468915910266,47,14
30_A,8,2,0.87971101633748328,0.91035368746531287,0.81246158886304187,0.95909790979097909,42.5,5.5
35_A,8,2,0.90156358131060932,0.90423136564468942,0.90992230345847069,0.89335703677033163,30.5,7.5
40_A,8,2,0.87426404627766752,0.9024698126637003,0.88091794403220791,0.86770993671968533,53,0.5
45_A,8,2,0.89961155359528178,0.91610545641439156,0.8768976777655626,0.92353341397036592,38,3
50_A,8,2,0.85614536248264117,0.82016093259189993,0.91852259148458737,0.80170150459456724,19,21
55_A,8,2,0.88110896001003125,0.87785877502005505,0.86651163058835334,0.89620653319283461,27,14
60_A,8,2,0.87406909355819784,0.88714856622834937,0.82907295924423074,0.92422965499078225,111,9.5
65_A,8,2,0.88812942771586867,0.91516595857656302,0.84340655437190271,0.93786090080841777,57,11
70_A,8,2,0.77555986798330379,0.78073725975887687,0.78248175527028152,0.76875937153660601,95,23
75_A,8,2,0.88075954604925111,0.89415535993668283,0.88145410347860964,0.88006608498115546,43,0
80_A,8,2,0.87217108485848072,0.90299783194474559,0.86573603725290837,0.87870251575835323,60.5,2
85_A,8,2,0.84159974048027619,0.86519139869342343,0.95515060245384986,0.75217875630692621,40,4
90_A,8,2,0.89530831617424145,0.91893077491113062,0.84858282124170259,0.94747938530734632,37.5,5
95_A,8,2,0.88335619644977748,0.91919259241579532,0.83066439956705307,0.94318558638222616,32,3
100_A,8,2,0.9022804956859608,0.91990175990806922,0.8884942625213974,0.91650129751183029,29,11
105_A,8,2,0.88796722858650479,0.89086370336030019,0.89353749785871783,0.88246598897486472,55,21
110_A,8,2,0.77646855048541097,0.77069062798984689,0.72995483956272089,0.82931354359925791,71.5,5
115_A,8,2,0.88353992542504145,0.93092076981196104,0.81481903577324211,0.96492017090173154,41,19
120_A,8,2,0.84259009790762252,0.85521918739474423,0.81500601057001798,0.87210678590215673,39.5,3
125_A,8,2,0.89921832231601639,0.92085354315163526,0.86043147997939773,0.94166713792908441,25.5,9
130_A,8,2,0.83616797781145835,0.8165026246635203,0.86855968661851835,0.80610541378487954,42,13
135_A,8,2,0.9069408600633232,0.94964826070525321,0.86045849282671893,0.95873202806810931,40,2
140_A,8,2,0.90462058250177368,0.92362485837023556,0.90444820374225809,0.90479302832244013,25,3
145_A,8,2,0.83486347408206951,0.85575197426001637,0.83389399874359338,0.83583527334029051,60,0
150_A,8,2,0.90050661032653756,0.93822194006964499,0.84521266127510719,0.96354166666666674,43.5,3
155_D,8,2,0.83788142700470936,0.8751326106349423,0.79739685658153237,0.88269675139323089,28.5,1
160_D,8,2,0.90723845690733107,0.91111440193753168,0.90064824605765248,0.91392582225332397,16,5
165_D,8,2,0.88799727419326113,0.88972513824606503,0.8973149392325388,0.87887112887112884,70.5,5
170_D,8,2,0.8792817396169772,0.88855902741353221,0.89935986043963889,0.86008052919183209,97.5,0.5
175_D,8,2,0.86251408051919976,0.86582386470907313,0.90363799277403456,0.82497027937388556,50.5,8
180_D,8,2,0.90175123072468621,0.91390155388323036,0.89813985600083313,0.90539176626826035,68,2.5
185_D,8,2,0.89963572997819741,0.89267800170443157,0.88342006409337115,0.91645783132530112,19,23.5
190_D,8,2,0.88001488901497582,0.89888090615099092,0.89605201567414672,0.86454172058740786,43,1
195_D,8,2,0.89045819222849609,0.90689283758258177,0.86709888221231091,0.91511093734727789,31,1
200_D,8,2,0.87931497033819206,0.90625826183217728,0.87070882591080134,0.88809294485913792,58,6.5
205_D,8,2,0.89810110356628514,0.91511539297204991,0.89764803885867317,0.89855462788401108,57.5,8
210_D,8,2,0.83040262772278806,0.85481313117094448,0.86121685400531556,0.80171735710540126,36,3
215_D,8,2,0.75044949394771798,0.75184346735002028,0.78071944210157329,0.72243919758565589,70.5,11
220_D,8,2,0.91109479284219153,0.9424919671762757,0.87890231888115711,0.94573523565528506,49.5,9.5
225_D,8,2,0.9044863038320512,0.91748857686500074,0.88123423928271227,0.92899867080194953,55.5,0.5
230_D,8,2,0.90197610284129315,0.92582035097040494,0.86644980250521519,0.9405402735937578,53,4
235_D,8,2,0.82762304145914078,0.79146537524606098,0.8838114397768928,0.77815195557131045,73,3.5
240_D,8,2,0.86945834570191893,0.87469215143437173,0.86484868444837781,0.87411740972362317,73.5,5
245_D,8,2,0.87001366243208622,0.88699932170532958,0.86943882177219134,0.87058927311220891,53.5,6.5
250_D,8,2,0.81483044106613201,0.79927413478824849,0.92651821041307536,0.72717288986507689,68.5,7
255_D,8,2,0.90816030970335415,0.93529979504466998,0.91639743548104058,0.90006996851416865,34,11
260_D,8,2,0.86924666879366075,0.89056801950275588,0.92744080739822732,0.8179243663825162,51.5,9
265_D,8,2,0.88974309382924988,0.91151638134395396,0.85941011408726031,0.92229563819813376,79.5,7
270_D,8,2,0.67478064740184784,0.67194865553910343,0.69144801362559316,0.65889797808303752,52,3
275_D,8,2,0.85330464349317348,0.84000565310000963,0.90048862761549131,0.81081918453339941,61,3.5
280_D,8,2,0.84051894714569086,0.84442950981813392,0.87868346546575893,0.80553170612044644,105.5,1
285_D,8,2,0.80287464190457369,0.81153715244009783,0.74041177006468062,0.87684755637069811,70.5,7.5
290_D,8,2,0.88932941153923517,0.90621216122239312,0.87475630790806658,0.90439633270738984,55.5,2
295_D,8,2,0.90506410055753106,0.92700483127227495,0.87840401251298883,0.93339316201899925,48.5,9.5
300_D,8,2,0.86344699987683793,0.87415416015125158,0.84650293127668008,0.8810832474521928,66.5,1
305_G,8,2,0.91625216095039197,0.9306884646891056,0.89645693738934951,0.93694134672682394,22,6
310_G,8,2,0.84649679784248866,0.864392126017272,0.87785494382156737,0.81730170804232083,50,1
315_G,8,2,0.89492305660170568,0.88046424044671956,0.88606085649001609,0.90396432533925064,62.5,0.5
320_G,8,2,0.86865668018275599,0.86036922112409187,0.89022084981598315,0.84811251937631082,48,5.5
325_G,8,2,0.73029784061313696,0.71639051097796291,0.85575351334260397,0.63692328507644436,53.5,2.5
330_G,8,2,0.84369933049299406,0.82989861746696292,0.8624482078006126,0.82574828705373249,90,3
335_G,8,2,0.87212437530711706,0.87811861872744179,0.90408026407698294,0.84235042240481417,75.5,0.5
340_G,8,2,0.85898992374822569,0.86401781477920969,0.82293200851866322,0.89835250233136466,61.5,14
345_G,8,2,0.87749604065473608,0.87683024918102626,0.83162270682508455,0.92872570194384441,43,9.5
350_G,8,2,0.86698038068998939,0.87259657773030352,0.81867266665859328,0.92134661835748788,74.5,5
355_G,8,2,0.86867888686866501,0.89429815920626798,0.8800213129082366,0.85762513796013762,66.5,5
360_G,8,2,0.49560560137646414,0.512083464649848,0.6673013899603899,0.39418286999839303,85.5,1
365_G,8,2,0.86957404828226559,0.8819752826168521,0.88185616760828622,0.8576293498168498,57.5,0
370_G,8,2,0.88925600955351214,0.89698022814055278,0.88524590763776489,0.89330263932758713,44.5,2
375_G,8,2,0.78183541166565806,0.81186491807170991,0.8209189099634826,0.74630428087465361,65.5,10
380_G,8,2,0.68630276853400463,0.62323747721777578,0.77173091837826269,0.61790293040293043,49,7
385_G,8,2,0.79402832628132769,0.80998072600946025,0.91341372668128462,0.70224347186465619,83.5,5.5
390_G,8,2,0.90322129312175414,0.92313242489902869,0.89955461218417088,0.90691800364844011,55.5,133.5
395_G,8,2,0.88470020107031644,0.91066537081003485,0.89124715849283431,0.8782487451199108,72.5,4.5
400_G,8,2,0.67351989457469108,0.65894594335247869,0.88815615156200123,0.54243287225386494,79,5
405_G,8,2,0.79533842839536584,0.8225971505994788,0.90179611232168533,0.711361669911313,95.5,5.5
410_G,8,2,0.82248482295334213,0.81554706917191,0.92634145769142917,0.73956826527205966,43,8
415_G,8,2,0.88172313164364524,0.88234831874925646,0.92699728943423798,0.84066539013882235,39,21.5
420_G,8,2,0.90684897408846055,0.92529733862642916,0.89924877050689611,0.91457874449339216,58,21
425_G,8,2,0.87806566683703369,0.89286368022148666,0.85220411527765427,0.90554597871961007,74,5.5
430_G,8,2,0.89045121601535071,0.89531550492857925,0.93028176365394144,0.85389137586969421,72.5,4.5
435_G,8,2,0.90652587263634088,0.94061764158815564,0.85952679177168745,0.95896209775408614,61.5,0.5
440_G,8,2,0.88671421733979905,0.90891883586053113,0.87591481110607461,0.89778325123152714,49.5,7.5
445_G,8,2,0.91349837804456158,0.93003119103968479,0.8967940854833476,0.93083678946084414,62,4
450_G,8,2,0.88677188559951114,0.91586568281365022,0.85392982645403404,0.92224119656106462,76.5,1
455_N,8,2,0.9089982721664227,0.92285664780306731,0.87506972735196875,0.94566392284027612,64.5,0.5
460_N,8,2,0.90325078466086617,0.92000275598816317,0.9264176727201584,0.8812142958311695,44.5,9.5
465_N,8,2,0.92179000547559298,0.94252873141116167,0.89253061622162788,0.95303281123986583,68,0
470_N,8,2,0.90543141686387485,0.92154512987087789,0.89528283351516036,0.91581272487133947,92,1
475_N,8,2,0.91399464691963317,0.92833121978407573,0.92696616444399516,0.90138115393183338,37,6
480_N,8,2,0.9123681463859219,0.92555267744276493,0.88637387605158025,0.93993312634344406,82.5,13
485_N,8,2,0.92360951752642628,0.94800512771141299,0.90487733355762878,0.94313365933170323,57,8
490_N,8,2,0.90323666176254003,0.9382576539539168,0.85684394333083536,0.95494071146245063,81,2.5
495_N,8,2,0.90255782140078056,0.91954350666156448,0.86808295910715916,0.93988418239248395,76.5,5
500_N,8,2,0.90946540986837432,0.92610836663389495,0.88042211262691206,0.94049023463101322,77.5,5.5
505_N,8,2,0.87867272886793446,0.92557162378721825,0.81712886553318298,0.95024232633279482,67.5,11
510_N,8,2,0.90372809753771977,0.93241617138632171,0.914487478946302,0.89321895072638702,55.5,8
515_N,8,2,0.9104010308744086,0.95096556328951753,0.87611830244640165,0.94747601505889967,53.5,7
520_N,8,2,0.9127610063514362,0.94608055525682533,0.87535115910588779,0.95351118085523734,64,0
525_N,8,2,0.88088995033380302,0.89618716476589122,0.93094271420363195,0.83594481399359455,57,1
530_N,8,2,0.89894525530319147,0.92818416017285998,0.89472611081543052,0.90320439459830626,46,6.5
535_N,8,2,0.90191924413347069,0.91842141930062882,0.90933840409360578,0.8946201800969753,31,18.5
540_N,8,2,0.91455993695976323,0.93631497304194933,0.88285861722675218,0.94862268566033081,71.5,0
545_N,8,2,0.91442873518278778,0.93329973805454869,0.88461914270712483,0.94631741655178181,81.5,9
550_N,8,2,0.89032932157491507,0.91698300079499218,0.83010531661991549,0.95997539557968858,75,1
555_N,8,2,0.91151955966188325,0.93470709131405194,0.8936018500674503,0.93017051153460373,43.5,12
560_N,8,2,0.91010358826680793,0.92433942516449186,0.8975085031904444,0.92305721207603431,49,9.5
565_N,8,2,0.9003495719483483,0.90862655985806939,0.91411475719357038,0.88699280321426999,66,0
570_N,8,2,0.90601215522969625,0.95635513073375866,0.84351144910775666,0.97851615138797987,40,3
575_N,8,2,0.92043560172963779,0.93495433986478482,0.9056956134729145,0.93566331279641857,60.5,2
580_N,8,2,0.92047349498609432,0.94426959477566219,0.90704751234639258,0.93430290872617849,40,5
585_N,8,2,0.91903170929046962,0.95460365922862489,0.89167248271098265,0.94812301166489932,33,11
590_N,8,2,0.91384125405411043,0.93839168088376002,0.88397312650532434,0.94579836993616251,48.5,10
595_N,8,2,0.9173976443779448,0.94405547330944017,0.92155316261774955,0.91327943541182777,40,5
600_N,8,2,0.90918212840884038,0.95443412480892487,0.86414934446447933,0.95916647063436056,48.5,2
5_A,16,2,0.8952621612867171,0.90336565242826827,0.86764221341928838,0.92469839877166038,40,9
10_A,16,2,0.88652532103871673,0.88616193852322334,0.86110729174954725,0.91348956511600798,46.5,3
15_A,16,2,0.89339750186191536,0.89509237005018061,0.86946637234612423,0.9186832740213523,28,4
20_A,16,2,0.8649588505865855,0.86522750927879755,0.82485850886418222,0.90915736634338906,14,11
25_A,16,2,0.87382197472787015,0.91438677514076527,0.8091000286215877,0.94979876691214249,46.5,13
30_A,16,2,0.87972633629992492,0.91015689054339544,0.81250349956460099,0.95907590759075911,38.5,4
35_A,16,2,0.901745661291949,0.90427171545869744,0.91031671253296897,0.89333453350735859,27,8
40_A,16,2,0.87384915839735267,0.90236146937969997,0.88069250941185295,0.8671113391482812,51,2
45_A,16,2,0.89961976592058113,0.91541367823202502,0.87706669605713361,0.92336332022981549,36,4
50_A,16,2,0.85625732758820872,0.82084536486974069,0.91831662144626636,0.80205493284863172,18.5,21.5
55_A,16,2,0.88139753745439875,0.87828651090502285,0.866984266050145,0.89629816282585795,25,14
60_A,16,2,0.87417697429039365,0.88701965074548106,0.82875889936906499,0.92486173294706342,104.5,10
65_A,16,2,0.88804541837032691,0.91516506155763078,0.84296998617405849,0.93821378159887081,51,13.5
70_A,16,2,0.77572889016527324,0.78144528587305628,0.78228586925629573,0.76928091792163766,90,24.5
75_A,16,2,0.88072731568006457,0.89394293112158985,0.88118261857772495,0.8802726005472663,41.5,1
80_A,16,2,0.87227035836218325,0.90301796518256316,0.86563394912872682,0.87900931555753892,61.5,2
85_A,16,2,0.8415843343707945,0.86514457858481875,0.95511086484939467,0.75217875630692621,34,3.5
90_A,16,2,0.89552569185830899,0.91884032293494045,0.84889821589329895,0.94757308845577204,38,4.5
95_A,16,2,0.88332859458499335,0.91900094208409477,0.83048704612162605,0.94335138720017686,28.5,3
100_A,16,2,0.90239444425960491,0.92058903108895707,0.88859574950982312,0.91662850455401212,28.5,13
105_A,16,2,0.88741081743651362,0.89051001779283334,0.89264423684925864,0.88223840590704494,54.5,21
110_A,16,2,0.77663947769821973,0.77149650408591397,0.72987389417859361,0.82980828695114406,70.5,5
115_A,16,2,0.88383011596873962,0.93079740374651032,0.81513627119422249,0.96516752867101419,39.5,18
120_A,16,2,0.84267361288375975,0.85546023453494024,0.81499001955056816,0.87230405049973703,38.5,2
125_A,16,2,0.89926143645690482,0.92024887717646875,0.86055768246701381,0.94161058643895268,25,9.5
130_A,16,2,0.83637412937408728,0.81635373653411047,0.86877381938083098,0.80630415772318953,42.5,14
135_A,16,2,0.90708227261731933,0.94980797260288985,0.86057472382784206,0.95890377349232048,40,3
140_A,16,2,0.90470614694312257,0.92382892997355881,0.90475544859266455,0.90465686274509804,24.5,3
145_A,16,2,0.83493316802270967,0.85628622904086149,0.83371354840273726,0.83615637794011399,59,0.5
150_A,16,2,0.90040631309502706,0.93812977774320094,0.84508754419483889,0.96347460658082973,44,4
155_D,16,2,0.83799820066066888,0.87643142271932695,0.79727580223241834,0.88310452630148162,26.5,1
160_D,16,2,0.90737761608063638,0.91124822325454591,0.90067338179850387,0.91418241194308369,12,5
165_D,16,2,0.88834222819637332,0.89035514469275823,0.89752479286632725,0.87934565434565437,69,3
170_D,16,2,0.87928211125013678,0.8886039998970745,0.89886699514565971,0.86053247873782812,92,0
175_D,16,2,0.86260549717789092,0.86598508492187609,0.90354160067848011,0.82521795125817321,50.5,7.5
180_D,16,2,0.90183740325496253,0.91409177992797286,0.89768420385245662,0.90602921646746348,63,1.5
185_D,16,2,0.89932362122788767,0.89201065462838725,0.88295254016903502,0.91631325301204813,20,24.5
190_D,16,2,0.87993698973396184,0.89858093867437949,0.89613230796341581,0.8643166601024026,41,1
195_D,16,2,0.89043962053306069,0.9068588373634956,0.86704171875723479,0.91513537288632585,31,1
200_D,16,2,0.8795406922220268,0.90666353420490076,0.87088144688877045,0.88837386628140291,57,6.5
205_D,16,2,0.89814960188404169,0.91531245556071628,0.89756578652440933,0.89873417721518989,57,8
210_D,16,2,0.83087161577842594,0.85547695638553356,0.86192331778062126,0.80197954902988988,35,3
215_D,16,2,0.75060697037260882,0.75246230295952765,0.78081856250246751,0.72264631043256999,67,11
220_D,16,2,0.91123732312040395,0.94328476876080902,0.87880531288418562,0.94615486549759265,46.5,9.5
225_D,16,2,0.90453417570782568,0.91774006084394066,0.88149134429144838,0.92881405996160094,52.5,0.5
230_D,16,2,0.90212514043689118,0.92547047884434375,0.86653626576669907,0.94076250679045881,51.5,4
235_D,16,2,0.82794786210569549,0.79129958548427581,0.88363830885474404,0.77886092402221441,72,3.5
240_D,16,2,0.86951835306225789,0.87553862466831411,0.86435103205791064,0.87474783134960665,72.5,3
245_D,16,2,0.86988454930708559,0.88725283099077212,0.86909307786784118,0.87067748764996478,53,7.5
250_D,16,2,0.81489293801476248,0.80006022521407238,0.92652703765428523,0.72726702227800444,66.5,7
255_D,16,2,0.90861184027044173,0.93555276642840879,0.91687657619884722,0.90049477735019234,30.5,11
260_D,16,2,0.86946347867509033,0.89091353344635782,0.92727272509556369,0.81843926998112027,49,9
265_D,16,2,0.8895248009225426,0.910887597248495,0.85851937105925447,0.92285369882584045,78.5,6
270_D,16,2,0.67506914700402687,0.67199314665363452,0.69162893232336486,0.65928384009878072,51,1
275_D,16,2,0.85353246101198144,0.84022676204775792,0.90084325082916117,0.81094311562771093,60,4.5
280_D,16,2,0.84079872352762564,0.84485679416490356,0.87758440284810935,0.80697289341346745,102.5,0.5
285_D,16,2,0.80270496870751051,0.81144114748701635,0.7398544210463287,0.87722515913259247,68.5,7.5
290_D,16,2,0.88960730393995335,0.90633150832938436,0.87539765847616136,0.90428587208660116,56,2
295_D,16,2,0.9051308744799591,0.92671987950671142,0.87862677706222247,0.9332837193013177,49.5,10.5
300_D,16,2,0.86351968279820435,0.87396045084132168,0.84664271189461293,0.8810832474521928,65,1
305_G,16,2,0.91670831478450621,0.93129434660961163,0.89713560606994258,0.93715416702136711,19.5,6
310_G,16,2,0.84696068773991273,0.86525843720416484,0.87801528090345193,0.81802779890740607,48.5,1.5
315_G,16,2,0.89516086148176333,0.8812249514651439,0.8860762127231967,0.90443372877016293,58,3
320_G,16,2,0.86876675796083624,0.86058955033859008,0.88979970336511127,0.84870520652867687,47,6.5
325_G,16,2,0.7304442140018863,0.71459576592946772,0.8553014266568133,0.63739683398728175,53,3
330_G,16,2,0.84395701571690729,0.83140179858722285,0.8616517670963979,0.82697439596105304,86.5,1.5
335_G,16,2,0.87211966061863233,0.87807530635278808,0.90377036549404588,0.84261080893415119,76,1
340_G,16,2,0.85886592277728913,0.86349248814507995,0.82274786773512676,0.89830069422857739,59.5,15.5
345_G,16,2,0.87733865618948148,0.87714580688331856,0.83123379188943436,0.92885832291311432,36.5,13.5
350_G,16,2,0.86667967855255057,0.87152424588945721,0.81789865175961729,0.92164855072463769,71,5
355_G,16,2,0.86897820782494228,0.89480452851947834,0.87950927163351678,0.85869635785236653,58,4.5
360_G,16,2,0.49756739804118549,0.51640710118566047,0.67375790493998844,0.39442391129680221,80.5,1
365_G,16,2,0.86974046686965356,0.88222561254215215,0.88147299124199141,0.85831616300366298,56.5,0.5
370_G,16,2,0.88954308854077824,0.897720113517114,0.88536804850706097,0.89375769580812681,39.5,3.5
375_G,16,2,0.78177457883598223,0.8114591285659416,0.82027321908329576,0.74672774869109948,64,10
380_G,16,2,0.68713210965300464,0.62533691960178373,0.77180632863647092,0.61920024420024422,46,7
385_G,16,2,0.79478920767852135,0.81053255112010658,0.9133756967600456,0.70345715336520775,79,6
390_G,16,2,0.90345871789585286,0.92241830738036867,0.89974953938847912,0.90719865288367085,55.5,133.5
395_G,16,2,0.88471526100135223,0.91063120389733898,0.89070410813549361,0.87880646960401565,68.5,5
400_G,16,2,0.67410455787748769,0.65945020673060228,0.88800960241857452,0.54324654190398691,74,4.5
405_G,16,2,0.79569697079243662,0.82292426109971595,0.90171905849431955,0.71198356045857669,95,4
410_G,16,2,0.8229891434789065,0.81638533454617401,0.926442940894454,0.74031935017247141,38.5,8
415_G,16,2,0.88226288236687711,0.8833512835678603,0.92734659678830522,0.84135950215414079,33,21
420_G,16,2,0.90731662805125413,0.925583052183509,0.89959178104194915,0.91517529368575623,55,21
425_G,16,2,0.87788940177804409,0.89228462171984502,0.85111074026425548,0.90640789395470489,71,6.5
430_G,16,2,0.89080946424555885,0.89532676918284815,0.93007225925769599,0.85472736098376578,70.5,6.5
435_G,16,2,0.90654733888587569,0.94045594764012352,0.85967563897636468,0.95882491278955828,58.5,0
440_G,16,2,0.8868226921647685,0.90960040139202203,0.87562067305395241,0.89831504702194365,47.5,9
445_G,16,2,0.91361808082742768,0.92959442864169417,0.89691157805669164,0.93095877043181263,59.5,3.5
450_G,16,2,0.88667204187072102,0.9154909261117683,0.85354291789138481,0.9224767400777294,75.5,1
455_N,16,2,0.90880034993983605,0.92239018021895225,0.87468518441507936,0.94568470940384142,62,0
460_N,16,2,0.90316492269325643,0.92008190407848145,0.92634138813266298,0.88111987158302252,43,10
465_N,16,2,0.92185030714606198,0.94241557928467068,0.89238318245885928,0.95332993760346363,65.5,0.5
470_N,16,2,0.90508878880414678,0.92085099684481531,0.89467829471004801,0.91574440952771319,88,1
475_N,16,2,0.91392044742600143,0.92834987113605782,0.92683710430974364,0.90135887725551345,35.5,6
480_N,16,2,0.91220039584398482,0.92558210753680581,0.88596886725379309,0.94003264071331905,81.5,11.5
485_N,16,2,0.92356941896373668,0.9477072080575295,0.90450052649668233,0.94345965770171158,55,7.5
490_N,16,2,0.90288898489598812,0.93808485390070129,0.85601199519428384,0.95519762845849798,81,3.5
495_N,16,2,0.90288657789872673,0.91985278123288272,0.86817315240551762,0.94049161739693854,70.5,3.5
500_N,16,2,0.90943456049669225,0.92653542037085312,0.88009646356829752,0.94079608511382007,74,3.5
505_N,16,2,0.87883710679795046,0.92573942442904633,0.81724893052282255,0.95046445880452346,62,12
510_N,16,2,0.90377088973435393,0.93268011724137367,0.91432667815141044,0.89345605035133846,55,7.5
515_N,16,2,0.91046633770965291,0.95133279730452647,0.87611811942026563,0.94761769825527264,50,8.5
520_N,16,2,0.91259784845851644,0.946388160499122,0.87496850802619441,0.95360925853275791,61.5,0.5
525_N,16,2,0.88093229668268169,0.89626908391068549,0.93073189453754157,0.83619118009361904,53,0.5
530_N,16,2,0.89865173053202774,0.92774347276243896,0.89421204572222512,0.90313572899977113,42.5,7
535_N,16,2,0.9017946547019986,0.91820084129083257,0.90918052114324222,0.89452782267374742,30,17
540_N,16,2,0.91459046560286994,0.93652044146665225,0.8828799577683295,0.94866373824869665,69.5,0.5
545_N,16,2,0.91460277518217348,0.93300539414480999,0.88447054877572895,0.94686050883569362,77.5,8.5
550_N,16,2,0.89017807047453679,0.9167184041190457,0.82973148456759449,0.96012387052984338,73,1.5
555_N,16,2,0.91129942738486602,0.93522909903218476,0.89256931171083798,0.93083249749247743,39.5,12
560_N,16,2,0.90989232793475927,0.92382194730846501,0.89689975531936184,0.92326686544912406,48.5,10
565_N,16,2,0.90042106993767757,0.90903000366352549,0.91372334881683459,0.88750055190074617,62,1.5
570_N,16,2,0.90593676239453824,0.95621926760016862,0.84326639462886133,0.9786701574712201,39.5,5
575_N,16,2,0.92047053535996315,0.9342398426943207,0.90582558207858188,0.9355968263818093,57,0.5
580_N,16,2,0.92062413915883079,0.94445162679381855,0.90712345727883348,0.93453276496155135,38,5
585_N,16,2,0.91898505201120573,0.95484367739789799,0.8917910488645896,0.9478897136797455,32.5,10
590_N,16,2,0.91413774349592614,0.93860140038014217,0.88430001142083003,0.94605934074758102,49,10
595_N,16,2,0.91754173194538202,0.94394690821609428,0.92184404562384126,0.91327943541182777,37,5
600_N,16,2,0.90907570966327267,0.95381991349554673,0.86392528279511582,0.95920567709558535,46.5,2.5
5_A,32,2,0.8948808795422849,0.90224282646584431,0.86644482933179878,0.92524676464136868,38.5,8
10_A,32,2,0.88633827865841142,0.88560251821056113,0.86044412017409755,0.91383933776378679,43,3
15_A,32,2,0.89342143647358929,0.89464879746184955,0.86947186680284827,0.91872775800711737,27.5,3.5
20_A,32,2,0.86448311819599977,0.86506688376331242,0.82351385084773043,0.90974219016521274,5,12
25_A,32,2,0.87365750217662319,0.91495889502661809,0.80807438359845507,0.95082634012673406,51,13
30_A,32,2,0.87898051393706522,0.90900800170048868,0.81066618969216409,0.95986798679867991,34,4
35_A,32,2,0.90152666360824374,0.90341112701271098,0.9088455954852479,0.89432467707817631,20,7
40_A,32,2,0.87302680672751276,0.90120398880915342,0.87908213398069479,0.86705432985576647,44,4
45_A,32,2,0.89978556416148114,0.91583356598452725,0.87692169793898289,0.92387360145146658,32.5,3
50_A,32,2,0.85668157193680572,0.82246845707725358,0.91714688413692325,0.8036958497425023,12.5,23
55_A,32,2,0.8810649114965512,0.87846424109829413,0.86582779871696103,0.89684794062399775,25,12.5
60_A,32,2,0.87331644351417748,0.88630090857016164,0.82664535546634565,0.92557282064787993,96.5,9
65_A,32,2,0.88729918890767023,0.91506702986847577,0.84095612703271283,0.93904786346721414,45,12
70_A,32,2,0.77546270243321813,0.78200052794168218,0.78000199285616967,0.77097594367299038,89.5,24.5
75_A,32,2,0.88031455459584884,0.89378912363853369,0.87924907292954257,0.88138262171511172,35,5
80_A,32,2,0.87237190049293112,0.9029238843021824,0.86478119349531302,0.88009706030010593,58.5,2
85_A,32,2,0.84240017154760105,0.86631519412713032,0.95483795601727717,0.75365310268003405,33.5,2
90_A,32,2,0.89532658571514334,0.91873740890744804,0.84814638384824903,0.94806502998500752,35,5
95_A,32,2,0.88271549474940381,0.91828188712957082,0.82897707809632415,0.94390405659334586,24.5,1.5
100_A,32,2,0.90226655613359985,0.92115100762779245,0.88794186961100263,0.91706100849743044,28.5,11.5
105_A,32,2,0.88710149083063183,0.89081042915946629,0.89155367800296648,0.8826935720426845,49.5,20
110_A,32,2,0.7764073585974367,0.77120533059560148,0.72841577040532379,0.83116883116883122,68,5
115_A,32,2,0.88360375686259052,0.93089471325876461,0.81431918560022376,0.96577467955925345,34.5,18
120_A,32,2,0.84246770301143037,0.85452335929649714,0.81417529859957272,0.87279721199368754,37.5,1
125_A,32,2,0.89853238373764377,0.91985621352595115,0.85912926948151869,0.94172368941921625,21,10.5
130_A,32,2,0.83622516428919236,0.81620126758531997,0.86711913909701788,0.80745687256538679,40.5,14
135_A,32,2,0.90680924791227213,0.94962206640665048,0.85988606638834897,0.95914912409833653,38.5,2
140_A,32,2,0.90465039971430139,0.92444062202277988,0.90445339607974806,0.90484749455337687,23,3
145_A,32,2,0.83473568455503178,0.85562768389707189,0.83129652455254033,0.83820341976398816,58.5,1
150_A,32,2,0.89938976930627357,0.93752429496263967,0.84316142330715671,0.96365343347639487,43,4
155_D,32,2,0.83718087736299174,0.87697340516981448,0.79541156049347939,0.88358026369444065,26,1
160_D,32,2,0.90705554097922025,0.91070966444565693,0.89945184611241857,0.91478889666433405,11,3.5
165_D,32,2,0.88835439090925694,0.89083577504666689,0.89589049409689703,0.880944055944056,59.5,2.5
170_D,32,2,0.8796656421134007,0.88912330036604348,0.89750125293493843,0.8625251653724475,86.5,0.5
175_D,32,2,0.86263508971508351,0.86719745733616926,0.90224445646295293,0.82635724192589666,47.5,8.5
180_D,32,2,0.9015917493934521,0.91365715444546702,0.89608045889714527,0.90717131474103585,57.5,4.5
185_D,32,2,0.89887587392176049,0.89171918966530972,0.88220144474057349,0.91619277108433739,17,24
190_D,32,2,0.8797262668412531,0.898091303640977,0.89566510293882162,0.86434479266302822,40.5,2
195_D,32,2,0.8902562072106377,0.90613034251469204,0.86619053185708939,0.91569739028442965,27.5,1.5
200_D,32,2,0.87915142679480462,0.90710243237261412,0.86959944782254328,0.88891564331005701,48,7
205_D,32,2,0.89781374527866742,0.91546811076936163,0.89653786955255721,0.89909327587754739,51.5,6.5
210_D,32,2,0.8305751438337422,0.85715878867637674,0.86045530921725821,0.80270057682223384,31,0.5
215_D,32,2,0.7514651284096836,0.75282566129822315,0.78036579148610752,0.72462867625303273,59.5,11
220_D,32,2,0.91083324214787176,0.94313141020244429,0.87754104498838248,0.94675118158929283,41,8
225_D,32,2,0.90482006235781287,0.91882282397027848,0.88083917492708286,0.93014325801211051,45.5,0.5
230_D,32,2,0.90177210397277574,0.92443905284460226,0.86502916053804846,0.94177490246431916,52,6
235_D,32,2,0.8279775560031164,0.79119076663778287,0.88203862371691399,0.78016069951553824,67.5,4.5
240_D,32,2,0.86943034189196555,0.87485386389960751,0.86263219904823885,0.8763364938470849,72.5,2.5
245_D,32,2,0.86974895639698757,0.88810861138214126,0.86800413664181786,0.87150082333568568,48.5,6
250_D,32,2,0.81515307005261617,0.79970452413265702,0.92572503612797885,0.72817696893630379,67.5,6.5
255_D,32,2,0.90871740596938066,0.93520712153599916,0.9166772616468235,0.90089459743115596,27.5,9
260_D,32,2,0.87009914106278985,0.89196667140958552,0.92564516466315361,0.82084215344127243,46,9
265_D,32,2,0.88939226541719851,0.91090732135236485,0.85671444933001961,0.92466181525960978,70,4
270_D,32,2,0.67498904784148495,0.67011491692800773,0.68918361176547949,0.66136749498379377,47,1
275_D,32,2,0.85416021904086659,0.84107227018217912,0.90033302682050864,0.81249225430660554,56.5,4
280_D,32,2,0.84096449328414558,0.84679390415429678,0.87552677613993424,0.80902735189500796,95.5,3
285_D,32,2,0.80089426109263606,0.81275754933583078,0.73530628440727397,0.8793289459488618,58.5,6
290_D,32,2,0.88975757332969696,0.90682511363419072,0.87491324221330702,0.90511432674251635,51,2
295_D,32,2,0.90493159633298004,0.92742207871029581,0.8777672727902609,0.93383093288972552,47,10
300_D,32,2,0.86323635896154738,0.87280640385549457,0.84546551692317862,0.8817702965762052,64.5,1
305_G,32,2,0.91631568319453649,0.93120533457238341,0.89597528751828248,0.93760108963990807,14,5.5
310_G,32,2,0.84672002493565479,0.86567114679914381,0.87595182679260852,0.81937625337113618,49,2
315_G,32,2,0.89534356734812026,0.88191690686612734,0.88526916004020673,0.9056499103866178,47,2
320_G,32,2,0.86786520686441637,0.86044265811544718,0.88701384923515114,0.84952585027810712,35,6
325_G,32,2,0.73216779931672493,0.71471428284336402,0.85492356497290656,0.64023812745230679,54.5,1.5
330_G,32,2,0.84446080435140192,0.83275341699125494,0.86074916338838592,0.828777497295348,77,2.5
335_G,32,2,0.87237891445215654,0.87955651042013983,0.90230335388294947,0.84437565096632339,69.5,0.5
340_G,32,2,0.85780688708492003,0.86275822028006066,0.82046066613693958,0.89871515905087551,51.5,15.5
345_G,32,2,0.87700324802530272,0.87618184349167727,0.83013249684414181,0.92948353605395773,26.5,16
350_G,32,2,0.86528792727115378,0.86926129563682686,0.8150100647047378,0.9221769323671497,67.5,5
355_G,32,2,0.8695224677793485,0.89600565917878194,0.87767450652533574,0.86152048302278783,46.5,3
360_G,32,2,0.50234398548994996,0.52436214595277164,0.68668135195654156,0.39603085328619636,70.5,1
365_G,32,2,0.86949979918389864,0.88140074544744951,0.87938662533344225,0.85983287545787546,50,0
370_G,32,2,0.88950334292976807,0.89782838960651157,0.88353667905973376,0.89555115370201821,40.5,3
375_G,32,2,0.78126318863191901,0.81128423046735643,0.81721108489490624,0.74834462580843852,65,10
380_G,32,2,0.68805403614083083,0.6258214088383548,0.76988478092828028,0.62194749694749696,48.5,7
385_G,32,2,0.79768236724010855,0.81375560463331786,0.9119470391401594,0.70886355277675617,67.5,4
390_G,32,2,0.90354938904315651,0.92188374768233861,0.8992170966763855,0.90792366340801722,44.5,133
395_G,32,2,0.88458471573753672,0.91079478750101528,0.88852951609424891,0.88067484662576689,64,4.5
400_G,32,2,0.6767326002345222,0.66364325171280103,0.88705635532937666,0.54703010577705447,69,4
405_G,32,2,0.79713596623454919,0.8250333801320463,0.90070173048099189,0.7149307808782176,94,3.5
410_G,32,2,0.82370918731860376,0.8173488121979392,0.92526962265844115,0.74223878936241239,40,9
415_G,32,2,0.88226296584786534,0.88355953309795443,0.92647603127674671,0.84207754906653898,28.5,19
420_G,32,2,0.90822588762574075,0.92695185203830521,0.89907841193954963,0.91756149045521296,51,18.5
425_G,32,2,0.87719297875331703,0.89205519620287355,0.84842257089111373,0.9079831183498781,68.5,9.5
430_G,32,2,0.89135957971565327,0.89674788698233032,0.92958162858069215,0.85615662585621055,58,5
435_G,32,2,0.90627140926176231,0.94048405993970907,0.85886502421562438,0.95921686983106658,52,0
440_G,32,2,0.88629408177805946,0.91145423566742823,0.87326813771333134,0.89971450962830279,49,7.5
445_G,32,2,0.91380155272439456,0.9303193781058452,0.89561714113954971,0.9327396926079532,46,4
450_G,32,2,0.88564566434942349,0.91464999579594974,0.85134183040147082,0.92283005535272644,70.5,0
455_N,32,2,0.90793897193474926,0.92164326326792434,0.87300217460670704,0.94578864222166792,56.5,1.5
460_N,32,2,0.90258679864591795,0.91936642712219419,0.92536017555907657,0.880907417024692,45,8
465_N,32,2,0.92154892932989674,0.94071598401849965,0.8911509314154451,0.95409397682414365,60,1
470_N,32,2,0.90432573884765877,0.92020916009537934,0.89277710334892579,0.91617707337067911,87.5,0.5
475_N,32,2,0.9136008651152896,0.92879895399787216,0.92580397517041546,0.90171530407663181,35,5
480_N,32,2,0.91139631270960586,0.92482905791901848,0.88394277117779763,0.94060982405859406,75,13.5
485_N,32,2,0.9229742512020469,0.94693710101508155,0.90287440239953831,0.94398940505297468,50.5,8
490_N,32,2,0.90157837450253386,0.93698576311941351,0.85334348157279993,0.95559288537549403,77.5,3.5
495_N,32,2,0.9027108887047488,0.92022667076533882,0.86721140464674606,0.94124078723576576,63.5,3
500_N,32,2,0.90866732723481292,0.92586022150453107,0.87799462253099314,0.94156071132083707,64,2.5
505_N,32,2,0.87851025211791911,0.92557783270101601,0.81646030447584039,0.95076736672051698,56.5,10.5
510_N,32,2,0.90387274428685793,0.93338548046522507,0.91322904877762701,0.89470621201017364,52.5,6
515_N,32,2,0.9104671944844499,0.95226805548584359,0.87558404577654714,0.94824515241063834,41,9.5
520_N,32,2,0.91195304740861594,0.94577399941230234,0.87347114868312992,0.95398195370733618,52.5,1
525_N,32,2,0.88096412061053375,0.8962313554720398,0.93037593890759984,0.83653609263365358,46,1
530_N,32,2,0.89866317279679542,0.9279129280312457,0.8934283412876225,0.90395971618219273,37,2
535_N,32,2,0.901694061729714,0.91805126405054371,0.90816692005749267,0.89531286077118444,26.5,15
540_N,32,2,0.91415014742620171,0.9364930967092322,0.88165195973128652,0.94913584301490206,65,2
545_N,32,2,0.91397039734054553,0.93295097669837168,0.88238165107312772,0.94790491707398594,70.5,11.5
550_N,32,2,0.88935376578569536,0.91570644240663501,0.82812672668946807,0.96035718830865824,62.5,1
555_N,32,2,0.9114336124770468,0.9361954799395501,0.89150201109173821,0.93227683049147447,33.5,14
560_N,32,2,0.90927428597625271,0.9232632155154834,0.89495532894143126,0.92405888930301905,48.5,8.5
565_N,32,2,0.90038139035954101,0.90930867670876503,0.91247480365339273,0.88860435339308574,57,1.5
570_N,32,2,0.90567415735078505,0.95639017764885259,0.842711528361475,0.97880491279405535,39.5,4.5
575_N,32,2,0.9204779386443942,0.93416078778992584,0.90503116601776157,0.93646114977172989,53,1
580_N,32,2,0.920418436005078,0.94478645430881025,0.90635068342297642,0.93492978936810434,34,5
585_N,32,2,0.91899725785359454,0.95494208346024034,0.89157011506456985,0.94816542948038174,30,11
590_N,32,2,0.91417830901521224,0.93933433349890427,0.88348314821912577,0.94708314931545345,49.5,8.5
595_N,32,2,0.91710315140025278,0.94318753377990605,0.92116350597228625,0.91307843487582629,33,5.5
600_N,32,2,0.90840771796088182,0.95354000955939733,0.86233928734993637,0.959676154630283,44.5,4.5
5_A,64,2,0.8934658580087782,0.90288731892936203,0.86246182747866351,0.92678218907655185,35,8
10_A,64,2,0.88367255144495671,0.88362417361222767,0.85334998371158655,0.91622945085694296,38,3.5
15_A,64,2,0.89198142717124873,0.89378789479709475,0.86603700904139691,0.91952846975088964,23,2.5
20_A,64,2,0.86189908262593951,0.86435993548082934,0.8168725757303622,0.91217895608947808,12,10.5
25_A,64,2,0.87195424526674459,0.91525163732442638,0.80415456641274496,0.95223925329679737,56,12.5
30_A,64,2,0.87505133490828468,0.90707732994140544,0.80291425229423719,0.96143014301430141,26,4.5
35_A,64,2,0.90021006724649211,0.90393736427310256,0.90357760000910559,0.89686754579414019,17,8
40_A,64,2,0.87262654163442199,0.90217521779721033,0.87409904999279908,0.87115899891682336,41,4.5
45_A,64,2,0.89810434694001651,0.91447781727871147,0.87198290680612023,0.9258391291200484,29.5,0.5
50_A,64,2,0.85752940333574146,0.82427040939700702,0.91344672972223107,0.808063213167727,4,23.5
55_A,64,2,0.88009771433012485,0.87791068960249596,0.86153101890443406,0.89948229257341827,19.5,12
60_A,64,2,0.87130916273381298,0.88319310034805099,0.8211905069245109,0.92794311298393461,81.5,13.5
65_A,64,2,0.88464492918999127,0.91293089400252159,0.833773388991635,0.94212755036571283,43.5,18
70_A,64,2,0.77407412655437957,0.78250424256795137,0.77113187468792299,0.77703892039898292,86,21
75_A,64,2,0.87867808177817919,0.89505097841234083,0.87209822505117618,0.88535804636274462,27,1
80_A,64,2,0.87200373932436515,0.9041942216685479,0.86056490872919544,0.88375076699949795,54.5,1.5
85_A,64,2,0.84376653921843336,0.86994858403043629,0.952073145153016,0.75758469300832187,28.5,3.5
90_A,64,2,0.89340315350929189,0.91726761424808334,0.84366227460157306,0.94937687406296845,29,1.5
95_A,64,2,0.87966474939063921,0.91770484533196162,0.82241669107374338,0.94547916436387758,22,0.5
100_A,64,2,0.90124165103587428,0.9223917215118469,0.88357370919930145,0.91963059074950393,26.5,12
105_A,64,2,0.88547532711926147,0.89154625814751021,0.88615936370521797,0.88479239366813323,42,21
110_A,64,2,0.77490393989791828,0.77038960919298072,0.7224123182207014,0.83562152133580703,61.5,4.5
115_A,64,2,0.88188201662700405,0.93001341919902181,0.81032306919640029,0.96730380031481888,30,17
120_A,64,2,0.84090944771430465,0.85412925893882441,0.80946007216824656,0.87490136770120985,35.5,2
125_A,64,2,0.89639875151896797,0.91977432131735204,0.85437541036788911,0.94276989198665384,21,10.5
130_A,64,2,0.83548893184186768,0.81343194880987146,0.86115102205237104,0.81131250496859841,34.5,11.5
135_A,64,2,0.90456659715360233,0.94791738474472442,0.85510150286957298,0.96010599146179887,29.5,1
140_A,64,2,0.90376262471072732,0.9253186838479811,0.90092553263279251,0.90661764705882353,21,3.5
145_A,64,2,0.83402062615678396,0.85690032702817287,0.82402258256415917,0.84426426908565455,56,1
150_A,64,2,0.8955757078391593,0.93393453435701956,0.83621279515999081,0.96401108726752505,40.5,3.5
155_D,64,2,0.83699790012804098,0.87922014039775231,0.7909987288359619,0.8886774500475737,24,0
160_D,64,2,0.90571777605663395,0.91088241449855434,0.89497176356176256,0.91672498250524848,8.5,2.5
165_D,64,2,0.88709859278633985,0.89096484632836559,0.89007618226526086,0.88414085914085916,51.5,1
170_D,64,2,0.87882608954151753,0.89026304667460798,0.89186673405599382,0.86616130490159826,74,4
175_D,64,2,0.86324676556273161,0.86795884549155811,0.89851579020398242,0.83064196552407366,39.5,8
180_D,64,2,0.89958509175647994,0.91280394761370243,0.88949470642430595,0.90990703851261623,49.5,7
185_D,64,2,0.89728854722834073,0.89233012200401052,0.87766730139506155,0.91780722891566269,11,26
190_D,64,2,0.87918955449717184,0.89762575355034935,0.89200613622188607,0.86673606031620998,35,2
195_D,64,2,0.88940714394320264,0.90409262011429892,0.862611380747343,0.91792102433779688,27,0.5
200_D,64,2,0.87714652937939008,0.90727363524163929,0.86401683273487562,0.89068143510715148,47,5.5
205_D,64,2,0.89607985671496626,0.9160447138900556,0.89134403783644944,0.90086632552293744,51,8.5
210_D,64,2,0.83046151170059757,0.85537122048512315,0.85692412870830736,0.80558468799160987,27,1
215_D,64,2,0.75192048704769421,0.75299928759687274,0.77541651502754738,0.72980649742588322,53.5,7
220_D,64,2,0.90867345338627681,0.94304469016225823,0.87220956000887429,0.94831927205265254,37.5,5.5
225_D,64,2,0.90359484612943797,0.91687434030489945,0.87583599963512626,0.93317087579382663,38.5,0.5
230_D,64,2,0.8991684567105056,0.92323610705640291,0.85850646061124536,0.94387377154427377,43.5,1.5
235_D,64,2,0.8286391583867081,0.79090764046127371,0.87766766376116845,0.78479853479853479,67.5,4
240_D,64,2,0.86860486841801587,0.87477039345495977,0.8578912545166566,0.87958946943715954,61,1
245_D,64,2,0.86824057952195077,0.88873401722608913,0.86172741326899271,0.87485297577040688,38,7.5
250_D,64,2,0.81659615209975378,0.80158716483353387,0.92165064225666926,0.7330404769375588,61.5,6.5
255_D,64,2,0.90866133746970745,0.93673522864624359,0.91399099942615458,0.9033934729371782,26.5,8
260_D,64,2,0.87308801945912018,0.89571181356832796,0.92153435671635742,0.82948109159562899,42.5,5.5
265_D,64,2,0.88713274514687646,0.90936302125869861,0.84936799829999154,0.92841198267779812,66,4.5
270_D,64,2,0.67442587095766282,0.66441095777336434,0.68274553218408984,0.66630652878530638,43.5,2.5
275_D,64,2,0.85515587117826874,0.84277212330926621,0.89680735160679736,0.81720163589044492,57.5,2.5
280_D,64,2,0.8422118967220884,0.84904564401702232,0.87056126864108974,0.81565068073101921,87,9
285_D,64,2,0.7965457232040507,0.81198328450000812,0.72373846940104036,0.88564030639766966,59.5,6
290_D,64,2,0.88904801794255139,0.90685284035844227,0.87035077509126502,0.90856622114216279,48,0.5
295_D,64,2,0.90268010295810819,0.92643912833568542,0.87205178444322673,0.93553823928555802,35.5,7
300_D,64,2,0.86126015204837603,0.87085484019823389,0.83916786067021532,0.88454712011908843,61.5,1
305_G,64,2,0.91438814669840385,0.93216903213299163,0.8909326042209067,0.93911211373116543,6,3.5
310_G,64,2,0.84658940300089758,0.86740030232546328,0.86982531980684041,0.82456261669317477,42.5,4
315_G,64,2,0.89408553138120239,0.88248144233038017,0.88063416255937477,0.90795425450200562,35,3
320_G,64,2,0.86555098636137306,0.86070317772743454,0.87972314256049078,0.85182821190845259,29,7.5
325_G,64,2,0.73429876981351838,0.71422779543963921,0.84952447762373107,0.64659721282641058,50,0
330_G,64,2,0.84419198924800321,0.835165799481559,0.8555402754552901,0.83314100252434187,70,1.5
335_G,64,2,0.87230539930147133,0.87971397880535984,0.89653402388552839,0.84935192686031713,61,1
340_G,64,2,0.8550849280731756,0.86336862526605063,0.81358468782149185,0.901046523676303,42.5,13.5
345_G,64,2,0.87465736732786592,0.87540978613029607,0.82474574617414309,0.93099920427418437,14.5,15
350_G,64,2,0.86150384264859436,0.8642557980015938,0.80653235507317766,0.92451690821256038,62,3
355_G,64,2,0.86930487045532434,0.89880876822607714,0.8715171494983539,0.8671038109459196,40,0.5
360_G,64,2,0.50799348463074656,0.53047978974135768,0.70113227939769573,0.39828057207134826,64,1
365_G,64,2,0.86886826532613504,0.8818688337656313,0.87380973378827242,0.86398237179487181,51.5,1
370_G,64,2,0.88824799174273295,0.89856582004837926,0.87812921762508189,0.89860270892446059,35,2
375_G,64,2,0.77827732227659463,0.80812208778891892,0.80521948305204738,0.75307976593778869,68.5,6
380_G,64,2,0.68950788811427144,0.62450810759003528,0.76418186116081177,0.62812881562881562,43.5,5.5
385_G,64,2,0.80114115107405948,0.81632649340059538,0.90637627674615051,0.71780066200809123,58,4.5
390_G,64,2,0.90256303378126934,0.92255389132474352,0.89400024144209445,0.91129145423078728,34,134
395_G,64,2,0.8834943375290758,0.9128104777461501,0.88199656473221522,0.88499721137757947,58,6
400_G,64,2,0.68165243019131827,0.66709813038852372,0.88277914348557385,0.55516680227827497,66,3
405_G,64,2,0.79930599180352391,0.82656655599759976,0.89442324429269604,0.72247458360372052,89.5,4.5
410_G,64,2,0.82451431703566702,0.8204380308451289,0.91855418635520036,0.74794147101368647,41.5,9
415_G,64,2,0.88231182219894366,0.8847763606084611,0.92201931334514509,0.84588319770224984,23,19
420_G,64,2,0.90739589972150436,0.92777893002961764,0.89399033986113385,0.92120961820851688,48,20.5
425_G,64,2,0.87361197621247599,0.89047653053278619,0.83837915659714768,0.91193603994531292,56.5,13
430_G,64,2,0.89255805843411817,0.89768913890446034,0.92504194346308011,0.86227819427215358,49.5,8.5
435_G,64,2,0.90410707297791204,0.94002830502984502,0.85392967708231371,0.9605495237721946,37.5,0.5
440_G,64,2,0.88428518651592514,0.91299129688091363,0.86559442778207729,0.90380094043887149,43,10
445_G,64,2,0.91211937973148605,0.93201298687731327,0.88897895819250228,0.93649670651378392,39,2
450_G,64,2,0.88278341673561544,0.9120703013797492,0.84407316360327211,0.92521493345895656,61,2.5
455_N,64,2,0.90575597653104611,0.91981694451617513,0.86759304416132899,0.94743078074332754,53,3
460_N,64,2,0.90181756583768513,0.91871081335029792,0.92131704291207495,0.88312638685614464,42,7
465_N,64,2,0.91956745722382438,0.94037195337335411,0.88611632020425612,0.95564327857718911,57,6.5
470_N,64,2,0.90263311076904273,0.91862204544846826,0.88630877163856159,0.91957006877077929,80.5,4
475_N,64,2,0.91322485978595402,0.92928424939871102,0.92202723108871454,0.90458899532189796,37,4
480_N,64,2,0.90862181176533918,0.92259699651699334,0.87690461434091538,0.94271952869994424,57.5,19.5
485_N,64,2,0.92063681446511525,0.94524326384003299,0.89701365536111566,0.94553789731051352,47,10.5
490_N,64,2,0.89758567720581084,0.93401572247850495,0.84541359621704459,0.95662055335968377,71.5,6.5
495_N,64,2,0.90054656905677843,0.91915331634450781,0.86218908491172042,0.94247590507815659,42,4
500_N,64,2,0.90656147002656651,0.92322774555025622,0.87210335061916155,0.94385458994188842,52.5,1.5
505_N,64,2,0.87572546396047302,0.92294578341916078,0.81062077464752769,0.95220113085621971,42.5,6.5
510_N,64,2,0.9034544926875514,0.93368218009919235,0.90868468116662937,0.89828426089580549,40,9.5
515_N,64,2,0.90906802232199191,0.950039966911151,0.87132516495081958,0.95022871715985913,32,13
520_N,64,2,0.91012360057284147,0.94569891275729212,0.86883552506065476,0.95553158101216162,41.5,2
525_N,64,2,0.88178962603322042,0.89572972141136808,0.92734241467558742,0.84050258684405033,40.5,2.5
530_N,64,2,0.89746465257420627,0.92693784849896343,0.88810204096523904,0.9070267795834287,31.5,0
535_N,64,2,0.90147600895523294,0.91859023690256225,0.90468329964228722,0.89829138767028405,26.5,12.5
540_N,64,2,0.9120223985477669,0.93500856928873977,0.87616320168577733,0.95094215690299277,57,5.5
545_N,64,2,0.91157143874157165,0.93239546812614271,0.8757458147228141,0.95045327317541883,55.5,8
550_N,64,2,0.88638942274079324,0.91345562802090308,0.82242550072281229,0.96114198447376231,59.5,2.5
555_N,64,2,0.90962122567795567,0.93595794529455556,0.88532748019652119,0.9352858575727182,26.5,16.5
560_N,64,2,0.9074820452632677,0.92074763296546869,0.88888168076164198,0.92687756243011554,42.5,11.5
565_N,64,2,0.90015692558771776,0.90843510834689378,0.90768298275295478,0.89275464700428275,43.5,2.5
570_N,64,2,0.90356257109756077,0.95443652991664596,0.83842695077338192,0.979671197012282,37.5,1.5
575_N,64,2,0.91931513716249158,0.93379453959319769,0.90000212269150404,0.93947520056735079,47,2.5
580_N,64,2,0.91935683967668358,0.94371727950279682,0.90265816430553591,0.93668505516549649,28.5,4
585_N,64,2,0.91725241698560023,0.95397799360759472,0.88727016848745111,0.94933191940615058,25.5,9
590_N,64,2,0.9125381318299417,0.93843140076378684,0.87893777662067174,0.9488095716063758,45.5,5
595_N,64,2,0.91656038662199868,0.94409952825436716,0.91830702412487364,0.91482043952117209,28.5,4.5
600_N,64,2,0.90637442538220014,0.9528604060472653,0.85722771872379466,0.96149925507723677,38.5,1
5_A,128,2,0.8868778236841508,0.90099253554178194,0.84693530673056949,0.93077429260802802,31.5,12.5
10_A,128,2,0.87488395414952946,0.87795038403001902,0.83387509132250859,0.92013524542380787,49,4
15_A,128,2,0.88461620493352888,0.8889748349344655,0.85100094421335815,0.92099644128113878,32,9.5
20_A,128,2,0.85264558625442399,0.85973220094610991,0.79844735366903929,0.91473756030995668,16,4.5
25_A,128,2,0.86360907206910575,0.91213507381969539,0.78848806366047741,0.95455129302962838,60,4
30_A,128,2,0.86518873616780145,0.90127442835077387,0.78455842497856509,0.9642904290429043,23.5,18.5
35_A,128,2,0.89516516397701684,0.90406026288296226,0.88819477437365046,0.90224582564471856,19.5,6
40_A,128,2,0.8713736391873883,0.89975821232921505,0.86155307420390059,0.8814206715694658,31.5,5
45_A,128,2,0.8916566862041897,0.91227963846006843,0.85676955875003491,0.9295055941941337,18,16
50_A,128,2,0.85637619191238468,0.82723729122085299,0.89885429389992477,0.81773200040391802,7,17.5
55_A,128,2,0.87508857395925599,0.87297341207558166,0.84684781211160165,0.90527786686214329,20.5,8
60_A,128,2,0.8621420155871542,0.87052106421362985,0.80173473014889396,0.93239399525941535,73,53
65_A,128,2,0.87486298019476783,0.9054410195910394,0.81251029480508241,0.94758116258180414,44.5,38
70_A,128,2,0.76768832957997435,0.77859502615516529,0.75,0.78623117543516519,86,6.5
75_A,128,2,0.87136352724639154,0.89197891538745,0.85176145565812345,0.89188910114099851,31.5,7
80_A,128,2,0.86852147345086217,0.90555859823959395,0.84624141543964049,0.89200647068667371,48.5,2.5
85_A,128,2,0.84716648700692354,0.8711092844603332,0.9453191932878211,0.76747919533451281,24.5,2.5
90_A,128,2,0.88660131170205592,0.9140700155358964,0.82937876471056327,0.95230509745127434,29,1
95_A,128,2,0.87145580031135594,0.91611604398599611,0.80585426902298718,0.9486846468442578,19.5,5
100_A,128,2,0.89564045607320475,0.92156169056202974,0.86864938973048678,0.92436269271866889,30.5,5.5
105_A,128,2,0.88039510941118482,0.89126665561308727,0.87072765262248453,0.89027967430334298,39.5,17
110_A,128,2,0.76696362791656547,0.76546064325731233,0.70227849979687096,0.84477427334570188,62.5,4.5
115_A,128,2,0.87421689673073022,0.92652200265909612,0.79590593661118847,0.96961996851810206,29,11.5
120_A,128,2,0.83583674705715771,0.85327229649463598,0.79589653085185574,0.87999736980536558,35,1
125_A,128,2,0.88781163878387193,0.91575498015770274,0.83710278288798279,0.94506022733699035,21.5,5.5
130_A,128,2,0.83242371453810504,0.81002647997904731,0.8436543639060532,0.82148819461006439,38,17
135_A,128,2,0.89736170834066697,0.94332565563601534,0.84039842095549822,0.96260856764316205,31,4.5
140_A,128,2,0.9000147766049249,0.92683832582502523,0.88807299357528369,0.91228213507625266,20.5,1.5
145_A,128,2,0.82897375664949569,0.85492586988419927,0.80521395490777536,0.85417837360520188,63.5,1.5
150_A,128,2,0.88481314187863935,0.92506978458541111,0.81643809463170425,0.96568758941344779,36.5,10
155_D,128,2,0.83254493386103801,0.87845297391855914,0.77665332710258139,0.89710479815142041,27,4
160_D,128,2,0.90099267349164758,0.90682764750595268,0.88090301046799013,0.92202006064847208,5.5,9.5
165_D,128,2,0.88277314616305147,0.88954661348532538,0.8752424861610163,0.89043456543456534,56,10
170_D,128,2,0.8743353833660632,0.8913987913588759,0.8754249146884483,0.87324869550926498,62.5,7.5
175_D,128,2,0.86155363437637422,0.86742092485831301,0.88459547307231889,0.83968198930057469,43.5,3
180_D,128,2,0.89296224739459795,0.90887099216538858,0.87154570911767459,0.91545816733067731,50,17
185_D,128,2,0.89035981755055871,0.8900441888355195,0.86069319256057963,0.92214457831325303,10.5,17
190_D,128,2,0.87465628094967518,0.8942792070816713,0.87682000738609567,0.87250323524447193,43.5,6
195_D,128,2,0.88576051525077926,0.90534093322351838,0.85119855290181823,0.92324797185025909,35,2
200_D,128,2,0.86966950857013614,0.90574112018216979,0.84595245895066506,0.89475479572999439,41,3.5
205_D,128,2,0.89081042160779145,0.91734409525557126,0.87578080963741312,0.90636502379028638,52.5,2
210_D,128,2,0.8302793640970596,0.85929303019204939,0.84583475399661445,0.81528578919769268,23.5,1
215_D,128,2,0.75237672758854957,0.75484387644557827,0.76522297051030508,0.73995502692467008,41,5
220_D,128,2,0.90057255908283063,0.93475327662949614,0.85441069986229667,0.95200759750872388,40,15.5
225_D,128,2,0.89731234654136904,0.91277629674299399,0.85941249769434824,0.93870920100428301,37.5,1.5
230_D,128,2,0.89137246919487256,0.9198606805209536,0.84091705800643435,0.94826905032347275,37.5,16.5
235_D,128,2,0.82712305398485042,0.78648872706202311,0.86419684442916211,0.79309937374453499,75,1
240_D,128,2,0.86467624721190828,0.87294041475227857,0.8431494988261683,0.88733104700423637,49,3.5
245_D,128,2,0.86331955601499444,0.88531587231551123,0.84606520645912053,0.88129263702658189,32.5,8
250_D,128,2,0.82064284884967553,0.8056089090625338,0.91235429639556531,0.7456855977408221,55.5,7
255_D,128,2,0.90689541802914553,0.93719764700737707,0.90359958651467132,0.91021540306861914,20,4.5
260_D,128,2,0.87432827239174782,0.89968273519615705,0.90607838416781394,0.84472795926540423,39,10
265_D,128,2,0.88024032289385712,0.90571349313024285,0.83111900146725648,0.9355328362873343,67.5,19
270_D,128,2,0.67425885089644355,0.66238712890518947,0.67007077579208618,0.67849976848279048,40.5,13
275_D,128,2,0.85528629324943828,0.84373803716551965,0.88459264497496382,0.82785971000123926,54,4
280_D,128,2,0.83936472484477753,0.84799272244817159,0.852695667046942,0.82644425364896357,87.5,21.5
285_D,128,2,0.78606896512953783,0.80296473997915152,0.69973907848035866,0.89669867299600825,70,15.5
290_D,128,2,0.88376374195953578,0.9061693968886142,0.85475797922990404,0.91480724621672382,43,1
295_D,128,2,0.89514992409876259,0.92222167637477825,0.85449043290098137,0.93987217090574793,39.5,6
300_D,128,2,0.85499141900330167,0.86809974870985329,0.82210714245413619,0.89061605404786448,59,2
305_G,128,2,0.90778922151005037,0.92919738495234117,0.87499754826149589,0.9431344172980336,1,12.5
310_G,128,2,0.8432700383174192,0.87071893534882427,0.85267454378933694,0.8340709494502454,41.5,1.5
315_G,128,2,0.88787646154456012,0.88149053380767306,0.8643564619647095,0.91271229836988987,34.5,3.5
320_G,128,2,0.86004814496775772,0.86204269646600373,0.86506622503876651,0.85508799124646662,45,5
325_G,128,2,0.73775921262622779,0.71969959502820391,0.84291092503409648,0.65593289135434985,54,6
330_G,128,2,0.83961129047664573,0.83645109396294526,0.83962656847610706,0.83959610530111795,72,11
335_G,128,2,0.86834199982818494,0.87897965134448852,0.87972446746226862,0.85725031825020248,56.5,3.5
340_G,128,2,0.84674627966776694,0.85909674290060267,0.79501118821078509,0.90568334887576407,37.5,30.5
345_G,128,2,0.86554201747721504,0.87193939409672894,0.80741666993771499,0.93268538516918653,11.5,6.5
350_G,128,2,0.85309396621365741,0.8576567951267966,0.78845903267197193,0.92927234299516903,60.5,1
355_G,128,2,0.8632987449200582,0.89452749785118812,0.85342725263842401,0.87340128546387064,38.5,10.5
360_G,128,2,0.514416772830673,0.53164378399769974,0.73514407185867925,0.3956291177888478,66.5,1.5
365_G,128,2,0.86492252322743091,0.87571792557077388,0.85907477853737513,0.87085050366300365,53.5,4
370_G,128,2,0.88102695365480121,0.89380420430239194,0.85838741919230688,0.90489319556721459,40,25
375_G,128,2,0.7703957432847679,0.80250501893135218,0.77506383471150142,0.76578380043116723,92,2
380_G,128,2,0.69256755190085562,0.63175887130658293,0.75259668090127163,0.64140720390720396,50,4
385_G,128,2,0.80584024025616519,0.82374645345730169,0.89058526115169734,0.73582199337991905,62.5,10
390_G,128,2,0.89694280766573853,0.92167242927873705,0.87738211902073204,0.91739557509705794,30,130
395_G,128,2,0.87824942415268181,0.90862971715801155,0.86384723271118791,0.89313998884551027,56,6
400_G,128,2,0.68821103415426133,0.66937796406137218,0.86909561378876377,0.56965012205044752,70,2
405_G,128,2,0.80204590908792317,0.82740842100556899,0.88162684630848553,0.73564243997404288,89,9.5
410_G,128,2,0.82715046075919596,0.82429977670013188,0.90320781382125015,0.76290753310337156,42.5,1
415_G,128,2,0.88367556284284687,0.88663043678387565,0.91264761091337632,0.8564863571086645,22,17.5
420_G,128,2,0.90279943432813492,0.92629529209395411,0.87771960202981569,0.92935480910425849,44.5,16.5
425_G,128,2,0.86160846652215572,0.88491535946768451,0.81211701097451416,0.9175236283659276,52.5,16.5
430_G,128,2,0.89209701284665743,0.89728258298681274,0.91366053035735284,0.87152796505042873,48,16.5
435_G,128,2,0.89558340775801559,0.93668723306520829,0.83781990599211942,0.96190177556539802,37,13
440_G,128,2,0.87687917988134045,0.90922629649536724,0.84522706328702268,0.91099417823555751,52,1.5
445_G,128,2,0.90489184685855439,0.92953951664375856,0.87017141095614581,0.94249817028543548,37.5,12
450_G,128,2,0.87693245414750376,0.90981330036497898,0.82806613645876936,0.93192792368390065,52.5,12.5
455_N,128,2,0.89746282307960235,0.91433529060689822,0.850158988607425,0.95034089964247115,51.5,18
460_N,128,2,0.89851580196935066,0.91682270160716661,0.90835626574216599,0.88888626599310705,41.5,6
465_N,128,2,0.91078656730306151,0.93613350415856766,0.86746972421594482,0.95865698883653805,49,17
470_N,128,2,0.89615709420722844,0.91354731544240542,0.86714671943476218,0.92717584369449368,61,12.5
475_N,128,2,0.90984755803378392,0.92826436791319056,0.90893730726612609,0.91075963466250831,32.5,3.5
480_N,128,2,0.89902657074316106,0.91413186548317005,0.85597312086932109,0.94664039487301965,59,41
485_N,128,2,0.91207048458149775,0.93942011135067449,0.87778405879027699,0.94914425427872862,43.5,37
490_N,128,2,0.88595283228974209,0.92225706053414069,0.82291721552442509,0.95944664031620552,65,53.5
495_N,128,2,0.89289093468353387,0.91300107895544858,0.84529950704924695,0.94616101077184744,47.5,27
500_N,128,2,0.89907064311027418,0.91797872311925688,0.8550820524595415,0.9478306462183772,50,7.5
505_N,128,2,0.86679498489334394,0.91748815638982584,0.79355598457434273,0.95492730210016163,39.5,15.5
510_N,128,2,0.90059380861666938,0.931773259423476,0.89411741373770259,0.90716471957580724,42.5,41
515_N,128,2,0.90251326287186406,0.94534247618915046,0.85602762894427886,0.95433752985467346,30,32
520_N,128,2,0.9020860918912651,0.94058499575649712,0.85227453990677704,0.95808160062769709,43.5,11.5
525_N,128,2,0.88200789486706266,0.89501153519781229,0.91630598723762946,0.85018477457501851,37.5,9
530_N,128,2,0.89226571272336042,0.92333564168886051,0.87224273837222621,0.91322957198443577,39.5,19.5
535_N,128,2,0.89755694658444363,0.91591997816577386,0.89094134806662073,0.90427153082429002,25.5,12
540_N,128,2,0.90355800866563152,0.93009965492930879,0.85783335121693449,0.9544316269140769,55,3.5
545_N,128,2,0.90418630517525644,0.92801220732512546,0.85823144511978788,0.95534110373062631,50,1.5
550_N,128,2,0.87656715949095942,0.90324640531298472,0.80423272379973398,0.96319942306876505,65.5,26
555_N,128,2,0.90117602615579362,0.93103547408122933,0.86544890885217907,0.93997993981945838,24.5,48.5
560_N,128,2,0.90029796893419556,0.9169700777442753,0.87017198491634695,0.93258479314200526,44.5,17.5
565_N,128,2,0.89780955320070399,0.90536549173788505,0.89311239717420943,0.9025564042562586,52,32.5
570_N,128,2,0.89464952341391146,0.94810435248580072,0.82229825515651789,0.98096099795941938,43,4
575_N,128,2,0.91314088503230229,0.93133139860110303,0.8842776195931632,0.94395195248437569,39.5,6.5
580_N,128,2,0.91399662659610192,0.94266044096759205,0.88778377326033442,0.94180458040789028,23.5,3.5
585_N,128,2,0.91048398326454216,0.95019962941356717,0.87182940931450803,0.95272534464475078,30.5,13
590_N,128,2,0.90583073248584856,0.93519096456575723,0.86330407378584062,0.95276428313325567,47,5
595_N,128,2,0.91272838757058938,0.94383834202581207,0.90451135398789417,0.92109612292299448,22,10
600_N,128,2,0.89684962608220831,0.94741868393192208,0.83797959975725367,0.96461616874460909,35,28.5
5_A,256,2,0.86062238712560546,0.86841509523280513,0.79912401475240713,0.93237552094757625,90,98
10_A,256,2,0.84739221140922694,0.84597254026240853,0.78443978516115698,0.92133030197038601,121,57.5
15_A,256,2,0.86138335564185731,0.86551702201490377,0.80700396316622935,0.92362099644128115,68,55.5
20_A,256,2,0.82343900071715459,0.82957281735159871,0.74936557281383442,0.91376285394025047,42.5,92.5
25_A,256,2,0.83590693843936581,0.8759012272237372,0.74257590369458948,0.95607124507621166,33,100
30_A,256,2,0.83638618271486775,0.8654640030743026,0.73774418130188346,0.96547854785478548,86,125
35_A,256,2,0.87649392519719882,0.88555880699031242,0.84594286845531963,0.9093343534812548,48.5,46
40_A,256,2,0.85712330855928798,0.88000284504474369,0.82412060343247817,0.89287953936491649,69.5,29.5
45_A,256,2,0.86896913433124556,0.88826005397382746,0.81392371764002081,0.9320003023888721,51,87
50_A,256,2,0.84126785798925585,0.81815527493577878,0.85690735356978065,0.82618903362617391,58,37.5
55_A,256,2,0.8528005722763663,0.84854826512856873,0.80281516764401106,0.90942410775644844,71,51
60_A,256,2,0.8339983949928873,0.83081133472488833,0.75575537032707085,0.93031340531998952,138.5,166.5
65_A,256,2,0.84464063021840874,0.86269126411130959,0.76216553714231483,0.94713204157577313,82,128.5
70_A,256,2,0.74736472326780845,0.75629256693977864,0.70239427050922298,0.79848751548340835,155.5,65
75_A,256,2,0.84552370483691996,0.86604225302909588,0.79889755531973039,0.89792968144973928,85,69
80_A,256,2,0.85304563895927665,0.88931757276483281,0.80735133026962169,0.90422268087242696,84,35
85_A,256,2,0.85220301730569581,0.86732980759957079,0.92215279048498378,0.79211716139178301,52.5,15.5
90_A,256,2,0.86351298726114178,0.88362491391835807,0.78622959095250744,0.9576461769115443,57,51
95_A,256,2,0.84353838433875761,0.88971535972854776,0.75670428581573335,0.95288493423234222,57,51
100_A,256,2,0.87118517871347256,0.89769479701427768,0.82280572537649843,0.92560932173205113,96,23
105_A,256,2,0.86059048058645349,0.87182993823993704,0.82607277559564185,0.8981186466393567,75.5,42
110_A,256,2,0.74334909597616527,0.74109062273737758,0.65475011101365488,0.85967841682127399,119.5,35
115_A,256,2,0.84756235293686721,0.89882914580513984,0.75156976017970645,0.97166629188216769,65,36.5
120_A,256,2,0.81700635014853873,0.83281614016869576,0.75494209663047029,0.89018937401367704,56,31
125_A,256,2,0.86562767795323059,0.88971927005505469,0.795649483961551,0.94910365888141157,42,37.5
130_A,256,2,0.81603910937631574,0.7872471651087819,0.80793267689611703,0.82431035853406476,87.5,70
135_A,256,2,0.86940002446076536,0.91546871666349905,0.79063041939250844,0.96560184503655722,73.5,54.5
140_A,256,2,0.88272548139757123,0.91318349450827818,0.8479467520420898,0.920479302832244,38,37
145_A,256,2,0.81130588401547099,0.83663860418581115,0.76099006555911841,0.8687484948221883,110.5,28
150_A,256,2,0.85324893680150327,0.88630927383117153,0.76517543548444311,0.96423462088698142,90.5,90
155_D,256,2,0.81155280151799247,0.84132787749875337,0.73359849774120711,0.90804675818947933,50,26
160_D,256,2,0.88228738523119699,0.88571430282950914,0.84005258635757007,0.92899463494285051,31.5,77
165_D,256,2,0.85174283699337827,0.84135926269593442,0.84646022510316143,0.85709290709290709,174,50.5
170_D,256,2,0.84940751090850886,0.85430160430492696,0.84710935066204773,0.85171946259090348,198.5,90
175_D,256,2,0.84386274011497076,0.84469460482130154,0.8446271155184637,0.84309986130374481,83.5,59.5
180_D,256,2,0.86827987195443468,0.87809315490524542,0.82041829072725503,0.92207171314741032,109,81
185_D,256,2,0.86453491593260767,0.86382292096357993,0.80948878504879196,0.92761445783132523,64,50
190_D,256,2,0.85904297759514092,0.87678047978931395,0.8362286090649389,0.88313734316097459,58,42.5
195_D,256,2,0.87014783527015438,0.89289645285108543,0.81748342614853509,0.93006548724464855,59.5,22
200_D,256,2,0.84350806430649306,0.87247555771755958,0.80817389754166047,0.88207320009631585,116,80.5
205_D,256,2,0.8644946350249294,0.8868089274310319,0.82507600784195101,0.90786874943890838,112,60
210_D,256,2,0.82079043382110972,0.84640859115946432,0.81212738161879527,0.82964079706345051,45.5,9.5
215_D,256,2,0.74699647860221741,0.73970367975440277,0.74525897047918044,0.7487425291437364,121.5,58.5
220_D,256,2,0.87100257873910691,0.8917378427665239,0.82235343056822618,0.92576968947391669,145,113
225_D,256,2,0.87567066174602393,0.8831408583567234,0.81503287016139636,0.9460567124501551,73,44.5
230_D,256,2,0.86647652864540259,0.88716485364337461,0.80017179257047255,0.94476270433107812,101.5,93
235_D,256,2,0.81536277308947103,0.77927980251222606,0.82840003532964801,0.80272952853598012,135.5,45
240_D,256,2,0.84856760132721587,0.85562601565042384,0.80778628411427111,0.89368569699414968,116,65.5
245_D,256,2,0.84047385044304934,0.85115391576943189,0.80751739068682082,0.87623500352858152,99.5,98
250_D,256,2,0.82188491783335627,0.80357399794182482,0.88570321061258617,0.76664574835268273,104.5,10.5
255_D,256,2,0.89243391408371608,0.92016589859027809,0.86537904245284647,0.92123544405017743,53.5,53
260_D,256,2,0.86340941420552886,0.89166238959307031,0.86366893585706217,0.86315006579323761,75.5,60
265_D,256,2,0.85315084928487706,0.87063918404801477,0.78930582258146986,0.92823340327693193,143,109.5
270_D,256,2,0.67393404852266847,0.66590183744405351,0.6506465135471684,0.69895045531717859,78,33.5
275_D,256,2,0.84492069255865387,0.83307744305075493,0.84718410346845729,0.842669475771471,85,27
280_D,256,2,0.80998443241490281,0.7989692119117966,0.82179437121498355,0.79850975101189747,212.5,111
285_D,256,2,0.75161507874124212,0.76006811967286936,0.64482506787746896,0.90079836012514836,117,77.5
290_D,256,2,0.86602072010929132,0.88466472411324215,0.81460659882032393,0.9243620899149454,68,46
295_D,256,2,0.86845298417915318,0.88740720148240282,0.80862914971713895,0.93783653635687081,122.5,104.5
300_D,256,2,0.83787809969067739,0.84868455742791693,0.7825622379691396,0.90160884003206232,99.5,41.5
305_G,256,2,0.88179056427180547,0.90387797242244372,0.82877760796381494,0.94204903379586269,39,87.5
310_G,256,2,0.82540064543666514,0.85232478425096114,0.8123828953755734,0.83884240370652097,82,29.5
315_G,256,2,0.86350049446578714,0.85469610730586809,0.8205315277206009,0.91121874199880515,95,73.5
320_G,256,2,0.79763768699255788,0.77720230891209252,0.85191541935156767,0.7498632260417617,284,101
325_G,256,2,0.72283041902766798,0.71265405846715013,0.85617867709213868,0.62542281152753354,92,22.5
330_G,256,2,0.78168636555107018,0.75751300331028437,0.81683563610818188,0.74944103858636857,223.5,94
335_G,256,2,0.84446229994842281,0.85398905910822398,0.84667280513214571,0.84226362689503531,122.5,50.5
340_G,256,2,0.81787660514903071,0.82562977414487471,0.74146393533723742,0.91184851310745008,102,137
345_G,256,2,0.83516163430303658,0.84079963816008285,0.75717606046656427,0.93105604183244295,89.5,108
350_G,256,2,0.83081988575549437,0.83371723743250348,0.74909802498023692,0.93255585748792269,113,23.5
355_G,256,2,0.8086652591791279,0.82362852180741197,0.84545197628242164,0.77494643900538862,176,88
360_G,256,2,0.41028171134729841,0.44495128779747617,0.82665454841988684,0.27285874979913227,88.5,12
365_G,256,2,0.84551457632441451,0.84884146889866852,0.82044308782974018,0.87216689560439553,117.5,30
370_G,256,2,0.83767751795262058,0.84020291146091908,0.81944746944829006,0.85673751271481347,198.5,125
375_G,256,2,0.74109632743641363,0.7578066206811892,0.71203038209225622,0.77263627964274706,205,88
380_G,256,2,0.69965610961067637,0.633933399131826,0.78645738076368144,0.63011294261294259,98.5,17
385_G,256,2,0.78545508631461558,0.80092283424638611,0.87610422476939798,0.71180581095991169,177,70.5
390_G,256,2,0.87508096787516187,0.9027244898846809,0.836984464053939,0.91681088919032705,70.5,77.5
395_G,256,2,0.83599586796903302,0.85784194134275227,0.82664041663831767,0.84556609035136643,160.5,92
400_G,256,2,0.68761919376341485,0.6671905867270711,0.8444822448050946,0.57990235964198544,127,30.5
405_G,256,2,0.76248993196708503,0.78559170100046649,0.86864424144267627,0.67945598096474158,203,96
410_G,256,2,0.81945772610895151,0.81383776743053771,0.86949168539221267,0.77486925559140984,108.5,55.5
415_G,256,2,0.87455806509628731,0.87822614194664994,0.87859314588882642,0.87056007659167067,52.5,3.5
420_G,256,2,0.88196805668231548,0.89733522582708614,0.84308980263103983,0.92460535976505143,114,64
425_G,256,2,0.82699974410655575,0.83867592705910488,0.7735857131499897,0.88833739523271715,170,122
430_G,256,2,0.87567465377553133,0.87542034996486651,0.88071468545750964,0.87069197993635727,114.5,63
435_G,256,2,0.86884524947537034,0.90333288780804932,0.79115850770465368,0.96345000587935559,80,107.5
440_G,256,2,0.84205260652732372,0.87097550506215038,0.81046414795856636,0.87620353784146887,182.5,33
445_G,256,2,0.87361948757387597,0.89507953025290665,0.82583378023873921,0.92727494510856312,109.5,70
450_G,256,2,0.85087372095077707,0.87114700244695475,0.79377501974703679,0.91682369567777644,138.5,69
455_N,256,2,0.86882319073037073,0.8777866365450212,0.8087520812140766,0.93853413153737431,124,92.5
460_N,256,2,0.88427118569256669,0.89777381431128778,0.86996140847795911,0.89906047873093808,86.5,33
465_N,256,2,0.88639813288899283,0.90254330721652443,0.82262845010504693,0.96088543656352132,85.5,103.5
470_N,256,2,0.8707744415818307,0.87790511546354977,0.82793027635887428,0.91829484902309055,132.5,111
475_N,256,2,0.88968259866324861,0.90099564197514548,0.86775940786066696,0.91274225885497884,74.5,46.5
480_N,256,2,0.87012914470817848,0.87537814924988755,0.81294081377467153,0.93597245442241861,145,141.5
485_N,256,2,0.88385269520571397,0.90025215495516075,0.83338146876122521,0.94083129584352077,109,163
490_N,256,2,0.85645924399507456,0.8850968527398213,0.77633904288515021,0.95501976284584988,127.5,165.5
495_N,256,2,0.86597738138867764,0.87964065081208564,0.8007604155491328,0.94275937474690208,107.5,125.5
500_N,256,2,0.87012158475615886,0.87946362811781897,0.80969578384346597,0.94029361646349452,129,108.5
505_N,256,2,0.83473305482543958,0.88102591666881847,0.74113355767623168,0.95539176090468503,82.5,124.5
510_N,256,2,0.87422012008376426,0.89681379880539192,0.8581216943223513,0.89093417252230889,121.5,128.5
515_N,256,2,0.8752059352442273,0.91191547950231255,0.80566987355782738,0.95787960976399633,101.5,115
520_N,256,2,0.87544058944879755,0.90446784012740911,0.81338818659176959,0.9477442134170263,114.5,117.5
525_N,256,2,0.86992398594073927,0.87811827855492108,0.8831294233240663,0.85710766198571076,73.5,58.5
530_N,256,2,0.86201913696201826,0.87953546505608271,0.83052668288759945,0.89599450675211723,131.5,101.5
535_N,256,2,0.87640814205819595,0.89298487181872566,0.85267483894506779,0.90150080812745326,90.5,32
540_N,256,2,0.88001515861190849,0.8996935669096382,0.8146893484118134,0.95673057186255595,107,81
545_N,256,2,0.87365985169408011,0.88011632996130107,0.82776059764434862,0.92494882399632372,166,100
550_N,256,2,0.8470269243225188,0.85343174144586575,0.76490499871980488,0.94890340643957072,188.5,138
555_N,256,2,0.86800942498992228,0.8864678259186487,0.8237850559705544,0.91725175526579739,149.5,240
560_N,256,2,0.87168818054196895,0.87624699995486255,0.83031838752679499,0.91739657100260907,125.5,110.5
565_N,256,2,0.87740369368854698,0.87782241854853948,0.84921925683024013,0.90752351097178674,110,125.5
570_N,256,2,0.86891682846346785,0.91323365509501819,0.7802703713796536,0.98028722134524315,91,75.5
575_N,256,2,0.89331663365952507,0.91054000936124013,0.84466220225253619,0.9479189752227295,71,37.5
580_N,256,2,0.89435499103837235,0.92751963579739116,0.84533523793184817,0.94941073219658978,42.5,32.5
585_N,256,2,0.88461461829526233,0.91785715507340804,0.82176126656117809,0.95787910922587494,59,116
590_N,256,2,0.8826094038932133,0.91124846450098329,0.81747088908616727,0.95902758260729914,83.5,75
595_N,256,2,0.89530814953534599,0.92282383293495984,0.86193529204406805,0.93136948365195638,43.5,67.5
600_N,256,2,0.8675070683803866,0.91414413755673685,0.79182473733350234,0.9591860738649729,84.5,133.5
