case,group,bank,size,confirmation,strict128,acquisition64_128,first_exit64_128,survival64_256
confirmation32_baseline195,baseline,confirmation32,32,True,0.9838709677419355,0.8589108910891089,0.0,1.0
confirmation32_baseline200,baseline,confirmation32,32,True,0.9846774193548387,0.8478260869565217,0.0,1.0
confirmation32_crossS195_D195_R195,cross_continuation,confirmation32,32,True,0.9838709677419355,0.8589108910891089,0.0,1.0
confirmation32_crossS195_D195_R200,cross_continuation,confirmation32,32,True,0.9838709677419355,0.8575,0.0,1.0
confirmation32_crossS195_D200_R195,cross_continuation,confirmation32,32,True,0.9846774193548387,0.8613861386138614,0.0,1.0
confirmation32_crossS195_D200_R200,cross_continuation,confirmation32,32,True,0.9846774193548387,0.86,0.0,1.0
confirmation32_crossS200_D195_R195,cross_continuation,confirmation32,32,True,0.9838709677419355,0.845108695652174,0.0,1.0
confirmation32_crossS200_D195_R200,cross_continuation,confirmation32,32,True,0.9838709677419355,0.845108695652174,0.0,1.0
confirmation32_crossS200_D200_R195,cross_continuation,confirmation32,32,True,0.9846774193548387,0.8478260869565217,0.0,1.0
confirmation32_crossS200_D200_R200,cross_continuation,confirmation32,32,True,0.9846774193548387,0.8478260869565217,0.0,1.0
confirmation32_factorial_E,factorial,confirmation32,32,True,0.9838709677419355,0.8560606060606061,0.0,1.0
confirmation32_factorial_EF,factorial,confirmation32,32,True,0.9838709677419355,0.8545918367346939,0.0,1.0
confirmation32_factorial_EFQ,factorial,confirmation32,32,True,0.9846774193548387,0.8478260869565217,0.0,1.0
confirmation32_factorial_EFQR,factorial,confirmation32,32,True,0.9846774193548387,0.8478260869565217,0.0,1.0
confirmation32_factorial_EFR,factorial,confirmation32,32,True,0.9838709677419355,0.8545918367346939,0.0,1.0
confirmation32_factorial_EQ,factorial,confirmation32,32,True,0.9846774193548387,0.8478260869565217,0.0,1.0
confirmation32_factorial_EQR,factorial,confirmation32,32,True,0.9846774193548387,0.8478260869565217,0.0,1.0
confirmation32_factorial_ER,factorial,confirmation32,32,True,0.9838709677419355,0.8560606060606061,0.0,1.0
confirmation32_factorial_F,factorial,confirmation32,32,True,0.9838709677419355,0.8530927835051546,0.0,1.0
confirmation32_factorial_FQ,factorial,confirmation32,32,True,0.7346774193548387,0.4782608695652174,0.14285714285714285,0.8571428571428571
confirmation32_factorial_FQR,factorial,confirmation32,32,True,0.7346774193548387,0.4782608695652174,0.14285714285714285,0.8571428571428571
confirmation32_factorial_FR,factorial,confirmation32,32,True,0.9838709677419355,0.8530927835051546,0.0,1.0
confirmation32_factorial_none,factorial,confirmation32,32,True,0.9838709677419355,0.8589108910891089,0.0,1.0
confirmation32_factorial_Q,factorial,confirmation32,32,True,0.7346774193548387,0.4782608695652174,0.14285714285714285,0.8571428571428571
confirmation32_factorial_QR,factorial,confirmation32,32,True,0.7346774193548387,0.4782608695652174,0.14285714285714285,0.8571428571428571
confirmation32_factorial_R,factorial,confirmation32,32,True,0.9838709677419355,0.8575,0.0,1.0
confirmation32_lambda01,interpolation,confirmation32,32,True,0.9838709677419355,0.8515625,0.0006944444444444445,0.9993055555555556
confirmation32_lambda02,interpolation,confirmation32,32,True,0.9838709677419355,0.85,0.0,1.0
confirmation32_lambda03,interpolation,confirmation32,32,True,0.9838709677419355,0.848404255319149,0.0,1.0
confirmation32_lambda04,interpolation,confirmation32,32,True,0.9838709677419355,0.8467741935483871,0.0011009356769452231,0.9988990643230548
confirmation32_lambda05,interpolation,confirmation32,32,True,0.9838709677419355,0.8467741935483871,0.0006218905472636816,0.9993781094527363
confirmation32_lambda06,interpolation,confirmation32,32,True,0.9846774193548387,0.8494623655913979,0.0004578754578754579,0.9995421245421245
confirmation32_lambda07,interpolation,confirmation32,32,True,0.9846774193548387,0.8494623655913979,0.0,1.0
confirmation32_lambda08,interpolation,confirmation32,32,True,0.9846774193548387,0.8478260869565217,0.0,1.0
confirmation32_lambda09,interpolation,confirmation32,32,True,0.9846774193548387,0.8478260869565217,0.00044483985765124553,0.9995551601423487
confirmation32_local195from200_frontier_both,local_transplant,confirmation32,32,True,0.9838709677419355,0.8589108910891089,0.0,1.0
confirmation32_local195from200_frontier_W,local_transplant,confirmation32,32,True,0.9838709677419355,0.8589108910891089,0.0,1.0
confirmation32_local195from200_frontier_Z,local_transplant,confirmation32,32,True,0.9838709677419355,0.8589108910891089,0.0,1.0
confirmation32_local195from200_solved_both,local_transplant,confirmation32,32,True,0.9838709677419355,0.8589108910891089,0.0,1.0
confirmation32_local195from200_solved_W,local_transplant,confirmation32,32,True,0.9838709677419355,0.8589108910891089,0.0,1.0
confirmation32_local195from200_solved_Z,local_transplant,confirmation32,32,True,0.9838709677419355,0.8589108910891089,0.0,1.0
confirmation32_local200from195_frontier_both,local_transplant,confirmation32,32,True,0.9846774193548387,0.8478260869565217,0.0,1.0
confirmation32_local200from195_frontier_W,local_transplant,confirmation32,32,True,0.9846774193548387,0.8478260869565217,0.0,1.0
confirmation32_local200from195_frontier_Z,local_transplant,confirmation32,32,True,0.9846774193548387,0.8478260869565217,0.0,1.0
confirmation32_local200from195_solved_both,local_transplant,confirmation32,32,True,0.9846774193548387,0.8478260869565217,0.0,1.0
confirmation32_local200from195_solved_W,local_transplant,confirmation32,32,True,0.9846774193548387,0.8478260869565217,0.0,1.0
confirmation32_local200from195_solved_Z,local_transplant,confirmation32,32,True,0.9846774193548387,0.8478260869565217,0.0,1.0
confirmation32_u195_frontier_pulsedrop_F,update_pulse,confirmation32,32,True,0.9838709677419355,0.8589108910891089,0.0,1.0
confirmation32_u195_frontier_pulsedrop_Q,update_pulse,confirmation32,32,True,0.9838709677419355,0.8589108910891089,0.0,1.0
confirmation32_u195_frontier_pulseidentity_stream,update_pulse,confirmation32,32,True,0.9838709677419355,0.8589108910891089,0.00048449612403100775,0.999515503875969
confirmation32_u195_frontier_pulseQ_without_LW,update_pulse,confirmation32,32,True,0.9838709677419355,0.8589108910891089,0.0,1.0
confirmation32_u195_frontier_pulseQ_without_LZ,update_pulse,confirmation32,32,True,0.9838709677419355,0.8589108910891089,0.0,1.0
confirmation32_u195_frontier_pulseQ_without_W,update_pulse,confirmation32,32,True,0.9838709677419355,0.8589108910891089,0.0,1.0
confirmation32_u195_frontier_pulseQ_without_X,update_pulse,confirmation32,32,True,0.9838709677419355,0.8589108910891089,0.0,1.0
confirmation32_u195_frontier_pulseQ_without_Z,update_pulse,confirmation32,32,True,0.9838709677419355,0.8589108910891089,0.0,1.0
confirmation32_u195_frontier_swapboth,state_swap,confirmation32,32,True,0.9838709677419355,0.8589108910891089,0.0,1.0
confirmation32_u195_frontier_swapnull,state_swap,confirmation32,32,True,0.9838709677419355,0.8589108910891089,0.0,1.0
confirmation32_u195_frontier_swapspan,state_swap,confirmation32,32,True,0.9838709677419355,0.8589108910891089,0.0,1.0
confirmation32_u195_frontier_swapW,state_swap,confirmation32,32,True,0.9838709677419355,0.8589108910891089,0.0,1.0
confirmation32_u195_frontier_swapZ,state_swap,confirmation32,32,True,0.9838709677419355,0.8589108910891089,0.0,1.0
confirmation32_u195_solved_pulsedrop_F,update_pulse,confirmation32,32,True,0.9838709677419355,0.8589108910891089,0.0,1.0
confirmation32_u195_solved_pulsedrop_Q,update_pulse,confirmation32,32,True,0.9838709677419355,0.8589108910891089,0.0012070394766321639,0.9987929605233679
confirmation32_u195_solved_pulseidentity_stream,update_pulse,confirmation32,32,True,0.9537364936327126,0.7301397786837507,0.0030617473470467113,0.9969382526529533
confirmation32_u195_solved_pulseQ_without_LW,update_pulse,confirmation32,32,True,0.9838709677419355,0.8589108910891089,0.0019172667493594364,0.9980827332506406
confirmation32_u195_solved_pulseQ_without_LZ,update_pulse,confirmation32,32,True,0.9838709677419355,0.8589108910891089,0.0,1.0
confirmation32_u195_solved_pulseQ_without_W,update_pulse,confirmation32,32,True,0.9838709677419355,0.8589108910891089,0.00048449612403100775,0.999515503875969
confirmation32_u195_solved_pulseQ_without_X,update_pulse,confirmation32,32,True,0.9838709677419355,0.8589108910891089,0.0,1.0
confirmation32_u195_solved_pulseQ_without_Z,update_pulse,confirmation32,32,True,0.9838709677419355,0.8589108910891089,0.0,1.0
confirmation32_u195_solved_swapboth,state_swap,confirmation32,32,True,0.9838709677419355,0.8589108910891089,0.0,1.0
confirmation32_u195_solved_swapnull,state_swap,confirmation32,32,True,0.9838709677419355,0.8589108910891089,0.0,1.0
confirmation32_u195_solved_swapspan,state_swap,confirmation32,32,True,0.9838709677419355,0.8589108910891089,0.0,1.0
confirmation32_u195_solved_swapW,state_swap,confirmation32,32,True,0.9838709677419355,0.8589108910891089,0.0,1.0
confirmation32_u195_solved_swapZ,state_swap,confirmation32,32,True,0.9838709677419355,0.8589108910891089,0.0,1.0
confirmation32_u200_frontier_pulsedrop_F,update_pulse,confirmation32,32,True,0.9846774193548387,0.8478260869565217,0.0,1.0
confirmation32_u200_frontier_pulsedrop_Q,update_pulse,confirmation32,32,True,0.9846774193548387,0.8478260869565217,0.0,1.0
confirmation32_u200_frontier_pulseidentity_stream,update_pulse,confirmation32,32,True,0.9846774193548387,0.8478260869565217,0.0,1.0
confirmation32_u200_frontier_pulseQ_without_LW,update_pulse,confirmation32,32,True,0.9846774193548387,0.8478260869565217,0.0,1.0
confirmation32_u200_frontier_pulseQ_without_LZ,update_pulse,confirmation32,32,True,0.9846774193548387,0.8478260869565217,0.0,1.0
confirmation32_u200_frontier_pulseQ_without_W,update_pulse,confirmation32,32,True,0.9846774193548387,0.8478260869565217,0.0,1.0
confirmation32_u200_frontier_pulseQ_without_X,update_pulse,confirmation32,32,True,0.9846774193548387,0.8478260869565217,0.0,1.0
confirmation32_u200_frontier_pulseQ_without_Z,update_pulse,confirmation32,32,True,0.9846774193548387,0.8478260869565217,0.0,1.0
confirmation32_u200_frontier_swapboth,state_swap,confirmation32,32,True,0.9846774193548387,0.8478260869565217,0.0,1.0
confirmation32_u200_frontier_swapnull,state_swap,confirmation32,32,True,0.9846774193548387,0.8478260869565217,0.0,1.0
confirmation32_u200_frontier_swapspan,state_swap,confirmation32,32,True,0.9846774193548387,0.8478260869565217,0.0,1.0
confirmation32_u200_frontier_swapW,state_swap,confirmation32,32,True,0.9846774193548387,0.8478260869565217,0.0,1.0
confirmation32_u200_frontier_swapZ,state_swap,confirmation32,32,True,0.9846774193548387,0.8478260869565217,0.0,1.0
confirmation32_u200_solved_pulsedrop_F,update_pulse,confirmation32,32,True,0.9846774193548387,0.8478260869565217,0.0,1.0
confirmation32_u200_solved_pulsedrop_Q,update_pulse,confirmation32,32,True,0.9846774193548387,0.8478260869565217,0.00043554006968641115,0.9995644599303136
confirmation32_u200_solved_pulseidentity_stream,update_pulse,confirmation32,32,True,0.9838709677419355,0.845108695652174,0.0008710801393728223,0.9991289198606272
confirmation32_u200_solved_pulseQ_without_LW,update_pulse,confirmation32,32,True,0.9846774193548387,0.8478260869565217,0.00043554006968641115,0.9995644599303136
confirmation32_u200_solved_pulseQ_without_LZ,update_pulse,confirmation32,32,True,0.9846774193548387,0.8478260869565217,0.0,1.0
confirmation32_u200_solved_pulseQ_without_W,update_pulse,confirmation32,32,True,0.9846774193548387,0.8478260869565217,0.0013066202090592336,0.9986933797909407
confirmation32_u200_solved_pulseQ_without_X,update_pulse,confirmation32,32,True,0.9846774193548387,0.8478260869565217,0.0,1.0
confirmation32_u200_solved_pulseQ_without_Z,update_pulse,confirmation32,32,True,0.9846774193548387,0.8478260869565217,0.0,1.0
confirmation32_u200_solved_swapboth,state_swap,confirmation32,32,True,0.9846774193548387,0.8478260869565217,0.0,1.0
confirmation32_u200_solved_swapnull,state_swap,confirmation32,32,True,0.9846774193548387,0.8478260869565217,0.0,1.0
confirmation32_u200_solved_swapspan,state_swap,confirmation32,32,True,0.9846774193548387,0.8478260869565217,0.0,1.0
confirmation32_u200_solved_swapW,state_swap,confirmation32,32,True,0.9846774193548387,0.8478260869565217,0.0,1.0
confirmation32_u200_solved_swapZ,state_swap,confirmation32,32,True,0.9846774193548387,0.8478260869565217,0.0,1.0
confirmation64_baseline195,baseline,confirmation64,64,True,0.9620278517074634,0.4125974706963994,0.008057643663370794,0.9919423563366292
confirmation64_baseline200,baseline,confirmation64,64,True,0.9829029126213592,0.43847293203257887,0.0,1.0
confirmation64_crossS195_D195_R195,cross_continuation,confirmation64,64,True,0.9620278517074634,0.4125974706963994,0.008057643663370794,0.9919423563366292
confirmation64_crossS195_D195_R200,cross_continuation,confirmation64,64,True,0.9622705701540653,0.4133544287567984,0.007886784158682329,0.9921132158413176
confirmation64_crossS195_D200_R195,cross_continuation,confirmation64,64,True,0.9690953128083684,0.4602644590150287,0.008556501236171944,0.9902451751260875
confirmation64_crossS195_D200_R200,cross_continuation,confirmation64,64,True,0.9705779382909938,0.45955993557018227,0.008557495051211998,0.9902448950176398
confirmation64_crossS200_D195_R195,cross_continuation,confirmation64,64,True,0.9662038834951456,0.40014808757253995,0.0010680599698845447,0.9989319400301154
confirmation64_crossS200_D195_R200,cross_continuation,confirmation64,64,True,0.9662038834951456,0.4000337021148467,0.0009615384615384616,0.9990384615384615
confirmation64_crossS200_D200_R195,cross_continuation,confirmation64,64,True,0.9819029126213592,0.43779067147995054,0.0,1.0
confirmation64_crossS200_D200_R200,cross_continuation,confirmation64,64,True,0.9829029126213592,0.43847293203257887,0.0,1.0
confirmation64_factorial_E,factorial,confirmation64,64,True,0.9620278517074634,0.41310571879427094,0.008948494259697074,0.9910515057403029
confirmation64_factorial_EF,factorial,confirmation64,64,True,0.9575585342912757,0.4250705176546938,0.010461247587348772,0.988367095431135
confirmation64_factorial_EFQ,factorial,confirmation64,64,True,0.9819029126213592,0.43779067147995054,0.0,1.0
confirmation64_factorial_EFQR,factorial,confirmation64,64,True,0.9829029126213592,0.43847293203257887,0.0,1.0
confirmation64_factorial_EFR,factorial,confirmation64,64,True,0.9578012527378776,0.42692774824247326,0.010293855928927682,0.9885372262561385
confirmation64_factorial_EQ,factorial,confirmation64,64,True,0.7291655388839855,0.29033293759082424,0.2503238341968912,0.7496761658031088
confirmation64_factorial_EQR,factorial,confirmation64,64,True,0.7291655388839855,0.29009501154242157,0.25,0.75
confirmation64_factorial_ER,factorial,confirmation64,64,True,0.9620278517074634,0.4131628149024811,0.009386947448753518,0.9906130525512465
confirmation64_factorial_F,factorial,confirmation64,64,True,0.9578012527378776,0.42784690611174675,0.011140193104819191,0.9874204957723789
confirmation64_factorial_FQ,factorial,confirmation64,64,True,0.6371655388839854,0.2842845092437425,0.375,0.625
confirmation64_factorial_FQR,factorial,confirmation64,64,True,0.6381655388839855,0.28423120293252324,0.375,0.625
confirmation64_factorial_FR,factorial,confirmation64,64,True,0.9580439711844796,0.42714084105462224,0.010639363338404019,0.9884871726602115
confirmation64_factorial_none,factorial,confirmation64,64,True,0.9620278517074634,0.4125974706963994,0.008057643663370794,0.9919423563366292
confirmation64_factorial_Q,factorial,confirmation64,64,True,0.3819029126213592,0.21960929100165144,0.625,0.375
confirmation64_factorial_QR,factorial,confirmation64,64,True,0.3819029126213592,0.21906164852538196,0.625,0.375
confirmation64_factorial_R,factorial,confirmation64,64,True,0.9622705701540653,0.4133544287567984,0.007886784158682329,0.9921132158413176
confirmation64_lambda01,interpolation,confirmation64,64,True,0.9637560070472692,0.42453808622036354,0.006410381957750132,0.9935896180422499
confirmation64_lambda02,interpolation,confirmation64,64,True,0.9642386325298946,0.4322438745839267,0.006016806490115645,0.9939831935098844
confirmation64_lambda03,interpolation,confirmation64,64,True,0.9672038834951456,0.4309356429395131,0.0035695242973780433,0.9964304757026219
confirmation64_lambda04,interpolation,confirmation64,64,True,0.9692038834951456,0.4296853480836496,0.0016045490835627156,0.9983954509164372
confirmation64_lambda05,interpolation,confirmation64,64,True,0.9722038834951456,0.4307025501152191,0.0016587095887568028,0.9983412904112432
confirmation64_lambda06,interpolation,confirmation64,64,True,0.9732038834951456,0.4347394355049419,0.00017985611510791367,0.9998201438848922
confirmation64_lambda07,interpolation,confirmation64,64,True,0.9746893203883495,0.43422811708660214,0.0007331378299120235,0.999266862170088
confirmation64_lambda08,interpolation,confirmation64,64,True,0.9779320388349515,0.4311240836687993,0.0006035845619823349,0.9993964154380177
confirmation64_lambda09,interpolation,confirmation64,64,True,0.9819029126213592,0.43304097558562504,0.0005957499423921047,0.9994042500576079
confirmation64_local195from200_frontier_both,local_transplant,confirmation64,64,True,0.9622705701540653,0.4126576826424495,0.008057643663370794,0.9919423563366292
confirmation64_local195from200_frontier_W,local_transplant,confirmation64,64,True,0.9620278517074634,0.4125974706963994,0.008057643663370794,0.9919423563366292
confirmation64_local195from200_frontier_Z,local_transplant,confirmation64,64,True,0.9620278517074634,0.4125974706963994,0.008057643663370794,0.9919423563366292
confirmation64_local195from200_solved_both,local_transplant,confirmation64,64,True,0.9622705701540653,0.4152007860907254,0.007587718851340719,0.9924122811486593
confirmation64_local195from200_solved_W,local_transplant,confirmation64,64,True,0.9620278517074634,0.4147095396619167,0.00855732878014639,0.9914426712198536
confirmation64_local195from200_solved_Z,local_transplant,confirmation64,64,True,0.9620278517074634,0.413653505179158,0.007587718851340719,0.9924122811486593
confirmation64_local200from195_frontier_both,local_transplant,confirmation64,64,True,0.9829029126213592,0.43847293203257887,0.0,1.0
confirmation64_local200from195_frontier_W,local_transplant,confirmation64,64,True,0.9829029126213592,0.43847293203257887,0.0,1.0
confirmation64_local200from195_frontier_Z,local_transplant,confirmation64,64,True,0.9829029126213592,0.43847293203257887,0.0,1.0
confirmation64_local200from195_solved_both,local_transplant,confirmation64,64,True,0.9829029126213592,0.4374154024217498,0.0,1.0
confirmation64_local200from195_solved_W,local_transplant,confirmation64,64,True,0.9829029126213592,0.4374154024217498,0.0,1.0
confirmation64_local200from195_solved_Z,local_transplant,confirmation64,64,True,0.9829029126213592,0.43847293203257887,0.0,1.0
confirmation64_u195_frontier_pulsedrop_F,update_pulse,confirmation64,64,True,0.9620278517074634,0.4131489290712582,0.008057643663370794,0.9919423563366292
confirmation64_u195_frontier_pulsedrop_Q,update_pulse,confirmation64,64,True,0.9615452262248378,0.41227085329539553,0.008057643663370794,0.9919423563366292
confirmation64_u195_frontier_pulseidentity_stream,update_pulse,confirmation64,64,True,0.962990291262136,0.40816033067129565,0.008909744446108573,0.9910902555538914
confirmation64_u195_frontier_pulseQ_without_LW,update_pulse,confirmation64,64,True,0.9596512868308985,0.40971064134934543,0.008057643663370794,0.9919423563366292
confirmation64_u195_frontier_pulseQ_without_LZ,update_pulse,confirmation64,64,True,0.9620278517074634,0.4125974706963994,0.008057643663370794,0.9919423563366292
confirmation64_u195_frontier_pulseQ_without_W,update_pulse,confirmation64,64,True,0.9620278517074634,0.4125974706963994,0.008057643663370794,0.9919423563366292
confirmation64_u195_frontier_pulseQ_without_X,update_pulse,confirmation64,64,True,0.9620278517074634,0.4125974706963994,0.008057643663370794,0.9919423563366292
confirmation64_u195_frontier_pulseQ_without_Z,update_pulse,confirmation64,64,True,0.9620278517074634,0.4125974706963994,0.008057643663370794,0.9919423563366292
confirmation64_u195_frontier_swapboth,state_swap,confirmation64,64,True,0.9612996963676576,0.40847206956419024,0.008612114681468153,0.9913878853185318
confirmation64_u195_frontier_swapnull,state_swap,confirmation64,64,True,0.9620278517074634,0.4125974706963994,0.008258285717945433,0.9917417142820546
confirmation64_u195_frontier_swapspan,state_swap,confirmation64,64,True,0.9620278517074634,0.41221403511357735,0.008057643663370794,0.9919423563366292
confirmation64_u195_frontier_swapW,state_swap,confirmation64,64,True,0.9612996963676576,0.40847206956419024,0.008312354489621632,0.9916876455103784
confirmation64_u195_frontier_swapZ,state_swap,confirmation64,64,True,0.9620278517074634,0.4124057529049884,0.008057643663370794,0.9919423563366292
confirmation64_u195_solved_pulsedrop_F,update_pulse,confirmation64,64,True,0.9617851332608615,0.4091305552437034,0.008258285717945433,0.9917417142820546
confirmation64_u195_solved_pulsedrop_Q,update_pulse,confirmation64,64,True,0.9620278517074634,0.4121664362136408,0.010174299582531722,0.9898257004174682
confirmation64_u195_solved_pulseidentity_stream,update_pulse,confirmation64,64,True,0.9300714933019417,0.15754830157130256,0.022072635998013172,0.9779273640019868
confirmation64_u195_solved_pulseQ_without_LW,update_pulse,confirmation64,64,True,0.9620278517074634,0.41148347199342106,0.017629756578357282,0.9823702434216427
confirmation64_u195_solved_pulseQ_without_LZ,update_pulse,confirmation64,64,True,0.9620278517074634,0.4125974706963994,0.008258285717945433,0.9917417142820546
confirmation64_u195_solved_pulseQ_without_W,update_pulse,confirmation64,64,True,0.9620278517074634,0.4121664362136408,0.011634545557439684,0.9883654544425603
confirmation64_u195_solved_pulseQ_without_X,update_pulse,confirmation64,64,True,0.9620278517074634,0.4125974706963994,0.008057643663370794,0.9919423563366292
confirmation64_u195_solved_pulseQ_without_Z,update_pulse,confirmation64,64,True,0.9620278517074634,0.4125974706963994,0.008057643663370794,0.9919423563366292
confirmation64_u195_solved_swapboth,state_swap,confirmation64,64,True,0.9630278517074634,0.41148075342056256,0.008527568475400869,0.9914724315245991
confirmation64_u195_solved_swapnull,state_swap,confirmation64,64,True,0.9620278517074634,0.4125974706963994,0.008057643663370794,0.9919423563366292
confirmation64_u195_solved_swapspan,state_swap,confirmation64,64,True,0.9620278517074634,0.4125974706963994,0.008057643663370794,0.9919423563366292
confirmation64_u195_solved_swapW,state_swap,confirmation64,64,True,0.9630278517074634,0.41148075342056256,0.008827328667247392,0.9911726713327527
confirmation64_u195_solved_swapZ,state_swap,confirmation64,64,True,0.9620278517074634,0.4125974706963994,0.008057643663370794,0.9919423563366292
confirmation64_u200_frontier_pulsedrop_F,update_pulse,confirmation64,64,True,0.9829029126213592,0.4385651149234343,0.0,1.0
confirmation64_u200_frontier_pulsedrop_Q,update_pulse,confirmation64,64,True,0.9829029126213592,0.43847293203257887,0.0,1.0
confirmation64_u200_frontier_pulseidentity_stream,update_pulse,confirmation64,64,True,0.9809029126213592,0.4336581997037693,0.0012603300830690354,0.998739669916931
confirmation64_u200_frontier_pulseQ_without_LW,update_pulse,confirmation64,64,True,0.9829029126213592,0.43847293203257887,0.0,1.0
confirmation64_u200_frontier_pulseQ_without_LZ,update_pulse,confirmation64,64,True,0.9829029126213592,0.43847293203257887,0.0,1.0
confirmation64_u200_frontier_pulseQ_without_W,update_pulse,confirmation64,64,True,0.9829029126213592,0.43847293203257887,0.0,1.0
confirmation64_u200_frontier_pulseQ_without_X,update_pulse,confirmation64,64,True,0.9829029126213592,0.43847293203257887,0.0,1.0
confirmation64_u200_frontier_pulseQ_without_Z,update_pulse,confirmation64,64,True,0.9829029126213592,0.43847293203257887,0.0,1.0
confirmation64_u200_frontier_swapboth,state_swap,confirmation64,64,True,0.9819029126213592,0.43677767675421475,0.0003205128205128205,0.9996794871794872
confirmation64_u200_frontier_swapnull,state_swap,confirmation64,64,True,0.9829029126213592,0.43847293203257887,0.0,1.0
confirmation64_u200_frontier_swapspan,state_swap,confirmation64,64,True,0.9829029126213592,0.43847293203257887,0.0,1.0
confirmation64_u200_frontier_swapW,state_swap,confirmation64,64,True,0.9819029126213592,0.43677767675421475,0.0003205128205128205,0.9996794871794872
confirmation64_u200_frontier_swapZ,state_swap,confirmation64,64,True,0.9829029126213592,0.43847293203257887,0.0,1.0
confirmation64_u200_solved_pulsedrop_F,update_pulse,confirmation64,64,True,0.9819029126213592,0.43506552886657535,0.0003205128205128205,0.9996794871794872
confirmation64_u200_solved_pulsedrop_Q,update_pulse,confirmation64,64,True,0.9829029126213592,0.43789269454699126,0.0,1.0
confirmation64_u200_solved_pulseidentity_stream,update_pulse,confirmation64,64,True,0.9696893203883495,0.4097740136460045,0.005131752574823478,0.9948682474251765
confirmation64_u200_solved_pulseQ_without_LW,update_pulse,confirmation64,64,True,0.9829029126213592,0.43752396298356944,0.004695723964644649,0.9953042760353554
confirmation64_u200_solved_pulseQ_without_LZ,update_pulse,confirmation64,64,True,0.9829029126213592,0.43847293203257887,0.0,1.0
confirmation64_u200_solved_pulseQ_without_W,update_pulse,confirmation64,64,True,0.9829029126213592,0.4379198346874461,0.0070782968357030514,0.992921703164297
confirmation64_u200_solved_pulseQ_without_X,update_pulse,confirmation64,64,True,0.9829029126213592,0.43847293203257887,0.0,1.0
confirmation64_u200_solved_pulseQ_without_Z,update_pulse,confirmation64,64,True,0.9829029126213592,0.43847293203257887,0.0003205128205128205,0.9996794871794872
confirmation64_u200_solved_swapboth,state_swap,confirmation64,64,True,0.9819029126213592,0.4373124570614036,0.0,1.0
confirmation64_u200_solved_swapnull,state_swap,confirmation64,64,True,0.9829029126213592,0.43847293203257887,0.0,1.0
confirmation64_u200_solved_swapspan,state_swap,confirmation64,64,True,0.9829029126213592,0.43847293203257887,0.0,1.0
confirmation64_u200_solved_swapW,state_swap,confirmation64,64,True,0.9819029126213592,0.4373124570614036,0.0,1.0
confirmation64_u200_solved_swapZ,state_swap,confirmation64,64,True,0.9829029126213592,0.43847293203257887,0.0,1.0
primary32_baseline195,baseline,primary32,32,False,0.9077281300029566,0.5812088022517203,0.05999980593886009,0.9361995183854642
primary32_baseline200,baseline,primary32,32,False,0.9877992821226147,0.6598056729171446,0.000462962962962963,0.999537037037037
primary32_crossS195_D195_R195,cross_continuation,primary32,32,False,0.9077281300029566,0.5812088022517203,0.05999980593886009,0.9361995183854642
primary32_crossS195_D195_R200,cross_continuation,primary32,32,False,0.9077281300029566,0.5804346865062161,0.05994774188850837,0.9361995183854642
primary32_crossS195_D200_R195,cross_continuation,primary32,32,False,0.9218980604404348,0.6237071758892382,0.06253358972264388,0.9361995183854642
primary32_crossS195_D200_R200,cross_continuation,primary32,32,False,0.9223095830741797,0.6237475148154707,0.0625162350391933,0.9361995183854642
primary32_crossS200_D195_R195,cross_continuation,primary32,32,False,0.9662805924796328,0.5400015387800206,0.0007563901930099113,0.9992436098069901
primary32_crossS200_D195_R200,cross_continuation,primary32,32,False,0.9662805924796328,0.5405647748271275,0.0007550190377293182,0.9992449809622707
primary32_crossS200_D200_R195,cross_continuation,primary32,32,False,0.9877992821226147,0.6589434292460546,0.000462962962962963,0.999537037037037
primary32_crossS200_D200_R200,cross_continuation,primary32,32,False,0.9877992821226147,0.6598056729171446,0.000462962962962963,0.999537037037037
primary32_factorial_E,factorial,primary32,32,False,0.9549864994835484,0.6152665651729612,0.0005122950819672131,0.9994877049180328
primary32_factorial_EF,factorial,primary32,32,False,0.9573492416294884,0.6164232675008279,0.0,1.0
primary32_factorial_EFQ,factorial,primary32,32,False,0.9877992821226147,0.6589434292460546,0.000462962962962963,0.999537037037037
primary32_factorial_EFQR,factorial,primary32,32,False,0.9877992821226147,0.6598056729171446,0.000462962962962963,0.999537037037037
primary32_factorial_EFR,factorial,primary32,32,False,0.9573492416294884,0.6161878773809358,0.0,1.0
primary32_factorial_EQ,factorial,primary32,32,False,0.9318601497314677,0.5913899956532709,0.054036458333333336,0.9375
primary32_factorial_EQR,factorial,primary32,32,False,0.9312595491308671,0.5933704643187273,0.0546875,0.9375
primary32_factorial_ER,factorial,primary32,32,False,0.9549864994835484,0.6137948589436603,0.0005081300813008131,0.9994918699186992
primary32_factorial_F,factorial,primary32,32,False,0.9565368218833241,0.6157266538810369,0.00043706293706293706,0.9995629370629371
primary32_factorial_FQ,factorial,primary32,32,False,0.9011419472809981,0.5520532413968955,0.0857191816935569,0.8904816513761468
primary32_factorial_FQR,factorial,primary32,32,False,0.9014671505330305,0.5523792272438863,0.08565286485545107,0.8903409090909091
primary32_factorial_FR,factorial,primary32,32,False,0.9565368218833241,0.6154024371373286,0.0,1.0
primary32_factorial_none,factorial,primary32,32,False,0.9077281300029566,0.5812088022517203,0.05999980593886009,0.9361995183854642
primary32_factorial_Q,factorial,primary32,32,False,0.8903507224518329,0.5347656595003927,0.08893048906714969,0.8909423922887825
primary32_factorial_QR,factorial,primary32,32,False,0.8906759257038654,0.5357374451884395,0.08904459511077158,0.8915226317799847
primary32_factorial_R,factorial,primary32,32,False,0.9077281300029566,0.5804346865062161,0.05994774188850837,0.9361995183854642
primary32_lambda01,interpolation,primary32,32,False,0.9087402532373022,0.531513503440618,0.05753311258278146,0.9375
primary32_lambda02,interpolation,primary32,32,False,0.9126803779299741,0.5376073985630628,0.05700998185117968,0.9367400181488204
primary32_lambda03,interpolation,primary32,32,False,0.9149674262155273,0.5419768524666492,0.053947269515541026,0.9370748299319728
primary32_lambda04,interpolation,primary32,32,False,0.9376819874323787,0.5523208346904852,0.04281496062992126,0.9375
primary32_lambda05,interpolation,primary32,32,False,0.968278560181368,0.5885146074752544,0.00040584415584415587,0.9995941558441559
primary32_lambda06,interpolation,primary32,32,False,0.971469954547419,0.5973763384008745,0.0,1.0
primary32_lambda07,interpolation,primary32,32,False,0.9755662833778848,0.6076243571561819,0.0004166666666666667,0.9995833333333333
primary32_lambda08,interpolation,primary32,32,False,0.9786916347887243,0.6187127006957627,0.0007217890581672267,0.9992782109418328
primary32_lambda09,interpolation,primary32,32,False,0.9845207778392503,0.6452474968633972,0.0,1.0
primary32_local195from200_frontier_both,local_transplant,primary32,32,False,0.9077281300029566,0.5812088022517203,0.05999980593886009,0.9361995183854642
primary32_local195from200_frontier_W,local_transplant,primary32,32,False,0.9077281300029566,0.5812088022517203,0.05999980593886009,0.9361995183854642
primary32_local195from200_frontier_Z,local_transplant,primary32,32,False,0.9077281300029566,0.5812088022517203,0.05999980593886009,0.9361995183854642
primary32_local195from200_solved_both,local_transplant,primary32,32,False,0.9081396526367016,0.582141394563623,0.05999980593886009,0.9361995183854642
primary32_local195from200_solved_W,local_transplant,primary32,32,False,0.9077281300029566,0.5812088022517203,0.0595775086415628,0.9361995183854642
primary32_local195from200_solved_Z,local_transplant,primary32,32,False,0.9077281300029566,0.5812088022517203,0.05999980593886009,0.9361995183854642
primary32_local200from195_frontier_both,local_transplant,primary32,32,False,0.9877992821226147,0.6598056729171446,0.000462962962962963,0.999537037037037
primary32_local200from195_frontier_W,local_transplant,primary32,32,False,0.9877992821226147,0.6598056729171446,0.000462962962962963,0.999537037037037
primary32_local200from195_frontier_Z,local_transplant,primary32,32,False,0.9877992821226147,0.6598056729171446,0.000462962962962963,0.999537037037037
primary32_local200from195_solved_both,local_transplant,primary32,32,False,0.9874740788705823,0.6558230844974701,0.000462962962962963,0.999537037037037
primary32_local200from195_solved_W,local_transplant,primary32,32,False,0.9877992821226147,0.6565589196703914,0.000462962962962963,0.999537037037037
primary32_local200from195_solved_Z,local_transplant,primary32,32,False,0.9877992821226147,0.659084172195644,0.000462962962962963,0.999537037037037
primary32_u195_frontier_pulsedrop_F,update_pulse,primary32,32,False,0.9077281300029566,0.5812088022517203,0.05999980593886009,0.9361995183854642
primary32_u195_frontier_pulsedrop_Q,update_pulse,primary32,32,False,0.9077281300029566,0.5812088022517203,0.05999980593886009,0.9361995183854642
primary32_u195_frontier_pulseidentity_stream,update_pulse,primary32,32,False,0.9059659884576173,0.5773073963950073,0.0591552113442655,0.9361995183854642
primary32_u195_frontier_pulseQ_without_LW,update_pulse,primary32,32,False,0.9077281300029566,0.5812088022517203,0.05999980593886009,0.9361995183854642
primary32_u195_frontier_pulseQ_without_LZ,update_pulse,primary32,32,False,0.9077281300029566,0.5812088022517203,0.05999980593886009,0.9361995183854642
primary32_u195_frontier_pulseQ_without_W,update_pulse,primary32,32,False,0.9077281300029566,0.5812088022517203,0.05999980593886009,0.9361995183854642
primary32_u195_frontier_pulseQ_without_X,update_pulse,primary32,32,False,0.9077281300029566,0.5812088022517203,0.05999980593886009,0.9361995183854642
primary32_u195_frontier_pulseQ_without_Z,update_pulse,primary32,32,False,0.9077281300029566,0.5812088022517203,0.05999980593886009,0.9361995183854642
primary32_u195_frontier_swapboth,state_swap,primary32,32,False,0.9076783240994922,0.5804746255784183,0.05975750421090263,0.9351749282215298
primary32_u195_frontier_swaplane0,state_swap,primary32,32,False,0.9083287306035572,0.5815919440141725,0.058732914046968204,0.9361995183854642
primary32_u195_frontier_swaplane1,state_swap,primary32,32,False,0.9077281300029566,0.5812088022517203,0.060602098805497225,0.9351749282215298
primary32_u195_frontier_swaplane2,state_swap,primary32,32,False,0.9083287306035572,0.5815919440141725,0.0591552113442655,0.9361995183854642
primary32_u195_frontier_swaplane3,state_swap,primary32,32,False,0.9083287306035572,0.5812088022517203,0.0591552113442655,0.9361995183854642
primary32_u195_frontier_swapnull,state_swap,primary32,32,False,0.9077281300029566,0.5812088022517203,0.05999980593886009,0.9361995183854642
primary32_u195_frontier_swapspan,state_swap,primary32,32,False,0.9077281300029566,0.5812088022517203,0.05999980593886009,0.9361995183854642
primary32_u195_frontier_swapW,state_swap,primary32,32,False,0.9080035273515247,0.5810332847962953,0.05975750421090263,0.9351749282215298
primary32_u195_frontier_swapZ,state_swap,primary32,32,False,0.9077281300029566,0.5812088022517203,0.05999980593886009,0.9361995183854642
primary32_u195_frontier_swapZ0,state_swap,primary32,32,False,0.9077281300029566,0.5812088022517203,0.05999980593886009,0.9361995183854642
primary32_u195_frontier_swapZ1,state_swap,primary32,32,False,0.9077281300029566,0.5812088022517203,0.05999980593886009,0.9361995183854642
primary32_u195_frontier_swapZ2,state_swap,primary32,32,False,0.9077281300029566,0.5812088022517203,0.05999980593886009,0.9361995183854642
primary32_u195_frontier_swapZ3,state_swap,primary32,32,False,0.9077281300029566,0.5812088022517203,0.05999980593886009,0.9361995183854642
primary32_u195_frontier_swapZ4,state_swap,primary32,32,False,0.9077281300029566,0.5807151139627564,0.05999564093819369,0.9362036833861307
primary32_u195_frontier_swapZ5,state_swap,primary32,32,False,0.9077281300029566,0.5812088022517203,0.05999980593886009,0.9361995183854642
primary32_u195_frontier_swapZ6,state_swap,primary32,32,False,0.9077281300029566,0.5807151139627564,0.05999564093819369,0.9362036833861307
primary32_u195_frontier_swapZ7,state_swap,primary32,32,False,0.9077281300029566,0.5812088022517203,0.05999980593886009,0.9361995183854642
primary32_u195_solved_pulsedrop_F,update_pulse,primary32,32,False,0.9073166073692118,0.5806593517022698,0.06042210323615739,0.9361995183854642
primary32_u195_solved_pulsedrop_Q,update_pulse,primary32,32,False,0.9077281300029566,0.5812088022517203,0.059973660201714143,0.935803366825313
primary32_u195_solved_pulseidentity_stream,update_pulse,primary32,32,False,0.8513418737237782,0.41309042804714063,0.05879193037973804,0.932762123674316
primary32_u195_solved_pulseQ_without_LW,update_pulse,primary32,32,False,0.9077281300029566,0.5812088022517203,0.0640807994885422,0.9325408221330794
primary32_u195_solved_pulseQ_without_LZ,update_pulse,primary32,32,False,0.9077281300029566,0.5812088022517203,0.05999980593886009,0.9361995183854642
primary32_u195_solved_pulseQ_without_W,update_pulse,primary32,32,False,0.9077281300029566,0.5812088022517203,0.06315202683737998,0.9330472974869444
primary32_u195_solved_pulseQ_without_X,update_pulse,primary32,32,False,0.9077281300029566,0.5812088022517203,0.05999980593886009,0.9361995183854642
primary32_u195_solved_pulseQ_without_Z,update_pulse,primary32,32,False,0.9077281300029566,0.5812088022517203,0.05999980593886009,0.9361995183854642
primary32_u195_solved_swapboth,state_swap,primary32,32,False,0.9083287306035572,0.5812088022517203,0.05950051521166881,0.9358542145180608
primary32_u195_solved_swaplane0,state_swap,primary32,32,False,0.9077281300029566,0.5812088022517203,0.05999980593886009,0.9361995183854642
primary32_u195_solved_swaplane1,state_swap,primary32,32,False,0.9077281300029566,0.5812088022517203,0.05999980593886009,0.9361995183854642
primary32_u195_solved_swaplane2,state_swap,primary32,32,False,0.9083287306035572,0.5812088022517203,0.0591552113442655,0.9361995183854642
primary32_u195_solved_swaplane3,state_swap,primary32,32,False,0.9077281300029566,0.5812088022517203,0.05999980593886009,0.9361995183854642
primary32_u195_solved_swapnull,state_swap,primary32,32,False,0.9077281300029566,0.5812088022517203,0.05999980593886009,0.9361995183854642
primary32_u195_solved_swapspan,state_swap,primary32,32,False,0.9077281300029566,0.5812088022517203,0.05999980593886009,0.9361995183854642
primary32_u195_solved_swapW,state_swap,primary32,32,False,0.9079172079698125,0.5806593517022698,0.0591552113442655,0.9361995183854642
primary32_u195_solved_swapZ,state_swap,primary32,32,False,0.9077281300029566,0.5812088022517203,0.05999980593886009,0.9361995183854642
primary32_u195_solved_swapZ0,state_swap,primary32,32,False,0.9077281300029566,0.5812088022517203,0.05999980593886009,0.9361995183854642
primary32_u195_solved_swapZ1,state_swap,primary32,32,False,0.9077281300029566,0.5812088022517203,0.05999980593886009,0.9361995183854642
primary32_u195_solved_swapZ2,state_swap,primary32,32,False,0.9077281300029566,0.5812088022517203,0.05999980593886009,0.9361995183854642
primary32_u195_solved_swapZ3,state_swap,primary32,32,False,0.9077281300029566,0.5812088022517203,0.05999980593886009,0.9361995183854642
primary32_u195_solved_swapZ4,state_swap,primary32,32,False,0.9077281300029566,0.5812088022517203,0.05999980593886009,0.9361995183854642
primary32_u195_solved_swapZ5,state_swap,primary32,32,False,0.9077281300029566,0.5812088022517203,0.05999980593886009,0.9361995183854642
primary32_u195_solved_swapZ6,state_swap,primary32,32,False,0.9077281300029566,0.5812088022517203,0.05999980593886009,0.9361995183854642
primary32_u195_solved_swapZ7,state_swap,primary32,32,False,0.9077281300029566,0.5812088022517203,0.05999980593886009,0.9361995183854642
primary32_u200_frontier_pulsedrop_F,update_pulse,primary32,32,False,0.9877992821226147,0.6613071744186461,0.000462962962962963,0.999537037037037
primary32_u200_frontier_pulsedrop_Q,update_pulse,primary32,32,False,0.9877992821226147,0.6598056729171446,0.000462962962962963,0.999537037037037
primary32_u200_frontier_pulseidentity_stream,update_pulse,primary32,32,False,0.9855991416026911,0.6318410916527967,0.0010470751124956731,0.9989529248875043
primary32_u200_frontier_pulseQ_without_LW,update_pulse,primary32,32,False,0.9877992821226147,0.6598056729171446,0.000462962962962963,0.999537037037037
primary32_u200_frontier_pulseQ_without_LZ,update_pulse,primary32,32,False,0.9877992821226147,0.6598056729171446,0.000462962962962963,0.999537037037037
primary32_u200_frontier_pulseQ_without_W,update_pulse,primary32,32,False,0.9877992821226147,0.6598056729171446,0.000462962962962963,0.999537037037037
primary32_u200_frontier_pulseQ_without_X,update_pulse,primary32,32,False,0.9877992821226147,0.6598056729171446,0.000462962962962963,0.999537037037037
primary32_u200_frontier_pulseQ_without_Z,update_pulse,primary32,32,False,0.9877992821226147,0.6598056729171446,0.000462962962962963,0.999537037037037
primary32_u200_frontier_swapboth,state_swap,primary32,32,False,0.9887748918787124,0.6585623591956155,0.0012179820006922811,0.9987820179993077
primary32_u200_frontier_swaplane0,state_swap,primary32,32,False,0.9887748918787124,0.6610385195665126,0.000462962962962963,0.999537037037037
primary32_u200_frontier_swaplane1,state_swap,primary32,32,False,0.9877992821226147,0.6593204715585809,0.000462962962962963,0.999537037037037
primary32_u200_frontier_swaplane2,state_swap,primary32,32,False,0.9881244853746474,0.6595668492206701,0.0012179820006922811,0.9987820179993077
primary32_u200_frontier_swaplane3,state_swap,primary32,32,False,0.9877992821226147,0.6598056729171446,0.000462962962962963,0.999537037037037
primary32_u200_frontier_swapnull,state_swap,primary32,32,False,0.9877992821226147,0.6598056729171446,0.000462962962962963,0.999537037037037
primary32_u200_frontier_swapspan,state_swap,primary32,32,False,0.9877992821226147,0.6598056729171446,0.000462962962962963,0.999537037037037
primary32_u200_frontier_swapW,state_swap,primary32,32,False,0.9887748918787124,0.6585623591956155,0.0012179820006922811,0.9987820179993077
primary32_u200_frontier_swapZ,state_swap,primary32,32,False,0.9877992821226147,0.6598056729171446,0.000462962962962963,0.999537037037037
primary32_u200_frontier_swapZ0,state_swap,primary32,32,False,0.9877992821226147,0.6598056729171446,0.000462962962962963,0.999537037037037
primary32_u200_frontier_swapZ1,state_swap,primary32,32,False,0.9877992821226147,0.6598056729171446,0.000462962962962963,0.999537037037037
primary32_u200_frontier_swapZ2,state_swap,primary32,32,False,0.9877992821226147,0.6598056729171446,0.000462962962962963,0.999537037037037
primary32_u200_frontier_swapZ3,state_swap,primary32,32,False,0.9877992821226147,0.6598056729171446,0.000462962962962963,0.999537037037037
primary32_u200_frontier_swapZ4,state_swap,primary32,32,False,0.9877992821226147,0.6598056729171446,0.000462962962962963,0.999537037037037
primary32_u200_frontier_swapZ5,state_swap,primary32,32,False,0.9877992821226147,0.6598056729171446,0.000462962962962963,0.999537037037037
primary32_u200_frontier_swapZ6,state_swap,primary32,32,False,0.9877992821226147,0.6598056729171446,0.000462962962962963,0.999537037037037
primary32_u200_frontier_swapZ7,state_swap,primary32,32,False,0.9877992821226147,0.6598056729171446,0.000462962962962963,0.999537037037037
primary32_u200_solved_pulsedrop_F,update_pulse,primary32,32,False,0.9871488756185497,0.6469623236634247,0.0007550190377293182,0.9992449809622707
primary32_u200_solved_pulsedrop_Q,update_pulse,primary32,32,False,0.9877992821226147,0.6598056729171446,0.0,1.0
primary32_u200_solved_pulseidentity_stream,update_pulse,primary32,32,False,0.968253467337847,0.5383766404231366,0.002986098196411466,0.9970139018035885
primary32_u200_solved_pulseQ_without_LW,update_pulse,primary32,32,False,0.9877992821226147,0.6593204715585809,0.0024114091082400773,0.9975885908917599
primary32_u200_solved_pulseQ_without_LZ,update_pulse,primary32,32,False,0.9877992821226147,0.6598056729171446,0.0007550190377293182,0.9992449809622707
primary32_u200_solved_pulseQ_without_W,update_pulse,primary32,32,False,0.9877992821226147,0.6598056729171446,0.0034987836042344638,0.9965012163957655
primary32_u200_solved_pulseQ_without_X,update_pulse,primary32,32,False,0.9877992821226147,0.6598056729171446,0.0,1.0
primary32_u200_solved_pulseQ_without_Z,update_pulse,primary32,32,False,0.9877992821226147,0.6598056729171446,0.0007550190377293182,0.9992449809622707
primary32_u200_solved_swapboth,state_swap,primary32,32,False,0.9877992821226147,0.6580385184954279,0.000462962962962963,0.999537037037037
primary32_u200_solved_swaplane0,state_swap,primary32,32,False,0.9877992821226147,0.6590799160433758,0.000462962962962963,0.999537037037037
primary32_u200_solved_swaplane1,state_swap,primary32,32,False,0.9877992821226147,0.6602908742757084,0.000925925925925926,0.999074074074074
primary32_u200_solved_swaplane2,state_swap,primary32,32,False,0.9877992821226147,0.6565871705720048,0.0007550190377293182,0.9992449809622707
primary32_u200_solved_swaplane3,state_swap,primary32,32,False,0.9877992821226147,0.6598056729171446,0.0007550190377293182,0.9992449809622707
primary32_u200_solved_swapnull,state_swap,primary32,32,False,0.9877992821226147,0.6598056729171446,0.0007550190377293182,0.9992449809622707
primary32_u200_solved_swapspan,state_swap,primary32,32,False,0.9877992821226147,0.6598056729171446,0.000462962962962963,0.999537037037037
primary32_u200_solved_swapW,state_swap,primary32,32,False,0.9877992821226147,0.6570723719305686,0.0007550190377293182,0.9992449809622707
primary32_u200_solved_swapZ,state_swap,primary32,32,False,0.9877992821226147,0.6598056729171446,0.000462962962962963,0.999537037037037
primary32_u200_solved_swapZ0,state_swap,primary32,32,False,0.9877992821226147,0.6598056729171446,0.000462962962962963,0.999537037037037
primary32_u200_solved_swapZ1,state_swap,primary32,32,False,0.9877992821226147,0.6598056729171446,0.000462962962962963,0.999537037037037
primary32_u200_solved_swapZ2,state_swap,primary32,32,False,0.9877992821226147,0.6598056729171446,0.000462962962962963,0.999537037037037
primary32_u200_solved_swapZ3,state_swap,primary32,32,False,0.9877992821226147,0.6598056729171446,0.000462962962962963,0.999537037037037
primary32_u200_solved_swapZ4,state_swap,primary32,32,False,0.9877992821226147,0.6598056729171446,0.000462962962962963,0.999537037037037
primary32_u200_solved_swapZ5,state_swap,primary32,32,False,0.9877992821226147,0.6598056729171446,0.000462962962962963,0.999537037037037
primary32_u200_solved_swapZ6,state_swap,primary32,32,False,0.9877992821226147,0.6598056729171446,0.000462962962962963,0.999537037037037
primary32_u200_solved_swapZ7,state_swap,primary32,32,False,0.9877992821226147,0.6598056729171446,0.000462962962962963,0.999537037037037
primary64_baseline195,baseline,primary64,64,False,0.9885410753643114,0.43771507398954734,0.014849951175986607,0.984921621465809
primary64_baseline200,baseline,primary64,64,False,0.999750499001996,0.5127465989970208,0.0002887679680686911,0.9997112320319312
primary64_crossS195_D195_R195,cross_continuation,primary64,64,False,0.9885410753643114,0.43771507398954734,0.014849951175986607,0.984921621465809
primary64_crossS195_D195_R200,cross_continuation,primary64,64,False,0.9885410753643114,0.4395569804229847,0.01430088761944982,0.9854708873548348
primary64_crossS195_D200_R195,cross_continuation,primary64,64,False,0.9835037334136707,0.509765142545263,0.010420516449181842,0.9862291503483896
primary64_crossS195_D200_R200,cross_continuation,primary64,64,False,0.9842073420210736,0.510836351450123,0.010176462962811895,0.9860869435368138
primary64_crossS200_D195_R195,cross_continuation,primary64,64,False,0.9966317365269461,0.4559786269711193,0.0004443905660623574,0.9995556094339377
primary64_crossS200_D195_R200,cross_continuation,primary64,64,False,0.9966317365269461,0.45600531873672284,0.00035677667318294575,0.9996432233268171
primary64_crossS200_D200_R195,cross_continuation,primary64,64,False,0.999750499001996,0.5128471379584632,0.0002891117712538768,0.9997108882287461
primary64_crossS200_D200_R200,cross_continuation,primary64,64,False,0.999750499001996,0.5127465989970208,0.0002887679680686911,0.9997112320319312
primary64_factorial_E,factorial,primary64,64,False,0.9861997406235536,0.4331698155085488,0.014036614346487019,0.9858149295965059
primary64_factorial_EF,factorial,primary64,64,False,0.9774390609240547,0.4527647065765645,0.020516547123239144,0.9731376308969004
primary64_factorial_EFQ,factorial,primary64,64,False,0.999750499001996,0.5128471379584632,0.0002891117712538768,0.9997108882287461
primary64_factorial_EFQR,factorial,primary64,64,False,0.999750499001996,0.5127465989970208,0.0002887679680686911,0.9997112320319312
primary64_factorial_EFR,factorial,primary64,64,False,0.9784604129491833,0.4541754239433433,0.020301146451091434,0.9730605950434406
primary64_factorial_EQ,factorial,primary64,64,False,0.7011805870554526,0.3798482371141202,0.2672559935809957,0.7327440064190043
primary64_factorial_EQR,factorial,primary64,64,False,0.7011805870554526,0.3801699403367519,0.2672078901148777,0.7327921098851223
primary64_factorial_ER,factorial,primary64,64,False,0.9861997406235536,0.43134333391358415,0.013815312374767784,0.9860362315682252
primary64_factorial_F,factorial,primary64,64,False,0.9785491270329804,0.45921306660312744,0.021631726682001175,0.9720860974932138
primary64_factorial_FQ,factorial,primary64,64,False,0.6982568850309123,0.35677033287892895,0.21853433402346445,0.7665415804002761
primary64_factorial_FQR,factorial,primary64,64,False,0.6979953787547617,0.35642771645585725,0.21826006881747823,0.7667476857922064
primary64_factorial_FR,factorial,primary64,64,False,0.9791395257759112,0.4628021825448744,0.021079182709545115,0.9729477940593804
primary64_factorial_none,factorial,primary64,64,False,0.9885410753643114,0.43771507398954734,0.014849951175986607,0.984921621465809
primary64_factorial_Q,factorial,primary64,64,False,0.25770853675547495,0.23324493682320013,0.7309373350907556,0.2662330101271278
primary64_factorial_QR,factorial,primary64,64,False,0.2575917143255684,0.23397878587282928,0.7307155869548028,0.2663663434604611
primary64_factorial_R,factorial,primary64,64,False,0.9885410753643114,0.4395569804229847,0.01430088761944982,0.9854708873548348
primary64_lambda01,interpolation,primary64,64,False,0.9898396272733236,0.42248256397322054,0.012382794529256324,0.9876172054707437
primary64_lambda02,interpolation,primary64,64,False,0.9908931071961308,0.4315434027473683,0.012413333003822804,0.9875866669961773
primary64_lambda03,interpolation,primary64,64,False,0.99368978784249,0.4700932560896672,0.009336622439219589,0.9906633775607805
primary64_lambda04,interpolation,primary64,64,False,0.9955340981340591,0.5043734935758135,0.008086764408749307,0.9916890673983325
primary64_lambda05,interpolation,primary64,64,False,0.9967485411342919,0.48013232533505507,0.005679907953500952,0.9936881543826931
primary64_lambda06,interpolation,primary64,64,False,0.9976217946273058,0.48648489879304396,0.0033471351452549394,0.9962560777401814
primary64_lambda07,interpolation,primary64,64,False,0.999001996007984,0.49393395166996557,0.0019287124776613189,0.9979455329951756
primary64_lambda08,interpolation,primary64,64,False,0.99937624750499,0.49826427770174586,0.0012336330031973135,0.9987663669968028
primary64_lambda09,interpolation,primary64,64,False,0.999750499001996,0.5044594469881527,0.0007508781214506606,0.9992491218785493
primary64_local195from200_frontier_both,local_transplant,primary64,64,False,0.9885410753643114,0.43771507398954734,0.014849951175986607,0.984921621465809
primary64_local195from200_frontier_W,local_transplant,primary64,64,False,0.9885410753643114,0.43771507398954734,0.014849951175986607,0.984921621465809
primary64_local195from200_frontier_Z,local_transplant,primary64,64,False,0.9885410753643114,0.43771507398954734,0.014849951175986607,0.984921621465809
primary64_local195from200_solved_both,local_transplant,primary64,64,False,0.9885410753643114,0.43862991400387386,0.014240292386279364,0.9856108980899112
primary64_local195from200_solved_W,local_transplant,primary64,64,False,0.9885410753643114,0.4380451996836155,0.014855816106633803,0.9849157565351618
primary64_local195from200_solved_Z,local_transplant,primary64,64,False,0.9885410753643114,0.4379884206957351,0.014080459934780246,0.9857707305414103
primary64_local200from195_frontier_both,local_transplant,primary64,64,False,0.999750499001996,0.5128277678281897,0.0003585224323544054,0.9996414775676457
primary64_local200from195_frontier_W,local_transplant,primary64,64,False,0.999750499001996,0.5128319377920371,0.0002887679680686911,0.9997112320319312
primary64_local200from195_frontier_Z,local_transplant,primary64,64,False,0.999750499001996,0.5127465989970208,0.0003585224323544054,0.9996414775676457
primary64_local200from195_solved_both,local_transplant,primary64,64,False,0.999750499001996,0.5116164000820118,0.0002887679680686911,0.9997112320319312
primary64_local200from195_solved_W,local_transplant,primary64,64,False,0.999750499001996,0.5116164000820118,0.0002887679680686911,0.9997112320319312
primary64_local200from195_solved_Z,local_transplant,primary64,64,False,0.999750499001996,0.5127465989970208,0.0002887679680686911,0.9997112320319312
primary64_u195_frontier_pulsedrop_F,update_pulse,primary64,64,False,0.9882301300906795,0.43705845260552517,0.014955771578409686,0.9848158010633858
primary64_u195_frontier_pulsedrop_Q,update_pulse,primary64,64,False,0.9878618469385102,0.4282155536979464,0.01518668570331891,0.9845848869384766
primary64_u195_frontier_pulseidentity_stream,update_pulse,primary64,64,False,0.9900399513244094,0.41613601518519683,0.008188222840561962,0.9918117771594381
primary64_u195_frontier_pulseQ_without_LW,update_pulse,primary64,64,False,0.9873373214830061,0.42409615662111594,0.01512672361237329,0.9846448490294223
primary64_u195_frontier_pulseQ_without_LZ,update_pulse,primary64,64,False,0.9885410753643114,0.43771507398954734,0.01508716341032528,0.9846844092314703
primary64_u195_frontier_pulseQ_without_W,update_pulse,primary64,64,False,0.9885410753643114,0.44098625586070944,0.014927679026386028,0.9848438936154096
primary64_u195_frontier_pulseQ_without_X,update_pulse,primary64,64,False,0.9885410753643114,0.43771507398954734,0.014849951175986607,0.984921621465809
primary64_u195_frontier_pulseQ_without_Z,update_pulse,primary64,64,False,0.9885410753643114,0.43771507398954734,0.014849951175986607,0.984921621465809
primary64_u195_frontier_swapboth,state_swap,primary64,64,False,0.988620755261292,0.42815250122994364,0.010471736389653392,0.9895282636103466
primary64_u195_frontier_swaplane0,state_swap,primary64,64,False,0.9874892812260319,0.4307077824369887,0.014383466985413169,0.9854677234907773
primary64_u195_frontier_swaplane1,state_swap,primary64,64,False,0.9884118958535104,0.43593057459969214,0.013205598606849226,0.9867147835587559
primary64_u195_frontier_swaplane2,state_swap,primary64,64,False,0.9877731637071298,0.42922470886406006,0.01422417820083181,0.9855473944409637
primary64_u195_frontier_swaplane3,state_swap,primary64,64,False,0.9889108978495185,0.44346832539292924,0.013103796773764513,0.9868962032262355
primary64_u195_frontier_swapnull,state_swap,primary64,64,False,0.9885410753643114,0.43753098093828274,0.014750428882992977,0.9850211437588026
primary64_u195_frontier_swapspan,state_swap,primary64,64,False,0.9881712528791042,0.43762261836824556,0.014773358038731706,0.9849982146030638
primary64_u195_frontier_swapW,state_swap,primary64,64,False,0.988620755261292,0.4312385083600684,0.010415840598849464,0.9895841594011505
primary64_u195_frontier_swapZ,state_swap,primary64,64,False,0.9885410753643114,0.43753098093828274,0.014673835745738075,0.9850977368960575
primary64_u195_frontier_swapZ0,state_swap,primary64,64,False,0.9885410753643114,0.4376111167462562,0.014848715066763996,0.9849228575750315
primary64_u195_frontier_swapZ1,state_swap,primary64,64,False,0.9885410753643114,0.43771507398954734,0.014849951175986607,0.984921621465809
primary64_u195_frontier_swapZ2,state_swap,primary64,64,False,0.9885410753643114,0.4376631427936514,0.014849332149591322,0.9849222404922042
primary64_u195_frontier_swapZ3,state_swap,primary64,64,False,0.9885410753643114,0.4375795636392758,0.015251683353693774,0.9845198892881017
primary64_u195_frontier_swapZ4,state_swap,primary64,64,False,0.9885410753643114,0.43701400918251143,0.015486663511895057,0.9842850104248553
primary64_u195_frontier_swapZ5,state_swap,primary64,64,False,0.9885410753643114,0.4376631427936514,0.014849332149591322,0.9849222404922042
primary64_u195_frontier_swapZ6,state_swap,primary64,64,False,0.9885410753643114,0.43752067391216337,0.01509673061012053,0.9846749433266297
primary64_u195_frontier_swapZ7,state_swap,primary64,64,False,0.9885410753643114,0.43756161958231976,0.015076649469125656,0.9846950244676246
primary64_u195_solved_pulsedrop_F,update_pulse,primary64,64,False,0.9873313531381693,0.42827218026574326,0.014423700085372049,0.9854274903908185
primary64_u195_solved_pulsedrop_Q,update_pulse,primary64,64,False,0.9889108978495185,0.43771507398954734,0.01494269693650813,0.9848288757052874
primary64_u195_solved_pulseidentity_stream,update_pulse,primary64,64,False,0.9679046032842923,0.2851818186807319,0.012023228417720631,0.9879767715822794
primary64_u195_solved_pulseQ_without_LW,update_pulse,primary64,64,False,0.9874920244533031,0.4365164881660407,0.026516687570958337,0.9734833124290416
primary64_u195_solved_pulseQ_without_LZ,update_pulse,primary64,64,False,0.9885410753643114,0.43771507398954734,0.014734102044974686,0.9850374705968208
primary64_u195_solved_pulseQ_without_W,update_pulse,primary64,64,False,0.9885410753643114,0.43771507398954734,0.014286736445859934,0.9854848361959356
primary64_u195_solved_pulseQ_without_X,update_pulse,primary64,64,False,0.9885410753643114,0.43771507398954734,0.01508716341032528,0.9846844092314703
primary64_u195_solved_pulseQ_without_Z,update_pulse,primary64,64,False,0.9885410753643114,0.43771507398954734,0.014849951175986607,0.984921621465809
primary64_u195_solved_swapboth,state_swap,primary64,64,False,0.9875567315303595,0.4336391978021925,0.013089511569455765,0.9866820610723398
primary64_u195_solved_swaplane0,state_swap,primary64,64,False,0.9880989730330592,0.43711547765421405,0.014567004606061596,0.985204568035734
primary64_u195_solved_swaplane1,state_swap,primary64,64,False,0.9886569678397156,0.4372653983900159,0.01408905996251346,0.9856825126792821
primary64_u195_solved_swaplane2,state_swap,primary64,64,False,0.9872266316719868,0.4316851037882881,0.014513340624545422,0.9852582320172502
primary64_u195_solved_swaplane3,state_swap,primary64,64,False,0.9880420733683033,0.43737924594638666,0.014376570164921425,0.9853950024768741
primary64_u195_solved_swapnull,state_swap,primary64,64,False,0.9885410753643114,0.43771507398954734,0.014701141652177084,0.9850704309896186
primary64_u195_solved_swapspan,state_swap,primary64,64,False,0.9885410753643114,0.43771507398954734,0.014750428882992977,0.9850211437588026
primary64_u195_solved_swapW,state_swap,primary64,64,False,0.9874240351397012,0.4335761301937162,0.013089511569455765,0.9866820610723398
primary64_u195_solved_swapZ,state_swap,primary64,64,False,0.9885410753643114,0.43771507398954734,0.014750428882992977,0.9850211437588026
primary64_u195_solved_swapZ0,state_swap,primary64,64,False,0.9885410753643114,0.43771507398954734,0.014849951175986607,0.984921621465809
primary64_u195_solved_swapZ1,state_swap,primary64,64,False,0.9885410753643114,0.43771507398954734,0.014849951175986607,0.984921621465809
primary64_u195_solved_swapZ2,state_swap,primary64,64,False,0.9885410753643114,0.43771507398954734,0.014750428882992977,0.9850211437588026
primary64_u195_solved_swapZ3,state_swap,primary64,64,False,0.9885410753643114,0.43771507398954734,0.014750428882992977,0.9850211437588026
primary64_u195_solved_swapZ4,state_swap,primary64,64,False,0.9881712528791042,0.43771507398954734,0.014601619359183454,0.9851699532826121
primary64_u195_solved_swapZ5,state_swap,primary64,64,False,0.9885410753643114,0.43771507398954734,0.014849951175986607,0.984921621465809
primary64_u195_solved_swapZ6,state_swap,primary64,64,False,0.9885410753643114,0.43771507398954734,0.014849951175986607,0.984921621465809
primary64_u195_solved_swapZ7,state_swap,primary64,64,False,0.9885410753643114,0.43771507398954734,0.014849951175986607,0.984921621465809
primary64_u200_frontier_pulsedrop_F,update_pulse,primary64,64,False,0.999750499001996,0.5129778892517393,0.0002887679680686911,0.9997112320319312
primary64_u200_frontier_pulsedrop_Q,update_pulse,primary64,64,False,0.999750499001996,0.5127465989970208,0.0002887679680686911,0.9997112320319312
primary64_u200_frontier_pulseidentity_stream,update_pulse,primary64,64,False,0.999750499001996,0.5090907200499195,0.0009449003374093837,0.9990550996625907
primary64_u200_frontier_pulseQ_without_LW,update_pulse,primary64,64,False,0.999750499001996,0.5127465989970208,0.0002887679680686911,0.9997112320319312
primary64_u200_frontier_pulseQ_without_LZ,update_pulse,primary64,64,False,0.999750499001996,0.5127465989970208,0.0002887679680686911,0.9997112320319312
primary64_u200_frontier_pulseQ_without_W,update_pulse,primary64,64,False,0.999750499001996,0.5127465989970208,0.0002887679680686911,0.9997112320319312
primary64_u200_frontier_pulseQ_without_X,update_pulse,primary64,64,False,0.999750499001996,0.5127465989970208,0.0002887679680686911,0.9997112320319312
primary64_u200_frontier_pulseQ_without_Z,update_pulse,primary64,64,False,0.999750499001996,0.5127465989970208,0.0002887679680686911,0.9997112320319312
primary64_u200_frontier_swapboth,state_swap,primary64,64,False,0.999750499001996,0.5127419415567042,0.0006178585319394675,0.9993821414680606
primary64_u200_frontier_swaplane0,state_swap,primary64,64,False,0.999750499001996,0.5127795305652221,0.0002887679680686911,0.9997112320319312
primary64_u200_frontier_swaplane1,state_swap,primary64,64,False,0.999750499001996,0.5125413444814215,0.0002887679680686911,0.9997112320319312
primary64_u200_frontier_swaplane2,state_swap,primary64,64,False,0.999750499001996,0.512860699396391,0.00048819048214693647,0.999511809517853
primary64_u200_frontier_swaplane3,state_swap,primary64,64,False,0.999750499001996,0.5126654301658521,0.0002887679680686911,0.9997112320319312
primary64_u200_frontier_swapnull,state_swap,primary64,64,False,0.999750499001996,0.5127465989970208,0.0002887679680686911,0.9997112320319312
primary64_u200_frontier_swapspan,state_swap,primary64,64,False,0.999750499001996,0.5127465989970208,0.0002887679680686911,0.9997112320319312
primary64_u200_frontier_swapW,state_swap,primary64,64,False,0.999750499001996,0.5126669115446993,0.0006178585319394675,0.9993821414680606
primary64_u200_frontier_swapZ,state_swap,primary64,64,False,0.999750499001996,0.5127465989970208,0.0002887679680686911,0.9997112320319312
primary64_u200_frontier_swapZ0,state_swap,primary64,64,False,0.999750499001996,0.5127465989970208,0.0002887679680686911,0.9997112320319312
primary64_u200_frontier_swapZ1,state_swap,primary64,64,False,0.999750499001996,0.5127465989970208,0.0002887679680686911,0.9997112320319312
primary64_u200_frontier_swapZ2,state_swap,primary64,64,False,0.999750499001996,0.5127465989970208,0.0002887679680686911,0.9997112320319312
primary64_u200_frontier_swapZ3,state_swap,primary64,64,False,0.999750499001996,0.5127465989970208,0.0002887679680686911,0.9997112320319312
primary64_u200_frontier_swapZ4,state_swap,primary64,64,False,0.999750499001996,0.5126571596250462,0.0002887679680686911,0.9997112320319312
primary64_u200_frontier_swapZ5,state_swap,primary64,64,False,0.999750499001996,0.5127465989970208,0.0002887679680686911,0.9997112320319312
primary64_u200_frontier_swapZ6,state_swap,primary64,64,False,0.999750499001996,0.5127465989970208,0.0002887679680686911,0.9997112320319312
primary64_u200_frontier_swapZ7,state_swap,primary64,64,False,0.999750499001996,0.5127465989970208,0.0002887679680686911,0.9997112320319312
primary64_u200_solved_pulsedrop_F,update_pulse,primary64,64,False,0.999750499001996,0.5091928579147446,0.0002887679680686911,0.9997112320319312
primary64_u200_solved_pulsedrop_Q,update_pulse,primary64,64,False,0.999750499001996,0.5125655618046316,0.0005312652387852372,0.9994687347612148
primary64_u200_solved_pulseidentity_stream,update_pulse,primary64,64,False,0.9970059880239521,0.4060459406322659,0.004168068185972552,0.9958319318140274
primary64_u200_solved_pulseQ_without_LW,update_pulse,primary64,64,False,0.999750499001996,0.5124905317926268,0.0030821856783723287,0.9969178143216277
primary64_u200_solved_pulseQ_without_LZ,update_pulse,primary64,64,False,0.999750499001996,0.5127465989970208,0.00013383297644539615,0.9998661670235546
primary64_u200_solved_pulseQ_without_W,update_pulse,primary64,64,False,0.999750499001996,0.512609762653288,0.004333835114982515,0.9956661648850175
primary64_u200_solved_pulseQ_without_X,update_pulse,primary64,64,False,0.999750499001996,0.5127465989970208,0.0002887679680686911,0.9997112320319312
primary64_u200_solved_pulseQ_without_Z,update_pulse,primary64,64,False,0.999750499001996,0.5127465989970208,0.0002887679680686911,0.9997112320319312
primary64_u200_solved_swapboth,state_swap,primary64,64,False,0.999750499001996,0.5128591671981982,0.00044370295969198606,0.999556297040308
primary64_u200_solved_swaplane0,state_swap,primary64,64,False,0.999750499001996,0.5129172765870533,0.0002887679680686911,0.9997112320319312
primary64_u200_solved_swaplane1,state_swap,primary64,64,False,0.999750499001996,0.5129172765870533,0.0002887679680686911,0.9997112320319312
primary64_u200_solved_swaplane2,state_swap,primary64,64,False,0.999750499001996,0.5129172765870533,0.00035677667318294575,0.9996432233268171
primary64_u200_solved_swaplane3,state_swap,primary64,64,False,0.999750499001996,0.5128422465750485,0.00037569425457773144,0.9996243057454223
primary64_u200_solved_swapnull,state_swap,primary64,64,False,0.999750499001996,0.5127465989970208,0.0002887679680686911,0.9997112320319312
primary64_u200_solved_swapspan,state_swap,primary64,64,False,0.999750499001996,0.5127465989970208,0.0002887679680686911,0.9997112320319312
primary64_u200_solved_swapW,state_swap,primary64,64,False,0.999750499001996,0.5128591671981982,0.00044370295969198606,0.999556297040308
primary64_u200_solved_swapZ,state_swap,primary64,64,False,0.999750499001996,0.5127465989970208,0.0002887679680686911,0.9997112320319312
primary64_u200_solved_swapZ0,state_swap,primary64,64,False,0.999750499001996,0.5127465989970208,0.0002887679680686911,0.9997112320319312
primary64_u200_solved_swapZ1,state_swap,primary64,64,False,0.999750499001996,0.5127465989970208,0.0002887679680686911,0.9997112320319312
primary64_u200_solved_swapZ2,state_swap,primary64,64,False,0.999750499001996,0.5127465989970208,0.0002887679680686911,0.9997112320319312
primary64_u200_solved_swapZ3,state_swap,primary64,64,False,0.999750499001996,0.5127465989970208,0.0002887679680686911,0.9997112320319312
primary64_u200_solved_swapZ4,state_swap,primary64,64,False,0.999750499001996,0.5127465989970208,0.0002887679680686911,0.9997112320319312
primary64_u200_solved_swapZ5,state_swap,primary64,64,False,0.999750499001996,0.5127465989970208,0.0002887679680686911,0.9997112320319312
primary64_u200_solved_swapZ6,state_swap,primary64,64,False,0.999750499001996,0.5127465989970208,0.0002887679680686911,0.9997112320319312
primary64_u200_solved_swapZ7,state_swap,primary64,64,False,0.999750499001996,0.5127465989970208,0.0002887679680686911,0.9997112320319312
